id,query,language,difficulty,transformation_types,ontology,gold_mode,gold_targets,acceptable_target_sets,predicted_ranking,confidence,closest_competing_template,source_seed_id,validation_status,partition,challenge_type,abstained,system_error
vir-v2-anchor-vir-s01,单词,zh,high,"[""manual_anchor""]","{""subject_event"":""language vocabulary on a chosen topic"",""information_type"":""bilingual vocabulary learning"",""style_layout"":""illustrated card grid or visual guide""}",single,"[""template-vocabulary""]",[],[],0,template-education-card,vir-s01,approved,core,,true,
vir-v2-anchor-vir-s02,homophones and homonyms,en,medium,"[""manual_anchor""]","{""subject_event"":""English confusing word relationships"",""information_type"":""definition and distinction"",""style_layout"":""boxed educational word-list infographic""}",single,"[""template-english-grammar-wordlist-infographic""]",[],[],0.036649,template-english-grammar-wordlist-infographic,vir-s02,approved,core,,true,
vir-v2-anchor-vir-s03,家居装饰,zh,medium,"[""manual_anchor""]","{""subject_event"":""interior space design"",""information_type"":""style and material inspiration"",""style_layout"":""interior mood board""}",single,"[""template-interior-design-mood-board-generator""]",[],[],0,template-education-card,vir-s03,approved,core,,true,
vir-v2-anchor-vir-s04,趣味经济学知识科普,zh,medium,"[""manual_anchor""]","{""subject_event"":""general educational topic"",""information_type"":""accessible explanation and key facts"",""style_layout"":""modular 3:4 knowledge card infographic""}",single,"[""template-education-card""]",[],[],0.003012,template-education-card,vir-s04,approved,core,,true,
vir-v2-anchor-vir-s05,chiikawa,en,medium,"[""manual_anchor""]","{""subject_event"":""fandom or themed character ensemble"",""information_type"":""character collection and showcase"",""style_layout"":""vertical cinematic character grid poster""}",single,"[""template-fandom-character-grid-poster""]",[],[],0.011864,template-fandom-character-grid-poster,vir-s05,approved,core,,true,
vir-v2-anchor-vir-s06,cozy reading aesthetic,en,medium,"[""manual_anchor""]","{""subject_event"":""cozy everyday lifestyle"",""information_type"":""tips, habits, or aesthetic inspiration"",""style_layout"":""warm watercolor infographic poster""}",single,"[""template-lifestyle-watercolor-infographic""]",[],[],0.042991,template-lifestyle-watercolor-infographic,vir-s06,approved,core,,true,
vir-v2-anchor-vir-s07,remote destination,en,high,"[""manual_anchor""]","{""subject_event"":""destination trip"",""information_type"":""itinerary and route planning"",""style_layout"":""cute hand-drawn map with daily blocks""}",single,"[""template-travel""]",[],[],0.031359,template-travel,vir-s07,approved,core,,true,
vir-v2-anchor-vir-s08,paper cutting,en,medium,"[""manual_anchor""]","{""subject_event"":""traditional heritage craft"",""information_type"":""history, process, meaning, and preservation"",""style_layout"":""dense A3 heritage information board""}",single,"[""template-intangible-heritage""]",[],[],0.023009,template-intangible-heritage,vir-s08,approved,core,,true,
vir-v2-anchor-vir-s09,cuban sandwich recipe poster,en,low,"[""manual_anchor""]","{""subject_event"":""named dish"",""information_type"":""ingredients and cooking instructions"",""style_layout"":""food-photography recipe poster""}",single,"[""template-recipe""]",[],[],0.055762,template-recipe,vir-s09,approved,core,,true,
vir-v2-anchor-vir-s10,marvel mbti character chart 16 types,en,medium,"[""manual_anchor""]","{""subject_event"":""MBTI types or MBTI-mapped character set"",""information_type"":""personality classification and behavior comparison"",""style_layout"":""labeled cartoon multi-character chart""}",single,"[""template-mbti-generic""]",[],[],0.057878,template-mbti-generic,vir-s10,approved,core,,true,
vir-v2-anchor-vir-s11,植物,zh,high,"[""manual_anchor""]","{""subject_event"":""single plant or animal species"",""information_type"":""scientific facts, anatomy, habitat, and conservation"",""style_layout"":""central-species modular science infographic""}",single,"[""template-species-science""]",[],[],0,template-education-card,vir-s11,approved,core,,true,
vir-v2-anchor-vir-s12,historical character,en,medium,"[""manual_anchor""]","{""subject_event"":""single famous or historical person"",""information_type"":""life principles, habits, and lessons"",""style_layout"":""portrait-led educational principles infographic""}",single,"[""template-figure-principles-infographic""]",[],[],0.033898,template-fandom-character-grid-poster,vir-s12,approved,core,,true,
vir-v2-anchor-vir-s13,香薰,zh,medium,"[""manual_anchor""]","{""subject_event"":""small home or lifestyle product"",""information_type"":""promotion and feature highlighting"",""style_layout"":""warm single-product advertising poster""}",single,"[""template-product-poster""]",[],[],0,template-education-card,vir-s13,approved,core,,true,
vir-v2-anchor-vir-s14,met gala,en,medium,"[""manual_anchor""]","{""subject_event"":""couture gown inspired by a theme"",""information_type"":""fashion concept development and annotation"",""style_layout"":""gown design sheet with technical sketch""}",single,"[""template-fashion-inspired-gown-design-sheet""]",[],[],0.015038,template-fashion-inspired-gown-design-sheet,vir-s14,approved,core,,true,
vir-v2-anchor-vir-s15,infj vs entp dating compatibility chart,en,low,"[""manual_anchor""]","{""subject_event"":""pair of MBTI personality types"",""information_type"":""relationship compatibility comparison"",""style_layout"":""cute dual-character comparison infographic""}",single,"[""template-mbti-personality-compatibility-infographic""]",[],[],0.097448,template-mbti-personality-compatibility-infographic,vir-s15,approved,core,,true,
vir-v2-core-vir-s01-05,帮我做一个 English-French daily routines 的插画单词卡组，labels 清楚一点。,mixed,low,"[""different_example"",""explicit_artifact""]","{""subject_event"":""language vocabulary on a chosen topic"",""information_type"":""bilingual vocabulary learning"",""style_layout"":""illustrated card grid or visual guide""}",single,"[""template-vocabulary""]",[],[],0.076923,template-vocabulary,vir-s01,auto_accepted,core,,true,
vir-v2-core-vir-s01-06,请制作一张中英太空词汇的课堂词汇九宫格。,zh,low,"[""different_example"",""explicit_artifact""]","{""subject_event"":""language vocabulary on a chosen topic"",""information_type"":""bilingual vocabulary learning"",""style_layout"":""illustrated card grid or visual guide""}",single,"[""template-vocabulary""]",[],[],0.016364,template-vocabulary,vir-s01,auto_accepted,core,,true,
vir-v2-core-vir-s01-14,能不能把中英农场动物词汇做成插画单词卡组？给初学者看，风格清爽，竖版 4:5。,zh,medium,"[""paraphrase"",""conversational"",""audience_modifier"",""aspect_ratio_modifier""]","{""subject_event"":""language vocabulary on a chosen topic"",""information_type"":""bilingual vocabulary learning"",""style_layout"":""illustrated card grid or visual guide""}",single,"[""template-vocabulary""]",[],[],0.019231,template-vocabulary,vir-s01,auto_accepted,core,,true,
vir-v2-core-vir-s01-16,能不能把中英太空词汇做成双语词汇海报？给初学者看，风格清爽，竖版 4:5。,zh,medium,"[""paraphrase"",""conversational"",""audience_modifier"",""aspect_ratio_modifier""]","{""subject_event"":""language vocabulary on a chosen topic"",""information_type"":""bilingual vocabulary learning"",""style_layout"":""illustrated card grid or visual guide""}",single,"[""template-vocabulary""]",[],[],0.015734,template-vocabulary,vir-s01,auto_accepted,core,,true,
vir-v2-core-vir-s01-22,英韩厨房用品词汇，想做成一眼能看懂的竖版视觉，给新手看，别太学术哈,zh,high,"[""implicit_intent"",""underspecified"",""typo_noise"",""boundary_nearby""]","{""subject_event"":""language vocabulary on a chosen topic"",""information_type"":""bilingual vocabulary learning"",""style_layout"":""illustrated card grid or visual guide""}",single,"[""template-vocabulary""]",[],[],0.014085,template-vocabulary,vir-s01,needs_review,core,,true,
vir-v2-core-vir-s01-24,中英农场动物词汇，想做成一眼能看懂的竖版视觉，给新手看，别太学术哈,zh,high,"[""implicit_intent"",""underspecified"",""typo_noise"",""boundary_nearby""]","{""subject_event"":""language vocabulary on a chosen topic"",""information_type"":""bilingual vocabulary learning"",""style_layout"":""illustrated card grid or visual guide""}",single,"[""template-vocabulary""]",[],[],0.014085,template-vocabulary,vir-s01,needs_review,core,,true,
vir-v2-core-vir-s01-26,Need English-Chinese space terms，信息要一眼扫懂但别做成 generic poster，竖版 pls,mixed,high,"[""implicit_intent"",""code_switch"",""typo_noise"",""boundary_nearby""]","{""subject_event"":""language vocabulary on a chosen topic"",""information_type"":""bilingual vocabulary learning"",""style_layout"":""illustrated card grid or visual guide""}",single,"[""template-vocabulary""]",[],[],0.073427,template-vocabulary,vir-s01,needs_review,core,,true,
vir-v2-core-vir-s01-27,英西身体部位词汇，想做成一眼能看懂的竖版视觉，给新手看，别太学术哈,zh,high,"[""implicit_intent"",""underspecified"",""layout_modifier"",""boundary_nearby""]","{""subject_event"":""language vocabulary on a chosen topic"",""information_type"":""bilingual vocabulary learning"",""style_layout"":""illustrated card grid or visual guide""}",single,"[""template-vocabulary""]",[],[],0.014085,template-vocabulary,vir-s01,needs_review,core,,true,
vir-v2-core-vir-s02-03,请制作一张there、their 和 they're 易混词的英语词对科普卡。,zh,low,"[""different_example"",""explicit_artifact""]","{""subject_event"":""English confusing word relationships"",""information_type"":""definition and distinction"",""style_layout"":""boxed educational word-list infographic""}",single,"[""template-english-grammar-wordlist-infographic""]",[],[],0.049914,template-english-grammar-wordlist-infographic,vir-s02,auto_accepted,core,,true,
vir-v2-core-vir-s02-06,请制作一张一词多义英语词汇的英语词对科普卡。,zh,low,"[""different_example"",""explicit_artifact""]","{""subject_event"":""English confusing word relationships"",""information_type"":""definition and distinction"",""style_layout"":""boxed educational word-list infographic""}",single,"[""template-english-grammar-wordlist-infographic""]",[],[],0.018966,template-english-grammar-wordlist-infographic,vir-s02,auto_accepted,core,,true,
vir-v2-core-vir-s02-14,能不能把sea 和 see 这类同音词做成同音词课堂海报？给初学者看，风格清爽，竖版 4:5。,zh,medium,"[""paraphrase"",""conversational"",""audience_modifier"",""aspect_ratio_modifier""]","{""subject_event"":""English confusing word relationships"",""information_type"":""definition and distinction"",""style_layout"":""boxed educational word-list infographic""}",single,"[""template-english-grammar-wordlist-infographic""]",[],[],0.034826,template-english-grammar-wordlist-infographic,vir-s02,auto_accepted,core,,true,
vir-v2-core-vir-s02-16,能不能把一词多义英语词汇做成英语易混词信息图？给初学者看，风格清爽，竖版 4:5。,zh,medium,"[""paraphrase"",""conversational"",""audience_modifier"",""aspect_ratio_modifier""]","{""subject_event"":""English confusing word relationships"",""information_type"":""definition and distinction"",""style_layout"":""boxed educational word-list infographic""}",single,"[""template-english-grammar-wordlist-infographic""]",[],[],0.023256,template-english-grammar-wordlist-infographic,vir-s02,auto_accepted,core,,true,
vir-v2-core-vir-s02-19,能不能把配卡通例子的英语同音词做成英语易混词信息图？给初学者看，风格清爽，竖版 4:5。,zh,medium,"[""paraphrase"",""conversational"",""audience_modifier"",""style_modifier""]","{""subject_event"":""English confusing word relationships"",""information_type"":""definition and distinction"",""style_layout"":""boxed educational word-list infographic""}",single,"[""template-english-grammar-wordlist-infographic""]",[],[],0.028239,template-english-grammar-wordlist-infographic,vir-s02,auto_accepted,core,,true,
vir-v2-core-vir-s02-22,带简短释义的英语同形同音词，想做成一眼能看懂的竖版视觉，给新手看，别太学术哈,zh,high,"[""implicit_intent"",""underspecified"",""typo_noise"",""boundary_nearby""]","{""subject_event"":""English confusing word relationships"",""information_type"":""definition and distinction"",""style_layout"":""boxed educational word-list infographic""}",single,"[""template-english-grammar-wordlist-infographic""]",[],[],0.021703,template-english-grammar-wordlist-infographic,vir-s02,needs_review,core,,true,
vir-v2-core-vir-s02-23,"there their and they're — make the subject, key details, and visual organization instantly scannable; informal tone, 4:5 pls",en,high,"[""implicit_intent"",""underspecified"",""layout_modifier"",""boundary_nearby""]","{""subject_event"":""English confusing word relationships"",""information_type"":""definition and distinction"",""style_layout"":""boxed educational word-list infographic""}",single,"[""template-english-grammar-wordlist-infographic""]",[],[],0.084298,template-species-science,vir-s02,needs_review,core,,true,
vir-v2-core-vir-s02-24,sea 和 see 这类同音词，想做成一眼能看懂的竖版视觉，给新手看，别太学术哈,zh,high,"[""implicit_intent"",""underspecified"",""typo_noise"",""boundary_nearby""]","{""subject_event"":""English confusing word relationships"",""information_type"":""definition and distinction"",""style_layout"":""boxed educational word-list infographic""}",single,"[""template-english-grammar-wordlist-infographic""]",[],[],0.03005,template-english-grammar-wordlist-infographic,vir-s02,needs_review,core,,true,
vir-v2-core-vir-s02-26,Need English words with two meanings，信息要一眼扫懂但别做成 generic poster，竖版 pls,mixed,high,"[""implicit_intent"",""code_switch"",""typo_noise"",""boundary_nearby""]","{""subject_event"":""English confusing word relationships"",""information_type"":""definition and distinction"",""style_layout"":""boxed educational word-list infographic""}",single,"[""template-english-grammar-wordlist-infographic""]",[],[],0.079602,template-english-grammar-wordlist-infographic,vir-s02,needs_review,core,,true,
vir-v2-core-vir-s02-29,配卡通例子的英语同音词，想做成一眼能看懂的竖版视觉，给新手看，别太学术哈,zh,high,"[""implicit_intent"",""underspecified"",""layout_modifier"",""boundary_nearby""]","{""subject_event"":""English confusing word relationships"",""information_type"":""definition and distinction"",""style_layout"":""boxed educational word-list infographic""}",single,"[""template-english-grammar-wordlist-infographic""]",[],[],0.018364,template-english-grammar-wordlist-infographic,vir-s02,needs_review,core,,true,
vir-v2-core-vir-s03-03,请制作一张童趣婴儿房的家居软装灵感板。,zh,low,"[""different_example"",""explicit_artifact""]","{""subject_event"":""interior space design"",""information_type"":""style and material inspiration"",""style_layout"":""interior mood board""}",single,"[""template-interior-design-mood-board-generator""]",[],[],0.013817,template-interior-design-mood-board-generator,vir-s03,auto_accepted,core,,true,
vir-v2-core-vir-s03-04,Create an interior mood board for small home office.,en,low,"[""different_example"",""explicit_artifact""]","{""subject_event"":""interior space design"",""information_type"":""style and material inspiration"",""style_layout"":""interior mood board""}",single,"[""template-interior-design-mood-board-generator""]",[],[],0.086655,template-interior-design-mood-board-generator,vir-s03,auto_accepted,core,,true,
vir-v2-core-vir-s03-07,Create an interior mood board for sage green kitchen.,en,low,"[""different_example"",""explicit_artifact""]","{""subject_event"":""interior space design"",""information_type"":""style and material inspiration"",""style_layout"":""interior mood board""}",single,"[""template-interior-design-mood-board-generator""]",[],[],0.088388,template-interior-design-mood-board-generator,vir-s03,auto_accepted,core,,true,
vir-v2-core-vir-s03-09,Create a decor concept sheet for mid-century reading nook.,en,low,"[""different_example"",""explicit_artifact""]","{""subject_event"":""interior space design"",""information_type"":""style and material inspiration"",""style_layout"":""interior mood board""}",single,"[""template-interior-design-mood-board-generator""]",[],[],0.097054,template-interior-design-mood-board-generator,vir-s03,auto_accepted,core,,true,
vir-v2-core-vir-s03-10,帮我做一个 pet-friendly studio apartment 的室内设计情绪板，labels 清楚一点。,mixed,low,"[""different_example"",""explicit_artifact""]","{""subject_event"":""interior space design"",""information_type"":""style and material inspiration"",""style_layout"":""interior mood board""}",single,"[""template-interior-design-mood-board-generator""]",[],[],0.067568,template-interior-design-mood-board-generator,vir-s03,auto_accepted,core,,true,
vir-v2-core-vir-s03-13,童趣婴儿房 做成 an interior mood board，for beginners，4:5 竖版。,mixed,medium,"[""paraphrase"",""conversational"",""audience_modifier"",""style_modifier""]","{""subject_event"":""interior space design"",""information_type"":""style and material inspiration"",""style_layout"":""interior mood board""}",single,"[""template-interior-design-mood-board-generator""]",[],[],0.058824,template-interior-design-mood-board-generator,vir-s03,auto_accepted,core,,true,
vir-v2-core-vir-s03-14,能不能把小户型家庭办公室做成空间配色材质板？给初学者看，风格清爽，竖版 4:5。,zh,medium,"[""paraphrase"",""conversational"",""audience_modifier"",""aspect_ratio_modifier""]","{""subject_event"":""interior space design"",""information_type"":""style and material inspiration"",""style_layout"":""interior mood board""}",single,"[""template-interior-design-mood-board-generator""]",[],[],0.019967,template-interior-design-mood-board-generator,vir-s03,auto_accepted,core,,true,
vir-v2-core-vir-s03-19,能不能把中古风阅读角做成室内设计情绪板？给初学者看，风格清爽，竖版 4:5。,zh,medium,"[""paraphrase"",""conversational"",""audience_modifier"",""style_modifier""]","{""subject_event"":""interior space design"",""information_type"":""style and material inspiration"",""style_layout"":""interior mood board""}",single,"[""template-interior-design-mood-board-generator""]",[],[],0.016639,template-interior-design-mood-board-generator,vir-s03,auto_accepted,core,,true,
vir-v2-core-vir-s03-23,"playful nursery room — make the subject, key details, and visual organization instantly scannable; informal tone, 4:5 pls",en,high,"[""implicit_intent"",""underspecified"",""layout_modifier"",""boundary_nearby""]","{""subject_event"":""interior space design"",""information_type"":""style and material inspiration"",""style_layout"":""interior mood board""}",single,"[""template-interior-design-mood-board-generator""]",[],[],0.0859,template-vocabulary,vir-s03,needs_review,core,,true,
vir-v2-core-vir-s03-24,小户型家庭办公室，想做成一眼能看懂的竖版视觉，给新手看，别太学术哈,zh,high,"[""implicit_intent"",""underspecified"",""typo_noise"",""boundary_nearby""]","{""subject_event"":""interior space design"",""information_type"":""style and material inspiration"",""style_layout"":""interior mood board""}",single,"[""template-interior-design-mood-board-generator""]",[],[],0.0134,template-interior-design-mood-board-generator,vir-s03,needs_review,core,,true,
vir-v2-core-vir-s03-27,鼠尾草绿厨房，想做成一眼能看懂的竖版视觉，给新手看，别太学术哈,zh,high,"[""implicit_intent"",""underspecified"",""layout_modifier"",""boundary_nearby""]","{""subject_event"":""interior space design"",""information_type"":""style and material inspiration"",""style_layout"":""interior mood board""}",single,"[""template-interior-design-mood-board-generator""]",[],[],0.01005,template-interior-design-mood-board-generator,vir-s03,needs_review,core,,true,
vir-v2-core-vir-s03-29,中古风阅读角，想做成一眼能看懂的竖版视觉，给新手看，别太学术哈,zh,high,"[""implicit_intent"",""underspecified"",""layout_modifier"",""boundary_nearby""]","{""subject_event"":""interior space design"",""information_type"":""style and material inspiration"",""style_layout"":""interior mood board""}",single,"[""template-interior-design-mood-board-generator""]",[],[],0.01005,template-interior-design-mood-board-generator,vir-s03,needs_review,core,,true,
vir-v2-core-vir-s03-30,"pet-friedly studio apartment — make the subject, key details, and visual organization instantly scannable; informal tone, 4:5 pls",en,high,"[""implicit_intent"",""underspecified"",""typo_noise"",""boundary_nearby""]","{""subject_event"":""interior space design"",""information_type"":""style and material inspiration"",""style_layout"":""interior mood board""}",single,"[""template-interior-design-mood-board-generator""]",[],[],0.086677,template-vocabulary,vir-s03,needs_review,core,,true,
vir-v2-core-vir-s04-05,帮我做一个 broken windows theory 的教育解释信息图，labels 清楚一点。,mixed,low,"[""different_example"",""explicit_artifact""]","{""subject_event"":""general educational topic"",""information_type"":""accessible explanation and key facts"",""style_layout"":""modular 3:4 knowledge card infographic""}",single,"[""template-education-card""]",[],[],0.044053,template-education-card,vir-s04,auto_accepted,core,,true,
vir-v2-core-vir-s04-06,请制作一张温室效应的卡通知识长图。,zh,low,"[""different_example"",""explicit_artifact""]","{""subject_event"":""general educational topic"",""information_type"":""accessible explanation and key facts"",""style_layout"":""modular 3:4 knowledge card infographic""}",single,"[""template-education-card""]",[],[],0.008996,template-education-card,vir-s04,auto_accepted,core,,true,
vir-v2-core-vir-s04-07,Create a popular-science knowledge card for muscle growth basics.,en,low,"[""different_example"",""explicit_artifact""]","{""subject_event"":""general educational topic"",""information_type"":""accessible explanation and key facts"",""style_layout"":""modular 3:4 knowledge card infographic""}",single,"[""template-education-card""]",[],[],0.099398,template-education-card,vir-s04,auto_accepted,core,,true,
vir-v2-core-vir-s04-09,Create a cartoon concept card for how interest rates affect us.,en,low,"[""different_example"",""explicit_artifact""]","{""subject_event"":""general educational topic"",""information_type"":""accessible explanation and key facts"",""style_layout"":""modular 3:4 knowledge card infographic""}",single,"[""template-education-card""]",[],[],0.095023,template-education-card,vir-s04,auto_accepted,core,,true,
vir-v2-core-vir-s04-10,帮我做一个 why eclipses occur 的知识科普卡，labels 清楚一点。,mixed,low,"[""different_example"",""explicit_artifact""]","{""subject_event"":""general educational topic"",""information_type"":""accessible explanation and key facts"",""style_layout"":""modular 3:4 knowledge card infographic""}",single,"[""template-education-card""]",[],[],0.036711,template-education-card,vir-s04,auto_accepted,core,,true,
vir-v2-core-vir-s04-16,能不能把温室效应做成知识科普卡？给初学者看，风格清爽，竖版 4:5。,zh,medium,"[""paraphrase"",""conversational"",""audience_modifier"",""aspect_ratio_modifier""]","{""subject_event"":""general educational topic"",""information_type"":""accessible explanation and key facts"",""style_layout"":""modular 3:4 knowledge card infographic""}",single,"[""template-education-card""]",[],[],0.011645,template-education-card,vir-s04,auto_accepted,core,,true,
vir-v2-core-vir-s04-19,能不能把利率如何影响生活做成知识科普卡？给初学者看，风格清爽，竖版 4:5。,zh,medium,"[""paraphrase"",""conversational"",""audience_modifier"",""style_modifier""]","{""subject_event"":""general educational topic"",""information_type"":""accessible explanation and key facts"",""style_layout"":""modular 3:4 knowledge card infographic""}",single,"[""template-education-card""]",[],[],0.017467,template-education-card,vir-s04,auto_accepted,core,,true,
vir-v2-core-vir-s04-25,"broken windows theory — make the subject, key details, and visual organization instantly scannable; informal tone, 4:5 pls",en,high,"[""implicit_intent"",""underspecified"",""layout_modifier"",""boundary_nearby""]","{""subject_event"":""general educational topic"",""information_type"":""accessible explanation and key facts"",""style_layout"":""modular 3:4 knowledge card infographic""}",single,"[""template-education-card""]",[],[],0.093185,template-education-card,vir-s04,needs_review,core,,true,
vir-v2-core-vir-s04-26,Need the greenhouse effect，信息要一眼扫懂但别做成 generic poster，竖版 pls,mixed,high,"[""implicit_intent"",""code_switch"",""typo_noise"",""boundary_nearby""]","{""subject_event"":""general educational topic"",""information_type"":""accessible explanation and key facts"",""style_layout"":""modular 3:4 knowledge card infographic""}",single,"[""template-education-card""]",[],[],0.05225,template-education-card,vir-s04,needs_review,core,,true,
vir-v2-core-vir-s04-27,肌肉增长基础，想做成一眼能看懂的竖版视觉，给新手看，别太学术哈,zh,high,"[""implicit_intent"",""underspecified"",""layout_modifier"",""boundary_nearby""]","{""subject_event"":""general educational topic"",""information_type"":""accessible explanation and key facts"",""style_layout"":""modular 3:4 knowledge card infographic""}",single,"[""template-education-card""]",[],[],0.008759,template-education-card,vir-s04,needs_review,core,,true,
vir-v2-core-vir-s04-29,利率如何影响生活，想做成一眼能看懂的竖版视觉，给新手看，别太学术哈,zh,high,"[""implicit_intent"",""underspecified"",""layout_modifier"",""boundary_nearby""]","{""subject_event"":""general educational topic"",""information_type"":""accessible explanation and key facts"",""style_layout"":""modular 3:4 knowledge card infographic""}",single,"[""template-education-card""]",[],[],0.011679,template-education-card,vir-s04,needs_review,core,,true,
vir-v2-core-vir-s04-30,"why eclises occur — make the subject, key details, and visual organization instantly scannable; informal tone, 4:5 pls",en,high,"[""implicit_intent"",""underspecified"",""typo_noise"",""boundary_nearby""]","{""subject_event"":""general educational topic"",""information_type"":""accessible explanation and key facts"",""style_layout"":""modular 3:4 knowledge card infographic""}",single,"[""template-education-card""]",[],[],0.084371,template-education-card,vir-s04,needs_review,core,,true,
vir-v2-core-vir-s05-03,请制作一张经典动漫主角的电影感群像海报。,zh,low,"[""different_example"",""explicit_artifact""]","{""subject_event"":""fandom or themed character ensemble"",""information_type"":""character collection and showcase"",""style_layout"":""vertical cinematic character grid poster""}",single,"[""template-fandom-character-grid-poster""]",[],[],0.015025,template-fandom-character-grid-poster,vir-s05,auto_accepted,core,,true,
vir-v2-core-vir-s05-06,请制作一张电子游戏女主角的电影感群像海报。,zh,low,"[""different_example"",""explicit_artifact""]","{""subject_event"":""fandom or themed character ensemble"",""information_type"":""character collection and showcase"",""style_layout"":""vertical cinematic character grid poster""}",single,"[""template-fandom-character-grid-poster""]",[],[],0.016694,template-fandom-character-grid-poster,vir-s05,auto_accepted,core,,true,
vir-v2-core-vir-s05-08,请制作一张经典电视剧侦探角色的九人阵容角色墙。,zh,low,"[""different_example"",""explicit_artifact""]","{""subject_event"":""fandom or themed character ensemble"",""information_type"":""character collection and showcase"",""style_layout"":""vertical cinematic character grid poster""}",single,"[""template-fandom-character-grid-poster""]",[],[],0.020033,template-fandom-character-grid-poster,vir-s05,auto_accepted,core,,true,
vir-v2-core-vir-s05-09,Create a cinematic ensemble poster for space opera crew.,en,low,"[""different_example"",""explicit_artifact""]","{""subject_event"":""fandom or themed character ensemble"",""information_type"":""character collection and showcase"",""style_layout"":""vertical cinematic character grid poster""}",single,"[""template-fandom-character-grid-poster""]",[],[],0.099831,template-fandom-character-grid-poster,vir-s05,auto_accepted,core,,true,
vir-v2-core-vir-s05-13,经典动漫主角 做成 a 3x3 fandom character poster，for beginners，4:5 竖版。,mixed,medium,"[""paraphrase"",""conversational"",""audience_modifier"",""style_modifier""]","{""subject_event"":""fandom or themed character ensemble"",""information_type"":""character collection and showcase"",""style_layout"":""vertical cinematic character grid poster""}",single,"[""template-fandom-character-grid-poster""]",[],[],0.071661,template-fandom-character-grid-poster,vir-s05,auto_accepted,core,,true,
vir-v2-core-vir-s05-14,能不能把漫画超级英雄做成九人阵容角色墙？给初学者看，风格清爽，竖版 4:5。,zh,medium,"[""paraphrase"",""conversational"",""audience_modifier"",""aspect_ratio_modifier""]","{""subject_event"":""fandom or themed character ensemble"",""information_type"":""character collection and showcase"",""style_layout"":""vertical cinematic character grid poster""}",single,"[""template-fandom-character-grid-poster""]",[],[],0.016103,template-fandom-character-grid-poster,vir-s05,auto_accepted,core,,true,
vir-v2-core-vir-s05-16,能不能把电子游戏女主角做成九宫格角色海报？给初学者看，风格清爽，竖版 4:5。,zh,medium,"[""paraphrase"",""conversational"",""audience_modifier"",""aspect_ratio_modifier""]","{""subject_event"":""fandom or themed character ensemble"",""information_type"":""character collection and showcase"",""style_layout"":""vertical cinematic character grid poster""}",single,"[""template-fandom-character-grid-poster""]",[],[],0.017713,template-fandom-character-grid-poster,vir-s05,auto_accepted,core,,true,
vir-v2-core-vir-s05-18,经典电视剧侦探角色 做成 a cinematic ensemble poster，for beginners，4:5 竖版。,mixed,medium,"[""paraphrase"",""conversational"",""audience_modifier"",""aspect_ratio_modifier""]","{""subject_event"":""fandom or themed character ensemble"",""information_type"":""character collection and showcase"",""style_layout"":""vertical cinematic character grid poster""}",single,"[""template-fandom-character-grid-poster""]",[],[],0.076672,template-fandom-character-grid-poster,vir-s05,auto_accepted,core,,true,
vir-v2-core-vir-s05-19,能不能把太空歌剧主角团做成九宫格角色海报？给初学者看，风格清爽，竖版 4:5。,zh,medium,"[""paraphrase"",""conversational"",""audience_modifier"",""style_modifier""]","{""subject_event"":""fandom or themed character ensemble"",""information_type"":""character collection and showcase"",""style_layout"":""vertical cinematic character grid poster""}",single,"[""template-fandom-character-grid-poster""]",[],[],0.017713,template-fandom-character-grid-poster,vir-s05,auto_accepted,core,,true,
vir-v2-core-vir-s05-23,"classic anime protagonists — make the subject, key details, and visual organization instantly scannable; informal tone, 4:5 pls",en,high,"[""implicit_intent"",""underspecified"",""layout_modifier"",""boundary_nearby""]","{""subject_event"":""fandom or themed character ensemble"",""information_type"":""character collection and showcase"",""style_layout"":""vertical cinematic character grid poster""}",single,"[""template-fandom-character-grid-poster""]",[],[],0.097039,template-species-science,vir-s05,needs_review,core,,true,
vir-v2-core-vir-s05-24,漫画超级英雄，想做成一眼能看懂的竖版视觉，给新手看，别太学术哈,zh,high,"[""implicit_intent"",""underspecified"",""typo_noise"",""boundary_nearby""]","{""subject_event"":""fandom or themed character ensemble"",""information_type"":""character collection and showcase"",""style_layout"":""vertical cinematic character grid poster""}",single,"[""template-fandom-character-grid-poster""]",[],[],0.009724,template-fandom-character-grid-poster,vir-s05,needs_review,core,,true,
vir-v2-core-vir-s05-26,Need video game heroines，信息要一眼扫懂但别做成 generic poster，竖版 pls,mixed,high,"[""implicit_intent"",""code_switch"",""typo_noise"",""boundary_nearby""]","{""subject_event"":""fandom or themed character ensemble"",""information_type"":""character collection and showcase"",""style_layout"":""vertical cinematic character grid poster""}",single,"[""template-fandom-character-grid-poster""]",[],[],0.05475,template-fandom-character-grid-poster,vir-s05,needs_review,core,,true,
vir-v2-core-vir-s05-28,"icoic TV detectives — make the subject, key details, and visual organization instantly scannable; informal tone, 4:5 pls",en,high,"[""implicit_intent"",""underspecified"",""typo_noise"",""boundary_nearby""]","{""subject_event"":""fandom or themed character ensemble"",""information_type"":""character collection and showcase"",""style_layout"":""vertical cinematic character grid poster""}",single,"[""template-fandom-character-grid-poster""]",[],[],0.085667,template-species-science,vir-s05,needs_review,core,,true,
vir-v2-core-vir-s05-29,太空歌剧主角团，想做成一眼能看懂的竖版视觉，给新手看，别太学术哈,zh,high,"[""implicit_intent"",""underspecified"",""layout_modifier"",""boundary_nearby""]","{""subject_event"":""fandom or themed character ensemble"",""information_type"":""character collection and showcase"",""style_layout"":""vertical cinematic character grid poster""}",single,"[""template-fandom-character-grid-poster""]",[],[],0.011345,template-fandom-character-grid-poster,vir-s05,needs_review,core,,true,
vir-v2-core-vir-s06-01,请制作一张治愈系阅读仪式的水彩生活方式指南。,zh,low,"[""different_example"",""explicit_artifact""]","{""subject_event"":""cozy everyday lifestyle"",""information_type"":""tips, habits, or aesthetic inspiration"",""style_layout"":""warm watercolor infographic poster""}",single,"[""template-lifestyle-watercolor-infographic""]",[],[],0.020221,template-lifestyle-watercolor-infographic,vir-s06,auto_accepted,core,,true,
vir-v2-core-vir-s06-02,Create a self-care infographic for slow Sunday morning.,en,low,"[""different_example"",""explicit_artifact""]","{""subject_event"":""cozy everyday lifestyle"",""information_type"":""tips, habits, or aesthetic inspiration"",""style_layout"":""warm watercolor infographic poster""}",single,"[""template-lifestyle-watercolor-infographic""]",[],[],0.103704,template-lifestyle-watercolor-infographic,vir-s06,auto_accepted,core,,true,
vir-v2-core-vir-s06-05,帮我做一个 gentle evening wind-down 的自我关怀信息图，labels 清楚一点。,mixed,low,"[""different_example"",""explicit_artifact""]","{""subject_event"":""cozy everyday lifestyle"",""information_type"":""tips, habits, or aesthetic inspiration"",""style_layout"":""warm watercolor infographic poster""}",single,"[""template-lifestyle-watercolor-infographic""]",[],[],0.062837,template-lifestyle-watercolor-infographic,vir-s06,auto_accepted,core,,true,
vir-v2-core-vir-s06-11,能不能把治愈系阅读仪式做成自我关怀信息图？给初学者看，风格清爽，竖版 4:5。,zh,medium,"[""paraphrase"",""conversational"",""audience_modifier"",""style_modifier""]","{""subject_event"":""cozy everyday lifestyle"",""information_type"":""tips, habits, or aesthetic inspiration"",""style_layout"":""warm watercolor infographic poster""}",single,"[""template-lifestyle-watercolor-infographic""]",[],[],0.019435,template-lifestyle-watercolor-infographic,vir-s06,auto_accepted,core,,true,
vir-v2-core-vir-s06-14,能不能把正念饮茶习惯做成自我关怀信息图？给初学者看，风格清爽，竖版 4:5。,zh,medium,"[""paraphrase"",""conversational"",""audience_modifier"",""aspect_ratio_modifier""]","{""subject_event"":""cozy everyday lifestyle"",""information_type"":""tips, habits, or aesthetic inspiration"",""style_layout"":""warm watercolor infographic poster""}",single,"[""template-lifestyle-watercolor-infographic""]",[],[],0.017668,template-lifestyle-watercolor-infographic,vir-s06,auto_accepted,core,,true,
vir-v2-core-vir-s06-19,能不能把温暖编织午后做成水彩生活方式指南？给初学者看，风格清爽，竖版 4:5。,zh,medium,"[""paraphrase"",""conversational"",""audience_modifier"",""style_modifier""]","{""subject_event"":""cozy everyday lifestyle"",""information_type"":""tips, habits, or aesthetic inspiration"",""style_layout"":""warm watercolor infographic poster""}",single,"[""template-lifestyle-watercolor-infographic""]",[],[],0.019435,template-lifestyle-watercolor-infographic,vir-s06,auto_accepted,core,,true,
vir-v2-core-vir-s06-21,Need cozy reading rituals，信息要一眼扫懂但别做成 generic poster，竖版 pls,mixed,high,"[""implicit_intent"",""code_switch"",""layout_modifier"",""boundary_nearby""]","{""subject_event"":""cozy everyday lifestyle"",""information_type"":""tips, habits, or aesthetic inspiration"",""style_layout"":""warm watercolor infographic poster""}",single,"[""template-lifestyle-watercolor-infographic""]",[],[],0.061837,template-lifestyle-watercolor-infographic,vir-s06,needs_review,core,,true,
vir-v2-core-vir-s06-22,慢节奏周日早晨，想做成一眼能看懂的竖版视觉，给新手看，别太学术哈,zh,high,"[""implicit_intent"",""underspecified"",""typo_noise"",""boundary_nearby""]","{""subject_event"":""cozy everyday lifestyle"",""information_type"":""tips, habits, or aesthetic inspiration"",""style_layout"":""warm watercolor infographic poster""}",single,"[""template-lifestyle-watercolor-infographic""]",[],[],0.012456,template-lifestyle-watercolor-infographic,vir-s06,needs_review,core,,true,
vir-v2-core-vir-s06-24,正念饮茶习惯，想做成一眼能看懂的竖版视觉，给新手看，别太学术哈,zh,high,"[""implicit_intent"",""underspecified"",""typo_noise"",""boundary_nearby""]","{""subject_event"":""cozy everyday lifestyle"",""information_type"":""tips, habits, or aesthetic inspiration"",""style_layout"":""warm watercolor infographic poster""}",single,"[""template-lifestyle-watercolor-infographic""]",[],[],0.010676,template-lifestyle-watercolor-infographic,vir-s06,needs_review,core,,true,
vir-v2-core-vir-s06-29,温暖编织午后，想做成一眼能看懂的竖版视觉，给新手看，别太学术哈,zh,high,"[""implicit_intent"",""underspecified"",""layout_modifier"",""boundary_nearby""]","{""subject_event"":""cozy everyday lifestyle"",""information_type"":""tips, habits, or aesthetic inspiration"",""style_layout"":""warm watercolor infographic poster""}",single,"[""template-lifestyle-watercolor-infographic""]",[],[],0.010676,template-lifestyle-watercolor-infographic,vir-s06,needs_review,core,,true,
vir-v2-core-vir-s07-02,Create an illustrated trip route for remote Patagonia getaway.,en,low,"[""different_example"",""explicit_artifact""]","{""subject_event"":""destination trip"",""information_type"":""itinerary and route planning"",""style_layout"":""cute hand-drawn map with daily blocks""}",single,"[""template-travel""]",[],[],0.101724,template-travel,vir-s07,auto_accepted,core,,true,
vir-v2-core-vir-s07-03,请制作一张京都小众角落之旅的按天旅行攻略。,zh,low,"[""different_example"",""explicit_artifact""]","{""subject_event"":""destination trip"",""information_type"":""itinerary and route planning"",""style_layout"":""cute hand-drawn map with daily blocks""}",single,"[""template-travel""]",[],[],0.017153,template-travel,vir-s07,auto_accepted,core,,true,
vir-v2-core-vir-s07-08,请制作一张波尔图慢旅行的插画行程地图。,zh,low,"[""different_example"",""explicit_artifact""]","{""subject_event"":""destination trip"",""information_type"":""itinerary and route planning"",""style_layout"":""cute hand-drawn map with daily blocks""}",single,"[""template-travel""]",[],[],0.013722,template-travel,vir-s07,auto_accepted,core,,true,
vir-v2-core-vir-s07-10,帮我做一个 four-day Yunnan escape 的手绘旅行路线图，labels 清楚一点。,mixed,low,"[""different_example"",""explicit_artifact""]","{""subject_event"":""destination trip"",""information_type"":""itinerary and route planning"",""style_layout"":""cute hand-drawn map with daily blocks""}",single,"[""template-travel""]",[],[],0.060708,template-travel,vir-s07,auto_accepted,core,,true,
vir-v2-core-vir-s07-13,京都小众角落之旅 做成 a hand-drawn travel itinerary map，for beginners，4:5 竖版。,mixed,medium,"[""paraphrase"",""conversational"",""audience_modifier"",""style_modifier""]","{""subject_event"":""destination trip"",""information_type"":""itinerary and route planning"",""style_layout"":""cute hand-drawn map with daily blocks""}",single,"[""template-travel""]",[],[],0.088777,template-travel,vir-s07,auto_accepted,core,,true,
vir-v2-core-vir-s07-18,波尔图慢旅行 做成 a day-by-day destination guide，for beginners，4:5 竖版。,mixed,medium,"[""paraphrase"",""conversational"",""audience_modifier"",""aspect_ratio_modifier""]","{""subject_event"":""destination trip"",""information_type"":""itinerary and route planning"",""style_layout"":""cute hand-drawn map with daily blocks""}",single,"[""template-travel""]",[],[],0.075503,template-travel,vir-s07,auto_accepted,core,,true,
vir-v2-core-vir-s07-19,能不能把摩洛哥沙漠路线做成手绘旅行路线图？给初学者看，风格清爽，竖版 4:5。,zh,medium,"[""paraphrase"",""conversational"",""audience_modifier"",""style_modifier""]","{""subject_event"":""destination trip"",""information_type"":""itinerary and route planning"",""style_layout"":""cute hand-drawn map with daily blocks""}",single,"[""template-travel""]",[],[],0.018182,template-travel,vir-s07,auto_accepted,core,,true,
vir-v2-core-vir-s07-22,巴塔哥尼亚小众旅行，想做成一眼能看懂的竖版视觉，给新手看，别太学术哈,zh,high,"[""implicit_intent"",""underspecified"",""typo_noise"",""boundary_nearby""]","{""subject_event"":""destination trip"",""information_type"":""itinerary and route planning"",""style_layout"":""cute hand-drawn map with daily blocks""}",single,"[""template-travel""]",[],[],0.014975,template-travel,vir-s07,needs_review,core,,true,
vir-v2-core-vir-s07-23,"hidden corners of Kyoto — make the subject, key details, and visual organization instantly scannable; informal tone, 4:5 pls",en,high,"[""implicit_intent"",""underspecified"",""layout_modifier"",""boundary_nearby""]","{""subject_event"":""destination trip"",""information_type"":""itinerary and route planning"",""style_layout"":""cute hand-drawn map with daily blocks""}",single,"[""template-travel""]",[],[],0.096124,template-travel,vir-s07,needs_review,core,,true,
vir-v2-core-vir-s07-28,"slow trael in Porto — make the subject, key details, and visual organization instantly scannable; informal tone, 4:5 pls",en,high,"[""implicit_intent"",""underspecified"",""typo_noise"",""boundary_nearby""]","{""subject_event"":""destination trip"",""information_type"":""itinerary and route planning"",""style_layout"":""cute hand-drawn map with daily blocks""}",single,"[""template-travel""]",[],[],0.088816,template-species-science,vir-s07,needs_review,core,,true,
vir-v2-core-vir-s07-29,摩洛哥沙漠路线，想做成一眼能看懂的竖版视觉，给新手看，别太学术哈,zh,high,"[""implicit_intent"",""underspecified"",""layout_modifier"",""boundary_nearby""]","{""subject_event"":""destination trip"",""information_type"":""itinerary and route planning"",""style_layout"":""cute hand-drawn map with daily blocks""}",single,"[""template-travel""]",[],[],0.011647,template-travel,vir-s07,needs_review,core,,true,
vir-v2-core-vir-s07-30,"four-day Yunan escape — make the subject, key details, and visual organization instantly scannable; informal tone, 4:5 pls",en,high,"[""implicit_intent"",""underspecified"",""typo_noise"",""boundary_nearby""]","{""subject_event"":""destination trip"",""information_type"":""itinerary and route planning"",""style_layout"":""cute hand-drawn map with daily blocks""}",single,"[""template-travel""]",[],[],0.089783,template-travel,vir-s07,needs_review,core,,true,
vir-v2-core-vir-s08-02,Create a traditional craft infographic for cloisonne enamel craft.,en,low,"[""different_example"",""explicit_artifact""]","{""subject_event"":""traditional heritage craft"",""information_type"":""history, process, meaning, and preservation"",""style_layout"":""dense A3 heritage information board""}",single,"[""template-intangible-heritage""]",[],[],0.101222,template-intangible-heritage,vir-s08,auto_accepted,core,,true,
vir-v2-core-vir-s08-03,请制作一张木版年画的A3 文化传承海报。,zh,low,"[""different_example"",""explicit_artifact""]","{""subject_event"":""traditional heritage craft"",""information_type"":""history, process, meaning, and preservation"",""style_layout"":""dense A3 heritage information board""}",single,"[""template-intangible-heritage""]",[],[],0.017422,template-intangible-heritage,vir-s08,auto_accepted,core,,true,
vir-v2-core-vir-s08-08,请制作一张蓝印花布的传统工艺信息图。,zh,low,"[""different_example"",""explicit_artifact""]","{""subject_event"":""traditional heritage craft"",""information_type"":""history, process, meaning, and preservation"",""style_layout"":""dense A3 heritage information board""}",single,"[""template-intangible-heritage""]",[],[],0.012195,template-intangible-heritage,vir-s08,auto_accepted,core,,true,
vir-v2-core-vir-s08-10,帮我做一个 bamboo weaving heritage 的非遗科普展板，labels 清楚一点。,mixed,low,"[""different_example"",""explicit_artifact""]","{""subject_event"":""traditional heritage craft"",""information_type"":""history, process, meaning, and preservation"",""style_layout"":""dense A3 heritage information board""}",single,"[""template-intangible-heritage""]",[],[],0.054514,template-intangible-heritage,vir-s08,auto_accepted,core,,true,
vir-v2-core-vir-s08-13,木版年画 做成 an intangible-heritage explainer board，for beginners，4:5 竖版。,mixed,medium,"[""paraphrase"",""conversational"",""audience_modifier"",""style_modifier""]","{""subject_event"":""traditional heritage craft"",""information_type"":""history, process, meaning, and preservation"",""style_layout"":""dense A3 heritage information board""}",single,"[""template-intangible-heritage""]",[],[],0.081081,template-intangible-heritage,vir-s08,auto_accepted,core,,true,
vir-v2-core-vir-s08-18,蓝印花布 做成 an A3 heritage process poster，for beginners，4:5 竖版。,mixed,medium,"[""paraphrase"",""conversational"",""audience_modifier"",""aspect_ratio_modifier""]","{""subject_event"":""traditional heritage craft"",""information_type"":""history, process, meaning, and preservation"",""style_layout"":""dense A3 heritage information board""}",single,"[""template-intangible-heritage""]",[],[],0.071066,template-intangible-heritage,vir-s08,auto_accepted,core,,true,
vir-v2-core-vir-s08-19,能不能把葡萄牙花砖艺术做成非遗科普展板？给初学者看，风格清爽，竖版 4:5。,zh,medium,"[""paraphrase"",""conversational"",""audience_modifier"",""style_modifier""]","{""subject_event"":""traditional heritage craft"",""information_type"":""history, process, meaning, and preservation"",""style_layout"":""dense A3 heritage information board""}",single,"[""template-intangible-heritage""]",[],[],0.016779,template-intangible-heritage,vir-s08,auto_accepted,core,,true,
vir-v2-core-vir-s08-22,景泰蓝工艺，想做成一眼能看懂的竖版视觉，给新手看，别太学术哈,zh,high,"[""implicit_intent"",""underspecified"",""typo_noise"",""boundary_nearby""]","{""subject_event"":""traditional heritage craft"",""information_type"":""history, process, meaning, and preservation"",""style_layout"":""dense A3 heritage information board""}",single,"[""template-intangible-heritage""]",[],[],0.008446,template-intangible-heritage,vir-s08,needs_review,core,,true,
vir-v2-core-vir-s08-23,"woodblock New Year prints — make the subject, key details, and visual organization instantly scannable; informal tone, 4:5 pls",en,high,"[""implicit_intent"",""underspecified"",""layout_modifier"",""boundary_nearby""]","{""subject_event"":""traditional heritage craft"",""information_type"":""history, process, meaning, and preservation"",""style_layout"":""dense A3 heritage information board""}",single,"[""template-intangible-heritage""]",[],[],0.09375,template-intangible-heritage,vir-s08,needs_review,core,,true,
vir-v2-core-vir-s08-28,"blue calco dyeing — make the subject, key details, and visual organization instantly scannable; informal tone, 4:5 pls",en,high,"[""implicit_intent"",""underspecified"",""typo_noise"",""boundary_nearby""]","{""subject_event"":""traditional heritage craft"",""information_type"":""history, process, meaning, and preservation"",""style_layout"":""dense A3 heritage information board""}",single,"[""template-intangible-heritage""]",[],[],0.089109,template-species-science,vir-s08,needs_review,core,,true,
vir-v2-core-vir-s08-29,葡萄牙花砖艺术，想做成一眼能看懂的竖版视觉，给新手看，别太学术哈,zh,high,"[""implicit_intent"",""underspecified"",""layout_modifier"",""boundary_nearby""]","{""subject_event"":""traditional heritage craft"",""information_type"":""history, process, meaning, and preservation"",""style_layout"":""dense A3 heritage information board""}",single,"[""template-intangible-heritage""]",[],[],0.011824,template-intangible-heritage,vir-s08,needs_review,core,,true,
vir-v2-core-vir-s08-30,"bamoo weaving heritage — make the subject, key details, and visual organization instantly scannable; informal tone, 4:5 pls",en,high,"[""implicit_intent"",""underspecified"",""typo_noise"",""boundary_nearby""]","{""subject_event"":""traditional heritage craft"",""information_type"":""history, process, meaning, and preservation"",""style_layout"":""dense A3 heritage information board""}",single,"[""template-intangible-heritage""]",[],[],0.085622,template-vocabulary,vir-s08,needs_review,core,,true,
vir-v2-core-vir-s09-04,Create a recipe poster for mushroom risotto.,en,low,"[""different_example"",""explicit_artifact""]","{""subject_event"":""named dish"",""information_type"":""ingredients and cooking instructions"",""style_layout"":""food-photography recipe poster""}",single,"[""template-recipe""]",[],[],0.069343,template-recipe,vir-s09,auto_accepted,core,,true,
vir-v2-core-vir-s09-05,帮我做一个 Japanese curry rice 的菜谱视觉指南，labels 清楚一点。,mixed,low,"[""different_example"",""explicit_artifact""]","{""subject_event"":""named dish"",""information_type"":""ingredients and cooking instructions"",""style_layout"":""food-photography recipe poster""}",single,"[""template-recipe""]",[],[],0.05,template-recipe,vir-s09,auto_accepted,core,,true,
vir-v2-core-vir-s09-06,请制作一张北非蛋的食材步骤卡。,zh,low,"[""different_example"",""explicit_artifact""]","{""subject_event"":""named dish"",""information_type"":""ingredients and cooking instructions"",""style_layout"":""food-photography recipe poster""}",single,"[""template-recipe""]",[],[],0.007313,template-recipe,vir-s09,auto_accepted,core,,true,
vir-v2-core-vir-s09-07,Create a recipe poster for Vietnamese spring rolls.,en,low,"[""different_example"",""explicit_artifact""]","{""subject_event"":""named dish"",""information_type"":""ingredients and cooking instructions"",""style_layout"":""food-photography recipe poster""}",single,"[""template-recipe""]",[],[],0.083942,template-recipe,vir-s09,auto_accepted,core,,true,
vir-v2-core-vir-s09-10,帮我做一个 mango sticky rice 的食谱海报，labels 清楚一点。,mixed,low,"[""different_example"",""explicit_artifact""]","{""subject_event"":""named dish"",""information_type"":""ingredients and cooking instructions"",""style_layout"":""food-photography recipe poster""}",single,"[""template-recipe""]",[],[],0.042857,template-recipe,vir-s09,auto_accepted,core,,true,
vir-v2-core-vir-s09-14,能不能把蘑菇烩饭做成菜谱视觉指南？给初学者看，风格清爽，竖版 4:5。,zh,medium,"[""paraphrase"",""conversational"",""audience_modifier"",""aspect_ratio_modifier""]","{""subject_event"":""named dish"",""information_type"":""ingredients and cooking instructions"",""style_layout"":""food-photography recipe poster""}",single,"[""template-recipe""]",[],[],0.012302,template-recipe,vir-s09,auto_accepted,core,,true,
vir-v2-core-vir-s09-16,能不能把北非蛋做成食谱海报？给初学者看，风格清爽，竖版 4:5。,zh,medium,"[""paraphrase"",""conversational"",""audience_modifier"",""aspect_ratio_modifier""]","{""subject_event"":""named dish"",""information_type"":""ingredients and cooking instructions"",""style_layout"":""food-photography recipe poster""}",single,"[""template-recipe""]",[],[],0.00703,template-recipe,vir-s09,auto_accepted,core,,true,
vir-v2-core-vir-s09-24,蘑菇烩饭，想做成一眼能看懂的竖版视觉，给新手看，别太学术哈,zh,high,"[""implicit_intent"",""underspecified"",""typo_noise"",""boundary_nearby""]","{""subject_event"":""named dish"",""information_type"":""ingredients and cooking instructions"",""style_layout"":""food-photography recipe poster""}",single,"[""template-recipe""]",[],[],0.00708,template-recipe,vir-s09,needs_review,core,,true,
vir-v2-core-vir-s09-25,"Japanese curry rice — make the subject, key details, and visual organization instantly scannable; informal tone, 4:5 pls",en,high,"[""implicit_intent"",""underspecified"",""layout_modifier"",""boundary_nearby""]","{""subject_event"":""named dish"",""information_type"":""ingredients and cooking instructions"",""style_layout"":""food-photography recipe poster""}",single,"[""template-recipe""]",[],[],0.092409,template-species-science,vir-s09,needs_review,core,,true,
vir-v2-core-vir-s09-26,Need shakshuka，信息要一眼扫懂但别做成 generic poster，竖版 pls,mixed,high,"[""implicit_intent"",""code_switch"",""typo_noise"",""boundary_nearby""]","{""subject_event"":""named dish"",""information_type"":""ingredients and cooking instructions"",""style_layout"":""food-photography recipe poster""}",single,"[""template-recipe""]",[],[],0.036842,template-recipe,vir-s09,needs_review,core,,true,
vir-v2-core-vir-s09-27,越南春卷，想做成一眼能看懂的竖版视觉，给新手看，别太学术哈,zh,high,"[""implicit_intent"",""underspecified"",""layout_modifier"",""boundary_nearby""]","{""subject_event"":""named dish"",""information_type"":""ingredients and cooking instructions"",""style_layout"":""food-photography recipe poster""}",single,"[""template-recipe""]",[],[],0.00708,template-recipe,vir-s09,needs_review,core,,true,
vir-v2-core-vir-s09-30,"mango stiky rice — make the subject, key details, and visual organization instantly scannable; informal tone, 4:5 pls",en,high,"[""implicit_intent"",""underspecified"",""typo_noise"",""boundary_nearby""]","{""subject_event"":""named dish"",""information_type"":""ingredients and cooking instructions"",""style_layout"":""food-photography recipe poster""}",single,"[""template-recipe""]",[],[],0.085667,template-species-science,vir-s09,needs_review,core,,true,
vir-v2-core-vir-s10-02,Create an MBTI behavior comparison for Genshin characters by MBTI.,en,low,"[""different_example"",""explicit_artifact""]","{""subject_event"":""MBTI types or MBTI-mapped character set"",""information_type"":""personality classification and behavior comparison"",""style_layout"":""labeled cartoon multi-character chart""}",single,"[""template-mbti-generic""]",[],[],0.098884,template-mbti-generic,vir-s10,auto_accepted,core,,true,
vir-v2-core-vir-s10-05,帮我做一个 anime protagonists by personality type 的人格行为对比图，labels 清楚一点。,mixed,low,"[""different_example"",""explicit_artifact""]","{""subject_event"":""MBTI types or MBTI-mapped character set"",""information_type"":""personality classification and behavior comparison"",""style_layout"":""labeled cartoon multi-character chart""}",single,"[""template-mbti-generic""]",[],[],0.082812,template-mbti-generic,vir-s10,auto_accepted,core,,true,
vir-v2-core-vir-s10-08,请制作一张神话人物 MBTI 对照的人格行为对比图。,zh,low,"[""different_example"",""explicit_artifact""]","{""subject_event"":""MBTI types or MBTI-mapped character set"",""information_type"":""personality classification and behavior comparison"",""style_layout"":""labeled cartoon multi-character chart""}",single,"[""template-mbti-generic""]",[],[],0.025357,template-mbti-generic,vir-s10,auto_accepted,core,,true,
vir-v2-core-vir-s10-14,能不能把聚会里的 MBTI 人格做成人格行为对比图？给初学者看，风格清爽，竖版 4:5。,zh,medium,"[""paraphrase"",""conversational"",""audience_modifier"",""aspect_ratio_modifier""]","{""subject_event"":""MBTI types or MBTI-mapped character set"",""information_type"":""personality classification and behavior comparison"",""style_layout"":""labeled cartoon multi-character chart""}",single,"[""template-mbti-generic""]",[],[],0.026034,template-mbti-generic,vir-s10,auto_accepted,core,,true,
vir-v2-core-vir-s10-18,神话人物 MBTI 对照 做成 a personality mapping grid，for beginners，4:5 竖版。,mixed,medium,"[""paraphrase"",""conversational"",""audience_modifier"",""aspect_ratio_modifier""]","{""subject_event"":""MBTI types or MBTI-mapped character set"",""information_type"":""personality classification and behavior comparison"",""style_layout"":""labeled cartoon multi-character chart""}",single,"[""template-mbti-generic""]",[],[],0.074303,template-mbti-generic,vir-s10,auto_accepted,core,,true,
vir-v2-core-vir-s10-19,能不能把不同 MBTI 如何规划旅行做成MBTI 十六型角色图？给初学者看，风格清爽，竖版 4:5。,zh,medium,"[""paraphrase"",""conversational"",""audience_modifier"",""style_modifier""]","{""subject_event"":""MBTI types or MBTI-mapped character set"",""information_type"":""personality classification and behavior comparison"",""style_layout"":""labeled cartoon multi-character chart""}",single,"[""template-mbti-generic""]",[],[],0.032159,template-mbti-generic,vir-s10,auto_accepted,core,,true,
vir-v2-core-vir-s10-22,原神角色 MBTI 分类，想做成一眼能看懂的竖版视觉，给新手看，别太学术哈,zh,high,"[""implicit_intent"",""underspecified"",""typo_noise"",""boundary_nearby""]","{""subject_event"":""MBTI types or MBTI-mapped character set"",""information_type"":""personality classification and behavior comparison"",""style_layout"":""labeled cartoon multi-character chart""}",single,"[""template-mbti-generic""]",[],[],0.021605,template-mbti-generic,vir-s10,needs_review,core,,true,
vir-v2-core-vir-s10-24,聚会里的 MBTI 人格，想做成一眼能看懂的竖版视觉，给新手看，别太学术哈,zh,high,"[""implicit_intent"",""underspecified"",""typo_noise"",""boundary_nearby""]","{""subject_event"":""MBTI types or MBTI-mapped character set"",""information_type"":""personality classification and behavior comparison"",""style_layout"":""labeled cartoon multi-character chart""}",single,"[""template-mbti-generic""]",[],[],0.021605,template-mbti-generic,vir-s10,needs_review,core,,true,
vir-v2-core-vir-s10-28,"mythlogy figures mapped to MBTI — make the subject, key details, and visual organization instantly scannable; informal tone, 4:5 pls",en,high,"[""implicit_intent"",""underspecified"",""typo_noise"",""boundary_nearby""]","{""subject_event"":""MBTI types or MBTI-mapped character set"",""information_type"":""personality classification and behavior comparison"",""style_layout"":""labeled cartoon multi-character chart""}",single,"[""template-mbti-generic""]",[],[],0.093391,template-mbti-generic,vir-s10,needs_review,core,,true,
vir-v2-core-vir-s10-29,不同 MBTI 如何规划旅行，想做成一眼能看懂的竖版视觉，给新手看，别太学术哈,zh,high,"[""implicit_intent"",""underspecified"",""layout_modifier"",""boundary_nearby""]","{""subject_event"":""MBTI types or MBTI-mapped character set"",""information_type"":""personality classification and behavior comparison"",""style_layout"":""labeled cartoon multi-character chart""}",single,"[""template-mbti-generic""]",[],[],0.024691,template-mbti-generic,vir-s10,needs_review,core,,true,
vir-v2-core-vir-s11-03,请制作一张金花茶的科学物种海报。,zh,low,"[""different_example"",""explicit_artifact""]","{""subject_event"":""single plant or animal species"",""information_type"":""scientific facts, anatomy, habitat, and conservation"",""style_layout"":""central-species modular science infographic""}",single,"[""template-species-science""]",[],[],0.009208,template-species-science,vir-s11,auto_accepted,core,,true,
vir-v2-core-vir-s11-05,帮我做一个 dove tree 的自然观察图鉴卡，labels 清楚一点。,mixed,low,"[""different_example"",""explicit_artifact""]","{""subject_event"":""single plant or animal species"",""information_type"":""scientific facts, anatomy, habitat, and conservation"",""style_layout"":""central-species modular science infographic""}",single,"[""template-species-science""]",[],[],0.030521,template-species-science,vir-s11,auto_accepted,core,,true,
vir-v2-core-vir-s11-09,Create a scientific species poster for green peafowl.,en,low,"[""different_example"",""explicit_artifact""]","{""subject_event"":""single plant or animal species"",""information_type"":""scientific facts, anatomy, habitat, and conservation"",""style_layout"":""central-species modular science infographic""}",single,"[""template-species-science""]",[],[],0.086397,template-species-science,vir-s11,auto_accepted,core,,true,
vir-v2-core-vir-s11-10,帮我做一个 Paphiopedilum orchid 的物种科普信息图，labels 清楚一点。,mixed,low,"[""different_example"",""explicit_artifact""]","{""subject_event"":""single plant or animal species"",""information_type"":""scientific facts, anatomy, habitat, and conservation"",""style_layout"":""central-species modular science infographic""}",single,"[""template-species-science""]",[],[],0.050269,template-species-science,vir-s11,auto_accepted,core,,true,
vir-v2-core-vir-s11-13,金花茶 做成 a species science infographic，for beginners，4:5 竖版。,mixed,medium,"[""paraphrase"",""conversational"",""audience_modifier"",""style_modifier""]","{""subject_event"":""single plant or animal species"",""information_type"":""scientific facts, anatomy, habitat, and conservation"",""style_layout"":""central-species modular science infographic""}",single,"[""template-species-science""]",[],[],0.071556,template-species-science,vir-s11,auto_accepted,core,,true,
vir-v2-core-vir-s11-19,能不能把绿孔雀做成物种科普信息图？给初学者看，风格清爽，竖版 4:5。,zh,medium,"[""paraphrase"",""conversational"",""audience_modifier"",""style_modifier""]","{""subject_event"":""single plant or animal species"",""information_type"":""scientific facts, anatomy, habitat, and conservation"",""style_layout"":""central-species modular science infographic""}",single,"[""template-species-science""]",[],[],0.015986,template-species-science,vir-s11,auto_accepted,core,,true,
vir-v2-core-vir-s11-22,玳瑁，想做成一眼能看懂的竖版视觉，给新手看，别太学术哈,zh,high,"[""implicit_intent"",""underspecified"",""typo_noise"",""boundary_nearby""]","{""subject_event"":""single plant or animal species"",""information_type"":""scientific facts, anatomy, habitat, and conservation"",""style_layout"":""central-species modular science infographic""}",single,"[""template-species-science""]",[],[],0.003565,template-species-science,vir-s11,needs_review,core,,true,
vir-v2-core-vir-s11-25,"dove tree — make the subject, key details, and visual organization instantly scannable; informal tone, 4:5 pls",en,high,"[""implicit_intent"",""underspecified"",""layout_modifier"",""boundary_nearby""]","{""subject_event"":""single plant or animal species"",""information_type"":""scientific facts, anatomy, habitat, and conservation"",""style_layout"":""central-species modular science infographic""}",single,"[""template-species-science""]",[],[],0.096121,template-species-science,vir-s11,needs_review,core,,true,
vir-v2-core-vir-s11-29,绿孔雀，想做成一眼能看懂的竖版视觉，给新手看，别太学术哈,zh,high,"[""implicit_intent"",""underspecified"",""layout_modifier"",""boundary_nearby""]","{""subject_event"":""single plant or animal species"",""information_type"":""scientific facts, anatomy, habitat, and conservation"",""style_layout"":""central-species modular science infographic""}",single,"[""template-species-science""]",[],[],0.005348,template-species-science,vir-s11,needs_review,core,,true,
vir-v2-core-vir-s12-05,帮我做一个 Sun Tzu's strategic lessons 的人物人生经验图解，labels 清楚一点。,mixed,low,"[""different_example"",""explicit_artifact""]","{""subject_event"":""single famous or historical person"",""information_type"":""life principles, habits, and lessons"",""style_layout"":""portrait-led educational principles infographic""}",single,"[""template-figure-principles-infographic""]",[],[],0.064145,template-figure-principles-infographic,vir-s12,auto_accepted,core,,true,
vir-v2-core-vir-s12-08,请制作一张乔布斯的专注与设计原则的人物人生经验图解。,zh,low,"[""different_example"",""explicit_artifact""]","{""subject_event"":""single famous or historical person"",""information_type"":""life principles, habits, and lessons"",""style_layout"":""portrait-led educational principles infographic""}",single,"[""template-figure-principles-infographic""]",[],[],0.025253,template-figure-principles-infographic,vir-s12,auto_accepted,core,,true,
vir-v2-core-vir-s12-10,帮我做一个 Shakespeare's storytelling habits 的名人原则信息图，labels 清楚一点。,mixed,low,"[""different_example"",""explicit_artifact""]","{""subject_event"":""single famous or historical person"",""information_type"":""life principles, habits, and lessons"",""style_layout"":""portrait-led educational principles infographic""}",single,"[""template-figure-principles-infographic""]",[],[],0.070724,template-figure-principles-infographic,vir-s12,auto_accepted,core,,true,
vir-v2-core-vir-s12-14,能不能把简·奥斯汀的写作原则做成人物人生经验图解？给初学者看，风格清爽，竖版 4:5。,zh,medium,"[""paraphrase"",""conversational"",""audience_modifier"",""aspect_ratio_modifier""]","{""subject_event"":""single famous or historical person"",""information_type"":""life principles, habits, and lessons"",""style_layout"":""portrait-led educational principles infographic""}",single,"[""template-figure-principles-infographic""]",[],[],0.024311,template-figure-principles-infographic,vir-s12,auto_accepted,core,,true,
vir-v2-core-vir-s12-18,乔布斯的专注与设计原则 做成 a portrait-led habits poster，for beginners，4:5 竖版。,mixed,medium,"[""paraphrase"",""conversational"",""audience_modifier"",""aspect_ratio_modifier""]","{""subject_event"":""single famous or historical person"",""information_type"":""life principles, habits, and lessons"",""style_layout"":""portrait-led educational principles infographic""}",single,"[""template-figure-principles-infographic""]",[],[],0.078689,template-figure-principles-infographic,vir-s12,auto_accepted,core,,true,
vir-v2-core-vir-s12-19,能不能把毕加索的艺术启示做成名人原则信息图？给初学者看，风格清爽，竖版 4:5。,zh,medium,"[""paraphrase"",""conversational"",""audience_modifier"",""style_modifier""]","{""subject_event"":""single famous or historical person"",""information_type"":""life principles, habits, and lessons"",""style_layout"":""portrait-led educational principles infographic""}",single,"[""template-figure-principles-infographic""]",[],[],0.019481,template-figure-principles-infographic,vir-s12,auto_accepted,core,,true,
vir-v2-core-vir-s12-24,简·奥斯汀的写作原则，想做成一眼能看懂的竖版视觉，给新手看，别太学术哈,zh,high,"[""implicit_intent"",""underspecified"",""typo_noise"",""boundary_nearby""]","{""subject_event"":""single famous or historical person"",""information_type"":""life principles, habits, and lessons"",""style_layout"":""portrait-led educational principles infographic""}",single,"[""template-figure-principles-infographic""]",[],[],0.017974,template-figure-principles-infographic,vir-s12,needs_review,core,,true,
vir-v2-core-vir-s12-28,"Steve Jobs on focus and desgn — make the subject, key details, and visual organization instantly scannable; informal tone, 4:5 pls",en,high,"[""implicit_intent"",""underspecified"",""typo_noise"",""boundary_nearby""]","{""subject_event"":""single famous or historical person"",""information_type"":""life principles, habits, and lessons"",""style_layout"":""portrait-led educational principles infographic""}",single,"[""template-figure-principles-infographic""]",[],[],0.096037,template-figure-principles-infographic,vir-s12,needs_review,core,,true,
vir-v2-core-vir-s12-29,毕加索的艺术启示，想做成一眼能看懂的竖版视觉，给新手看，别太学术哈,zh,high,"[""implicit_intent"",""underspecified"",""layout_modifier"",""boundary_nearby""]","{""subject_event"":""single famous or historical person"",""information_type"":""life principles, habits, and lessons"",""style_layout"":""portrait-led educational principles infographic""}",single,"[""template-figure-principles-infographic""]",[],[],0.013072,template-figure-principles-infographic,vir-s12,needs_review,core,,true,
vir-v2-core-vir-s13-06,请制作一张标签打印机的卖点型新品视觉。,zh,low,"[""different_example"",""explicit_artifact""]","{""subject_event"":""small home or lifestyle product"",""information_type"":""promotion and feature highlighting"",""style_layout"":""warm single-product advertising poster""}",single,"[""template-product-poster""]",[],[],0.014286,template-product-poster,vir-s13,auto_accepted,core,,true,
vir-v2-core-vir-s13-08,请制作一张空气净化器的生活方式产品广告。,zh,low,"[""different_example"",""explicit_artifact""]","{""subject_event"":""small home or lifestyle product"",""information_type"":""promotion and feature highlighting"",""style_layout"":""warm single-product advertising poster""}",single,"[""template-product-poster""]",[],[],0.016071,template-product-poster,vir-s13,auto_accepted,core,,true,
vir-v2-core-vir-s13-09,Create a feature-led launch visual for electric kettle.,en,low,"[""different_example"",""explicit_artifact""]","{""subject_event"":""small home or lifestyle product"",""information_type"":""promotion and feature highlighting"",""style_layout"":""warm single-product advertising poster""}",single,"[""template-product-poster""]",[],[],0.087189,template-product-poster,vir-s13,auto_accepted,core,,true,
vir-v2-core-vir-s13-10,帮我做一个 smart cycling computer 的温馨产品海报，labels 清楚一点。,mixed,low,"[""different_example"",""explicit_artifact""]","{""subject_event"":""small home or lifestyle product"",""information_type"":""promotion and feature highlighting"",""style_layout"":""warm single-product advertising poster""}",single,"[""template-product-poster""]",[],[],0.059649,template-product-poster,vir-s13,auto_accepted,core,,true,
vir-v2-core-vir-s13-16,能不能把标签打印机做成温馨产品海报？给初学者看，风格清爽，竖版 4:5。,zh,medium,"[""paraphrase"",""conversational"",""audience_modifier"",""aspect_ratio_modifier""]","{""subject_event"":""small home or lifestyle product"",""information_type"":""promotion and feature highlighting"",""style_layout"":""warm single-product advertising poster""}",single,"[""template-product-poster""]",[],[],0.013746,template-product-poster,vir-s13,auto_accepted,core,,true,
vir-v2-core-vir-s13-18,空气净化器 做成 a feature-led launch visual，for beginners，4:5 竖版。,mixed,medium,"[""paraphrase"",""conversational"",""audience_modifier"",""aspect_ratio_modifier""]","{""subject_event"":""small home or lifestyle product"",""information_type"":""promotion and feature highlighting"",""style_layout"":""warm single-product advertising poster""}",single,"[""template-product-poster""]",[],[],0.063683,template-product-poster,vir-s13,auto_accepted,core,,true,
vir-v2-core-vir-s13-19,能不能把电热水壶做成温馨产品海报？给初学者看，风格清爽，竖版 4:5。,zh,medium,"[""paraphrase"",""conversational"",""audience_modifier"",""style_modifier""]","{""subject_event"":""small home or lifestyle product"",""information_type"":""promotion and feature highlighting"",""style_layout"":""warm single-product advertising poster""}",single,"[""template-product-poster""]",[],[],0.012027,template-product-poster,vir-s13,auto_accepted,core,,true,
vir-v2-core-vir-s13-22,陶瓷香薰蜡烛，想做成一眼能看懂的竖版视觉，给新手看，别太学术哈,zh,high,"[""implicit_intent"",""underspecified"",""typo_noise"",""boundary_nearby""]","{""subject_event"":""small home or lifestyle product"",""information_type"":""promotion and feature highlighting"",""style_layout"":""warm single-product advertising poster""}",single,"[""template-product-poster""]",[],[],0.010381,template-product-poster,vir-s13,needs_review,core,,true,
vir-v2-core-vir-s13-26,Need label printer，信息要一眼扫懂但别做成 generic poster，竖版 pls,mixed,high,"[""implicit_intent"",""code_switch"",""typo_noise"",""boundary_nearby""]","{""subject_event"":""small home or lifestyle product"",""information_type"":""promotion and feature highlighting"",""style_layout"":""warm single-product advertising poster""}",single,"[""template-product-poster""]",[],[],0.04475,template-product-poster,vir-s13,needs_review,core,,true,
vir-v2-core-vir-s13-28,"air puriier — make the subject, key details, and visual organization instantly scannable; informal tone, 4:5 pls",en,high,"[""implicit_intent"",""underspecified"",""typo_noise"",""boundary_nearby""]","{""subject_event"":""small home or lifestyle product"",""information_type"":""promotion and feature highlighting"",""style_layout"":""warm single-product advertising poster""}",single,"[""template-product-poster""]",[],[],0.081126,template-species-science,vir-s13,needs_review,core,,true,
vir-v2-core-vir-s13-29,电热水壶，想做成一眼能看懂的竖版视觉，给新手看，别太学术哈,zh,high,"[""implicit_intent"",""underspecified"",""layout_modifier"",""boundary_nearby""]","{""subject_event"":""small home or lifestyle product"",""information_type"":""promotion and feature highlighting"",""style_layout"":""warm single-product advertising poster""}",single,"[""template-product-poster""]",[],[],0.00692,template-product-poster,vir-s13,needs_review,core,,true,
vir-v2-core-vir-s13-30,"smart cycing computer — make the subject, key details, and visual organization instantly scannable; informal tone, 4:5 pls",en,high,"[""implicit_intent"",""underspecified"",""typo_noise"",""boundary_nearby""]","{""subject_event"":""small home or lifestyle product"",""information_type"":""promotion and feature highlighting"",""style_layout"":""warm single-product advertising poster""}",single,"[""template-product-poster""]",[],[],0.088525,template-species-science,vir-s13,needs_review,core,,true,
vir-v2-core-vir-s14-03,请制作一张冰晶晚礼服的带注释的时装设计图。,zh,low,"[""different_example"",""explicit_artifact""]","{""subject_event"":""couture gown inspired by a theme"",""information_type"":""fashion concept development and annotation"",""style_layout"":""gown design sheet with technical sketch""}",single,"[""template-fashion-inspired-gown-design-sheet""]",[],[],0.018484,template-fashion-inspired-gown-design-sheet,vir-s14,auto_accepted,core,,true,
vir-v2-core-vir-s14-05,帮我做一个 butterfly-wing ball gown 的红毯礼服概念板，labels 清楚一点。,mixed,low,"[""different_example"",""explicit_artifact""]","{""subject_event"":""couture gown inspired by a theme"",""information_type"":""fashion concept development and annotation"",""style_layout"":""gown design sheet with technical sketch""}",single,"[""template-fashion-inspired-gown-design-sheet""]",[],[],0.063177,template-fashion-inspired-gown-design-sheet,vir-s14,auto_accepted,core,,true,
vir-v2-core-vir-s14-06,请制作一张樱花红毯礼服的带注释的时装设计图。,zh,low,"[""different_example"",""explicit_artifact""]","{""subject_event"":""couture gown inspired by a theme"",""information_type"":""fashion concept development and annotation"",""style_layout"":""gown design sheet with technical sketch""}",single,"[""template-fashion-inspired-gown-design-sheet""]",[],[],0.020333,template-fashion-inspired-gown-design-sheet,vir-s14,auto_accepted,core,,true,
vir-v2-core-vir-s14-08,请制作一张月光银礼服的红毯礼服概念板。,zh,low,"[""different_example"",""explicit_artifact""]","{""subject_event"":""couture gown inspired by a theme"",""information_type"":""fashion concept development and annotation"",""style_layout"":""gown design sheet with technical sketch""}",single,"[""template-fashion-inspired-gown-design-sheet""]",[],[],0.014787,template-fashion-inspired-gown-design-sheet,vir-s14,auto_accepted,core,,true,
vir-v2-core-vir-s14-13,冰晶晚礼服 做成 a couture gown design sheet，for beginners，4:5 竖版。,mixed,medium,"[""paraphrase"",""conversational"",""audience_modifier"",""style_modifier""]","{""subject_event"":""couture gown inspired by a theme"",""information_type"":""fashion concept development and annotation"",""style_layout"":""gown design sheet with technical sketch""}",single,"[""template-fashion-inspired-gown-design-sheet""]",[],[],0.071556,template-fashion-inspired-gown-design-sheet,vir-s14,auto_accepted,core,,true,
vir-v2-core-vir-s14-16,能不能把樱花红毯礼服做成高定礼服设计稿？给初学者看，风格清爽，竖版 4:5。,zh,medium,"[""paraphrase"",""conversational"",""audience_modifier"",""aspect_ratio_modifier""]","{""subject_event"":""couture gown inspired by a theme"",""information_type"":""fashion concept development and annotation"",""style_layout"":""gown design sheet with technical sketch""}",single,"[""template-fashion-inspired-gown-design-sheet""]",[],[],0.017762,template-fashion-inspired-gown-design-sheet,vir-s14,auto_accepted,core,,true,
vir-v2-core-vir-s14-18,月光银礼服 做成 an annotated fashion sketch，for beginners，4:5 竖版。,mixed,medium,"[""paraphrase"",""conversational"",""audience_modifier"",""aspect_ratio_modifier""]","{""subject_event"":""couture gown inspired by a theme"",""information_type"":""fashion concept development and annotation"",""style_layout"":""gown design sheet with technical sketch""}",single,"[""template-fashion-inspired-gown-design-sheet""]",[],[],0.069892,template-fashion-inspired-gown-design-sheet,vir-s14,auto_accepted,core,,true,
vir-v2-core-vir-s14-22,兰花灵感 Met Gala 礼服，想做成一眼能看懂的竖版视觉，给新手看，别太学术哈,zh,high,"[""implicit_intent"",""underspecified"",""typo_noise"",""boundary_nearby""]","{""subject_event"":""couture gown inspired by a theme"",""information_type"":""fashion concept development and annotation"",""style_layout"":""gown design sheet with technical sketch""}",single,"[""template-fashion-inspired-gown-design-sheet""]",[],[],0.033989,template-fashion-inspired-gown-design-sheet,vir-s14,needs_review,core,,true,
vir-v2-core-vir-s14-23,"ice-crystal evening gown — make the subject, key details, and visual organization instantly scannable; informal tone, 4:5 pls",en,high,"[""implicit_intent"",""underspecified"",""layout_modifier"",""boundary_nearby""]","{""subject_event"":""couture gown inspired by a theme"",""information_type"":""fashion concept development and annotation"",""style_layout"":""gown design sheet with technical sketch""}",single,"[""template-fashion-inspired-gown-design-sheet""]",[],[],0.099338,template-fashion-inspired-gown-design-sheet,vir-s14,needs_review,core,,true,
vir-v2-core-vir-s14-25,"butterfly-wing ball gown — make the subject, key details, and visual organization instantly scannable; informal tone, 4:5 pls",en,high,"[""implicit_intent"",""underspecified"",""layout_modifier"",""boundary_nearby""]","{""subject_event"":""couture gown inspired by a theme"",""information_type"":""fashion concept development and annotation"",""style_layout"":""gown design sheet with technical sketch""}",single,"[""template-fashion-inspired-gown-design-sheet""]",[],[],0.100993,template-fashion-inspired-gown-design-sheet,vir-s14,needs_review,core,,true,
vir-v2-core-vir-s14-26,Need cherry-blossom red-carpet gown，信息要一眼扫懂但别做成 generic poster，竖版 pls,mixed,high,"[""implicit_intent"",""code_switch"",""typo_noise"",""boundary_nearby""]","{""subject_event"":""couture gown inspired by a theme"",""information_type"":""fashion concept development and annotation"",""style_layout"":""gown design sheet with technical sketch""}",single,"[""template-fashion-inspired-gown-design-sheet""]",[],[],0.066667,template-fashion-inspired-gown-design-sheet,vir-s14,needs_review,core,,true,
vir-v2-core-vir-s14-28,"moonight silver gown — make the subject, key details, and visual organization instantly scannable; informal tone, 4:5 pls",en,high,"[""implicit_intent"",""underspecified"",""typo_noise"",""boundary_nearby""]","{""subject_event"":""couture gown inspired by a theme"",""information_type"":""fashion concept development and annotation"",""style_layout"":""gown design sheet with technical sketch""}",single,"[""template-fashion-inspired-gown-design-sheet""]",[],[],0.090461,template-species-science,vir-s14,needs_review,core,,true,
vir-v2-core-vir-s15-05,帮我做一个 ENFJ and ISTP friendship 的双人格关系信息图，labels 清楚一点。,mixed,low,"[""different_example"",""explicit_artifact""]","{""subject_event"":""pair of MBTI personality types"",""information_type"":""relationship compatibility comparison"",""style_layout"":""cute dual-character comparison infographic""}",single,"[""template-mbti-personality-compatibility-infographic""]",[],[],0.077093,template-mbti-personality-compatibility-infographic,vir-s15,auto_accepted,core,,true,
vir-v2-core-vir-s15-06,请制作一张ISFJ 与 ESTP 恋爱互动的人格配对对比图。,zh,low,"[""different_example"",""explicit_artifact""]","{""subject_event"":""pair of MBTI personality types"",""information_type"":""relationship compatibility comparison"",""style_layout"":""cute dual-character comparison infographic""}",single,"[""template-mbti-personality-compatibility-infographic""]",[],[],0.047619,template-mbti-personality-compatibility-infographic,vir-s15,auto_accepted,core,,true,
vir-v2-core-vir-s15-10,帮我做一个 ESTJ and INFP communication 的MBTI 兼容性图表，labels 清楚一点。,mixed,low,"[""different_example"",""explicit_artifact""]","{""subject_event"":""pair of MBTI personality types"",""information_type"":""relationship compatibility comparison"",""style_layout"":""cute dual-character comparison infographic""}",single,"[""template-mbti-personality-compatibility-infographic""]",[],[],0.090308,template-mbti-personality-compatibility-infographic,vir-s15,auto_accepted,core,,true,
vir-v2-core-vir-s15-16,能不能把ISFJ 与 ESTP 恋爱互动做成MBTI 兼容性图表？给初学者看，风格清爽，竖版 4:5。,zh,medium,"[""paraphrase"",""conversational"",""audience_modifier"",""aspect_ratio_modifier""]","{""subject_event"":""pair of MBTI personality types"",""information_type"":""relationship compatibility comparison"",""style_layout"":""cute dual-character comparison infographic""}",single,"[""template-mbti-personality-compatibility-infographic""]",[],[],0.056156,template-mbti-personality-compatibility-infographic,vir-s15,auto_accepted,core,,true,
vir-v2-core-vir-s15-19,能不能把ENFP 与 INFJ 适配度做成MBTI 兼容性图表？给初学者看，风格清爽，竖版 4:5。,zh,medium,"[""paraphrase"",""conversational"",""audience_modifier"",""style_modifier""]","{""subject_event"":""pair of MBTI personality types"",""information_type"":""relationship compatibility comparison"",""style_layout"":""cute dual-character comparison infographic""}",single,"[""template-mbti-personality-compatibility-infographic""]",[],[],0.053996,template-mbti-personality-compatibility-infographic,vir-s15,auto_accepted,core,,true,
vir-v2-core-vir-s15-22,INTJ 与 ENFP 关系，想做成一眼能看懂的竖版视觉，给新手看，别太学术哈,zh,high,"[""implicit_intent"",""underspecified"",""typo_noise"",""boundary_nearby""]","{""subject_event"":""pair of MBTI personality types"",""information_type"":""relationship compatibility comparison"",""style_layout"":""cute dual-character comparison infographic""}",single,"[""template-mbti-personality-compatibility-infographic""]",[],[],0.037118,template-mbti-personality-compatibility-infographic,vir-s15,needs_review,core,,true,
vir-v2-core-vir-s15-25,"ENFJ and ISTP friendship — make the subject, key details, and visual organization instantly scannable; informal tone, 4:5 pls",en,high,"[""implicit_intent"",""underspecified"",""layout_modifier"",""boundary_nearby""]","{""subject_event"":""pair of MBTI personality types"",""information_type"":""relationship compatibility comparison"",""style_layout"":""cute dual-character comparison infographic""}",single,"[""template-mbti-personality-compatibility-infographic""]",[],[],0.081433,template-species-science,vir-s15,needs_review,core,,true,
vir-v2-core-vir-s15-26,Need ISFJ and ESTP dating dynamics，信息要一眼扫懂但别做成 generic poster，竖版 pls,mixed,high,"[""implicit_intent"",""code_switch"",""typo_noise"",""boundary_nearby""]","{""subject_event"":""pair of MBTI personality types"",""information_type"":""relationship compatibility comparison"",""style_layout"":""cute dual-character comparison infographic""}",single,"[""template-mbti-personality-compatibility-infographic""]",[],[],0.083156,template-mbti-personality-compatibility-infographic,vir-s15,needs_review,core,,true,
vir-v2-core-vir-s15-29,ENFP 与 INFJ 适配度，想做成一眼能看懂的竖版视觉，给新手看，别太学术哈,zh,high,"[""implicit_intent"",""underspecified"",""layout_modifier"",""boundary_nearby""]","{""subject_event"":""pair of MBTI personality types"",""information_type"":""relationship compatibility comparison"",""style_layout"":""cute dual-character comparison infographic""}",single,"[""template-mbti-personality-compatibility-infographic""]",[],[],0.039301,template-mbti-personality-compatibility-infographic,vir-s15,needs_review,core,,true,
vir-v2-core-vir-s15-30,"ESTJ and INFP communcation — make the subject, key details, and visual organization instantly scannable; informal tone, 4:5 pls",en,high,"[""implicit_intent"",""underspecified"",""typo_noise"",""boundary_nearby""]","{""subject_event"":""pair of MBTI personality types"",""information_type"":""relationship compatibility comparison"",""style_layout"":""cute dual-character comparison infographic""}",single,"[""template-mbti-personality-compatibility-infographic""]",[],[],0.083744,template-species-science,vir-s15,needs_review,core,,true,
vir-v2-core-vir-s01-01,请制作一张英西水果词汇的双语词汇海报。,zh,low,"[""different_example"",""explicit_artifact""]","{""subject_event"":""language vocabulary on a chosen topic"",""information_type"":""bilingual vocabulary learning"",""style_layout"":""illustrated card grid or visual guide""}",single,"[""template-vocabulary""]",[],[],0.014545,template-vocabulary,vir-s01,auto_accepted,core,,true,
vir-v2-core-vir-s01-03,请制作一张英日天气词汇的课堂词汇九宫格。,zh,low,"[""different_example"",""explicit_artifact""]","{""subject_event"":""language vocabulary on a chosen topic"",""information_type"":""bilingual vocabulary learning"",""style_layout"":""illustrated card grid or visual guide""}",single,"[""template-vocabulary""]",[],[],0.016364,template-vocabulary,vir-s01,auto_accepted,core,,true,
vir-v2-core-vir-s01-08,请制作一张英韩甜点词汇的插画单词卡组。,zh,low,"[""different_example"",""explicit_artifact""]","{""subject_event"":""language vocabulary on a chosen topic"",""information_type"":""bilingual vocabulary learning"",""style_layout"":""illustrated card grid or visual guide""}",single,"[""template-vocabulary""]",[],[],0.014545,template-vocabulary,vir-s01,auto_accepted,core,,true,
vir-v2-core-vir-s01-10,帮我做一个 English-Chinese musical instruments 的双语词汇海报，labels 清楚一点。,mixed,low,"[""different_example"",""explicit_artifact""]","{""subject_event"":""language vocabulary on a chosen topic"",""information_type"":""bilingual vocabulary learning"",""style_layout"":""illustrated card grid or visual guide""}",single,"[""template-vocabulary""]",[],[],0.087657,template-vocabulary,vir-s01,auto_accepted,core,,true,
vir-v2-core-vir-s01-11,能不能把英西水果词汇做成插画单词卡组？给初学者看，风格清爽，竖版 4:5。,zh,medium,"[""paraphrase"",""conversational"",""audience_modifier"",""style_modifier""]","{""subject_event"":""language vocabulary on a chosen topic"",""information_type"":""bilingual vocabulary learning"",""style_layout"":""illustrated card grid or visual guide""}",single,"[""template-vocabulary""]",[],[],0.015734,template-vocabulary,vir-s01,auto_accepted,core,,true,
vir-v2-core-vir-s01-13,英日天气词汇 做成 a bilingual vocabulary poster，for beginners，4:5 竖版。,mixed,medium,"[""paraphrase"",""conversational"",""audience_modifier"",""style_modifier""]","{""subject_event"":""language vocabulary on a chosen topic"",""information_type"":""bilingual vocabulary learning"",""style_layout"":""illustrated card grid or visual guide""}",single,"[""template-vocabulary""]",[],[],0.077739,template-vocabulary,vir-s01,auto_accepted,core,,true,
vir-v2-core-vir-s01-18,英韩甜点词汇 做成 a classroom vocabulary grid，for beginners，4:5 竖版。,mixed,medium,"[""paraphrase"",""conversational"",""audience_modifier"",""aspect_ratio_modifier""]","{""subject_event"":""language vocabulary on a chosen topic"",""information_type"":""bilingual vocabulary learning"",""style_layout"":""illustrated card grid or visual guide""}",single,"[""template-vocabulary""]",[],[],0.074205,template-vocabulary,vir-s01,auto_accepted,core,,true,
vir-v2-core-vir-s01-19,能不能把英日交通工具词汇做成双语词汇海报？给初学者看，风格清爽，竖版 4:5。,zh,medium,"[""paraphrase"",""conversational"",""audience_modifier"",""style_modifier""]","{""subject_event"":""language vocabulary on a chosen topic"",""information_type"":""bilingual vocabulary learning"",""style_layout"":""illustrated card grid or visual guide""}",single,"[""template-vocabulary""]",[],[],0.019231,template-vocabulary,vir-s01,auto_accepted,core,,true,
vir-v2-core-vir-s01-21,Need English-Spanish fruits，信息要一眼扫懂但别做成 generic poster，竖版 pls,mixed,high,"[""implicit_intent"",""code_switch"",""layout_modifier"",""boundary_nearby""]","{""subject_event"":""language vocabulary on a chosen topic"",""information_type"":""bilingual vocabulary learning"",""style_layout"":""illustrated card grid or visual guide""}",single,"[""template-vocabulary""]",[],[],0.061189,template-vocabulary,vir-s01,needs_review,core,,true,
vir-v2-core-vir-s01-29,英日交通工具词汇，想做成一眼能看懂的竖版视觉，给新手看，别太学术哈,zh,high,"[""implicit_intent"",""underspecified"",""layout_modifier"",""boundary_nearby""]","{""subject_event"":""language vocabulary on a chosen topic"",""information_type"":""bilingual vocabulary learning"",""style_layout"":""illustrated card grid or visual guide""}",single,"[""template-vocabulary""]",[],[],0.014085,template-vocabulary,vir-s01,needs_review,core,,true,
vir-v2-core-vir-s02-01,请制作一张初学者常见英语同音词的英语易混词信息图。,zh,low,"[""different_example"",""explicit_artifact""]","{""subject_event"":""English confusing word relationships"",""information_type"":""definition and distinction"",""style_layout"":""boxed educational word-list infographic""}",single,"[""template-english-grammar-wordlist-infographic""]",[],[],0.025862,template-english-grammar-wordlist-infographic,vir-s02,auto_accepted,core,,true,
vir-v2-core-vir-s02-05,帮我做一个 tricky homophones for grade five 的同音词课堂海报，labels 清楚一点。,mixed,low,"[""different_example"",""explicit_artifact""]","{""subject_event"":""English confusing word relationships"",""information_type"":""definition and distinction"",""style_layout"":""boxed educational word-list infographic""}",single,"[""template-english-grammar-wordlist-infographic""]",[],[],0.072269,template-english-grammar-wordlist-infographic,vir-s02,auto_accepted,core,,true,
vir-v2-core-vir-s02-08,请制作一张高频英语易混词对的同音词课堂海报。,zh,low,"[""different_example"",""explicit_artifact""]","{""subject_event"":""English confusing word relationships"",""information_type"":""definition and distinction"",""style_layout"":""boxed educational word-list infographic""}",single,"[""template-english-grammar-wordlist-infographic""]",[],[],0.018933,template-english-grammar-wordlist-infographic,vir-s02,auto_accepted,core,,true,
vir-v2-core-vir-s02-10,帮我做一个 ESL sound-alike word review 的英语易混词信息图，labels 清楚一点。,mixed,low,"[""different_example"",""explicit_artifact""]","{""subject_event"":""English confusing word relationships"",""information_type"":""definition and distinction"",""style_layout"":""boxed educational word-list infographic""}",single,"[""template-english-grammar-wordlist-infographic""]",[],[],0.06734,template-english-grammar-wordlist-infographic,vir-s02,auto_accepted,core,,true,
vir-v2-core-vir-s02-11,能不能把初学者常见英语同音词做成同音词课堂海报？给初学者看，风格清爽，竖版 4:5。,zh,medium,"[""paraphrase"",""conversational"",""audience_modifier"",""style_modifier""]","{""subject_event"":""English confusing word relationships"",""information_type"":""definition and distinction"",""style_layout"":""boxed educational word-list infographic""}",single,"[""template-english-grammar-wordlist-infographic""]",[],[],0.021595,template-english-grammar-wordlist-infographic,vir-s02,auto_accepted,core,,true,
vir-v2-core-vir-s02-18,高频英语易混词对 做成 a boxed confusing-words guide，for beginners，4:5 竖版。,mixed,medium,"[""paraphrase"",""conversational"",""audience_modifier"",""aspect_ratio_modifier""]","{""subject_event"":""English confusing word relationships"",""information_type"":""definition and distinction"",""style_layout"":""boxed educational word-list infographic""}",single,"[""template-english-grammar-wordlist-infographic""]",[],[],0.095238,template-english-grammar-wordlist-infographic,vir-s02,auto_accepted,core,,true,
vir-v2-core-vir-s02-21,Need common homophones for beginners，信息要一眼扫懂但别做成 generic poster，竖版 pls,mixed,high,"[""implicit_intent"",""code_switch"",""layout_modifier"",""boundary_nearby""]","{""subject_event"":""English confusing word relationships"",""information_type"":""definition and distinction"",""style_layout"":""boxed educational word-list infographic""}",single,"[""template-english-grammar-wordlist-infographic""]",[],[],0.076285,template-english-grammar-wordlist-infographic,vir-s02,needs_review,core,,true,
vir-v2-core-vir-s02-27,20 组课堂英语同音异义词，想做成一眼能看懂的竖版视觉，给新手看，别太学术哈,zh,high,"[""implicit_intent"",""underspecified"",""layout_modifier"",""boundary_nearby""]","{""subject_event"":""English confusing word relationships"",""information_type"":""definition and distinction"",""style_layout"":""boxed educational word-list infographic""}",single,"[""template-english-grammar-wordlist-infographic""]",[],[],0.023372,template-english-grammar-wordlist-infographic,vir-s02,needs_review,core,,true,
vir-v2-core-vir-s02-28,"frequntly confused English pairs — make the subject, key details, and visual organization instantly scannable; informal tone, 4:5 pls",en,high,"[""implicit_intent"",""underspecified"",""typo_noise"",""boundary_nearby""]","{""subject_event"":""English confusing word relationships"",""information_type"":""definition and distinction"",""style_layout"":""boxed educational word-list infographic""}",single,"[""template-english-grammar-wordlist-infographic""]",[],"[{""template_id"":""template-vocabulary"",""score"":0.105691,""rank"":1},{""template_id"":""template-english-grammar-wordlist-infographic"",""score"":0.098918,""rank"":2},{""template_id"":""template-species-science"",""score"":0.090762,""rank"":3},{""template_id"":""template-lifestyle-watercolor-infographic"",""score"":0.0784,""rank"":4},{""template_id"":""template-figure-principles-infographic"",""score"":0.069424,""rank"":5}]",0.105691,template-vocabulary,vir-s02,needs_review,core,,false,
vir-v2-core-vir-s02-30,"ESL sound-alike word revew — make the subject, key details, and visual organization instantly scannable; informal tone, 4:5 pls",en,high,"[""implicit_intent"",""underspecified"",""typo_noise"",""boundary_nearby""]","{""subject_event"":""English confusing word relationships"",""information_type"":""definition and distinction"",""style_layout"":""boxed educational word-list infographic""}",single,"[""template-english-grammar-wordlist-infographic""]",[],[],0.091049,template-english-grammar-wordlist-infographic,vir-s02,needs_review,core,,true,
vir-v2-core-vir-s03-01,请制作一张侘寂日式客厅的室内设计情绪板。,zh,low,"[""different_example"",""explicit_artifact""]","{""subject_event"":""interior space design"",""information_type"":""style and material inspiration"",""style_layout"":""interior mood board""}",single,"[""template-interior-design-mood-board-generator""]",[],[],0.015544,template-interior-design-mood-board-generator,vir-s03,auto_accepted,core,,true,
vir-v2-core-vir-s03-05,帮我做一个 coastal bathroom 的空间配色材质板，labels 清楚一点。,mixed,low,"[""different_example"",""explicit_artifact""]","{""subject_event"":""interior space design"",""information_type"":""style and material inspiration"",""style_layout"":""interior mood board""}",single,"[""template-interior-design-mood-board-generator""]",[],[],0.04223,template-interior-design-mood-board-generator,vir-s03,auto_accepted,core,,true,
vir-v2-core-vir-s03-06,请制作一张工业风餐吧的家居软装灵感板。,zh,low,"[""different_example"",""explicit_artifact""]","{""subject_event"":""interior space design"",""information_type"":""style and material inspiration"",""style_layout"":""interior mood board""}",single,"[""template-interior-design-mood-board-generator""]",[],[],0.013817,template-interior-design-mood-board-generator,vir-s03,auto_accepted,core,,true,
vir-v2-core-vir-s03-08,请制作一张香薰疗愈角的空间配色材质板。,zh,low,"[""different_example"",""explicit_artifact""]","{""subject_event"":""interior space design"",""information_type"":""style and material inspiration"",""style_layout"":""interior mood board""}",single,"[""template-interior-design-mood-board-generator""]",[],[],0.013817,template-interior-design-mood-board-generator,vir-s03,auto_accepted,core,,true,
vir-v2-core-vir-s03-11,能不能把侘寂日式客厅做成空间配色材质板？给初学者看，风格清爽，竖版 4:5。,zh,medium,"[""paraphrase"",""conversational"",""audience_modifier"",""style_modifier""]","{""subject_event"":""interior space design"",""information_type"":""style and material inspiration"",""style_layout"":""interior mood board""}",single,"[""template-interior-design-mood-board-generator""]",[],[],0.016639,template-interior-design-mood-board-generator,vir-s03,auto_accepted,core,,true,
vir-v2-core-vir-s03-15,"Could you make coastal bathroom into a decor concept sheet for a beginner audience, with a calm editorial look in 4:5?",en,medium,"[""paraphrase"",""conversational"",""audience_modifier"",""style_modifier""]","{""subject_event"":""interior space design"",""information_type"":""style and material inspiration"",""style_layout"":""interior mood board""}",single,"[""template-interior-design-mood-board-generator""]",[],[],0.092622,template-interior-design-mood-board-generator,vir-s03,auto_accepted,core,,true,
vir-v2-core-vir-s03-16,能不能把工业风餐吧做成室内设计情绪板？给初学者看，风格清爽，竖版 4:5。,zh,medium,"[""paraphrase"",""conversational"",""audience_modifier"",""aspect_ratio_modifier""]","{""subject_event"":""interior space design"",""information_type"":""style and material inspiration"",""style_layout"":""interior mood board""}",single,"[""template-interior-design-mood-board-generator""]",[],[],0.014975,template-interior-design-mood-board-generator,vir-s03,auto_accepted,core,,true,
vir-v2-core-vir-s03-18,香薰疗愈角 做成 a decor concept sheet，for beginners，4:5 竖版。,mixed,medium,"[""paraphrase"",""conversational"",""audience_modifier"",""aspect_ratio_modifier""]","{""subject_event"":""interior space design"",""information_type"":""style and material inspiration"",""style_layout"":""interior mood board""}",single,"[""template-interior-design-mood-board-generator""]",[],[],0.055369,template-interior-design-mood-board-generator,vir-s03,auto_accepted,core,,true,
vir-v2-core-vir-s03-21,Need Japandi living room，信息要一眼扫懂但别做成 generic poster，竖版 pls,mixed,high,"[""implicit_intent"",""code_switch"",""layout_modifier"",""boundary_nearby""]","{""subject_event"":""interior space design"",""information_type"":""style and material inspiration"",""style_layout"":""interior mood board""}",single,"[""template-interior-design-mood-board-generator""]",[],[],0.047855,template-interior-design-mood-board-generator,vir-s03,needs_review,core,,true,
vir-v2-core-vir-s03-22,暖色极简卧室，想做成一眼能看懂的竖版视觉，给新手看，别太学术哈,zh,high,"[""implicit_intent"",""underspecified"",""typo_noise"",""boundary_nearby""]","{""subject_event"":""interior space design"",""information_type"":""style and material inspiration"",""style_layout"":""interior mood board""}",single,"[""template-interior-design-mood-board-generator""]",[],[],0.01005,template-interior-design-mood-board-generator,vir-s03,needs_review,core,,true,
vir-v2-core-vir-s03-25,"coastal bathroom — make the subject, key details, and visual organization instantly scannable; informal tone, 4:5 pls",en,high,"[""implicit_intent"",""underspecified"",""layout_modifier"",""boundary_nearby""]","{""subject_event"":""interior space design"",""information_type"":""style and material inspiration"",""style_layout"":""interior mood board""}",single,"[""template-interior-design-mood-board-generator""]",[],[],0.081566,template-vocabulary,vir-s03,needs_review,core,,true,
vir-v2-core-vir-s03-26,Need industrial dining bar，信息要一眼扫懂但别做成 generic poster，竖版 pls,mixed,high,"[""implicit_intent"",""code_switch"",""typo_noise"",""boundary_nearby""]","{""subject_event"":""interior space design"",""information_type"":""style and material inspiration"",""style_layout"":""interior mood board""}",single,"[""template-interior-design-mood-board-generator""]",[],[],0.051155,template-interior-design-mood-board-generator,vir-s03,needs_review,core,,true,
vir-v2-core-vir-s03-28,"aromaterapy spa corner — make the subject, key details, and visual organization instantly scannable; informal tone, 4:5 pls",en,high,"[""implicit_intent"",""underspecified"",""typo_noise"",""boundary_nearby""]","{""subject_event"":""interior space design"",""information_type"":""style and material inspiration"",""style_layout"":""interior mood board""}",single,"[""template-interior-design-mood-board-generator""]",[],[],0.092105,template-species-science,vir-s03,needs_review,core,,true,
vir-v2-core-vir-s04-01,请制作一张生活中的机会成本的知识科普卡。,zh,low,"[""different_example"",""explicit_artifact""]","{""subject_event"":""general educational topic"",""information_type"":""accessible explanation and key facts"",""style_layout"":""modular 3:4 knowledge card infographic""}",single,"[""template-education-card""]",[],[],0.013493,template-education-card,vir-s04,auto_accepted,core,,true,
vir-v2-core-vir-s04-02,Create an educational explainer infographic for why inflation happens.,en,low,"[""different_example"",""explicit_artifact""]","{""subject_event"":""general educational topic"",""information_type"":""accessible explanation and key facts"",""style_layout"":""modular 3:4 knowledge card infographic""}",single,"[""template-education-card""]",[],[],0.094595,template-education-card,vir-s04,auto_accepted,core,,true,
vir-v2-core-vir-s04-03,请制作一张儿童版板块构造的卡通知识长图。,zh,low,"[""different_example"",""explicit_artifact""]","{""subject_event"":""general educational topic"",""information_type"":""accessible explanation and key facts"",""style_layout"":""modular 3:4 knowledge card infographic""}",single,"[""template-education-card""]",[],[],0.013493,template-education-card,vir-s04,auto_accepted,core,,true,
vir-v2-core-vir-s04-08,请制作一张DNA 遗传入门的教育解释信息图。,zh,low,"[""different_example"",""explicit_artifact""]","{""subject_event"":""general educational topic"",""information_type"":""accessible explanation and key facts"",""style_layout"":""modular 3:4 knowledge card infographic""}",single,"[""template-education-card""]",[],[],0.016467,template-education-card,vir-s04,auto_accepted,core,,true,
vir-v2-core-vir-s04-11,能不能把生活中的机会成本做成教育解释信息图？给初学者看，风格清爽，竖版 4:5。,zh,medium,"[""paraphrase"",""conversational"",""audience_modifier"",""style_modifier""]","{""subject_event"":""general educational topic"",""information_type"":""accessible explanation and key facts"",""style_layout"":""modular 3:4 knowledge card infographic""}",single,"[""template-education-card""]",[],[],0.020378,template-education-card,vir-s04,auto_accepted,core,,true,
vir-v2-core-vir-s04-13,儿童版板块构造 做成 a popular-science knowledge card，for beginners，4:5 竖版。,mixed,medium,"[""paraphrase"",""conversational"",""audience_modifier"",""style_modifier""]","{""subject_event"":""general educational topic"",""information_type"":""accessible explanation and key facts"",""style_layout"":""modular 3:4 knowledge card infographic""}",single,"[""template-education-card""]",[],[],0.07489,template-education-card,vir-s04,auto_accepted,core,,true,
vir-v2-core-vir-s04-14,能不能把视觉错觉原理做成教育解释信息图？给初学者看，风格清爽，竖版 4:5。,zh,medium,"[""paraphrase"",""conversational"",""audience_modifier"",""aspect_ratio_modifier""]","{""subject_event"":""general educational topic"",""information_type"":""accessible explanation and key facts"",""style_layout"":""modular 3:4 knowledge card infographic""}",single,"[""template-education-card""]",[],[],0.017467,template-education-card,vir-s04,auto_accepted,core,,true,
vir-v2-core-vir-s04-18,DNA 遗传入门 做成 a cartoon concept card，for beginners，4:5 竖版。,mixed,medium,"[""paraphrase"",""conversational"",""audience_modifier"",""aspect_ratio_modifier""]","{""subject_event"":""general educational topic"",""information_type"":""accessible explanation and key facts"",""style_layout"":""modular 3:4 knowledge card infographic""}",single,"[""template-education-card""]",[],[],0.060294,template-education-card,vir-s04,auto_accepted,core,,true,
vir-v2-core-vir-s04-21,Need opportunity cost in daily life，信息要一眼扫懂但别做成 generic poster，竖版 pls,mixed,high,"[""implicit_intent"",""code_switch"",""layout_modifier"",""boundary_nearby""]","{""subject_event"":""general educational topic"",""information_type"":""accessible explanation and key facts"",""style_layout"":""modular 3:4 knowledge card infographic""}",single,"[""template-education-card""]",[],[],0.065217,template-education-card,vir-s04,needs_review,core,,true,
vir-v2-core-vir-s04-22,通货膨胀为什么发生，想做成一眼能看懂的竖版视觉，给新手看，别太学术哈,zh,high,"[""implicit_intent"",""underspecified"",""typo_noise"",""boundary_nearby""]","{""subject_event"":""general educational topic"",""information_type"":""accessible explanation and key facts"",""style_layout"":""modular 3:4 knowledge card infographic""}",single,"[""template-education-card""]",[],[],0.013139,template-education-card,vir-s04,needs_review,core,,true,
vir-v2-core-vir-s04-23,"plate tectonics for children — make the subject, key details, and visual organization instantly scannable; informal tone, 4:5 pls",en,high,"[""implicit_intent"",""underspecified"",""layout_modifier"",""boundary_nearby""]","{""subject_event"":""general educational topic"",""information_type"":""accessible explanation and key facts"",""style_layout"":""modular 3:4 knowledge card infographic""}",single,"[""template-education-card""]",[],[],0.1,template-education-card,vir-s04,needs_review,core,,true,
vir-v2-core-vir-s04-24,视觉错觉原理，想做成一眼能看懂的竖版视觉，给新手看，别太学术哈,zh,high,"[""implicit_intent"",""underspecified"",""typo_noise"",""boundary_nearby""]","{""subject_event"":""general educational topic"",""information_type"":""accessible explanation and key facts"",""style_layout"":""modular 3:4 knowledge card infographic""}",single,"[""template-education-card""]",[],[],0.008759,template-education-card,vir-s04,needs_review,core,,true,
vir-v2-core-vir-s04-28,"DNA inhertance basics — make the subject, key details, and visual organization instantly scannable; informal tone, 4:5 pls",en,high,"[""implicit_intent"",""underspecified"",""typo_noise"",""boundary_nearby""]","{""subject_event"":""general educational topic"",""information_type"":""accessible explanation and key facts"",""style_layout"":""modular 3:4 knowledge card infographic""}",single,"[""template-education-card""]",[],[],0.087137,template-education-card,vir-s04,needs_review,core,,true,
vir-v2-core-vir-s05-01,请制作一张吉伊卡哇主要角色的九宫格角色海报。,zh,low,"[""different_example"",""explicit_artifact""]","{""subject_event"":""fandom or themed character ensemble"",""information_type"":""character collection and showcase"",""style_layout"":""vertical cinematic character grid poster""}",single,"[""template-fandom-character-grid-poster""]",[],[],0.018364,template-fandom-character-grid-poster,vir-s05,auto_accepted,core,,true,
vir-v2-core-vir-s05-02,Create a nine-character cast grid for Genshin Liyue characters.,en,low,"[""different_example"",""explicit_artifact""]","{""subject_event"":""fandom or themed character ensemble"",""information_type"":""character collection and showcase"",""style_layout"":""vertical cinematic character grid poster""}",single,"[""template-fandom-character-grid-poster""]",[],[],0.101523,template-fandom-character-grid-poster,vir-s05,auto_accepted,core,,true,
vir-v2-core-vir-s05-05,帮我做一个 fantasy saga villains 的九人阵容角色墙，labels 清楚一点。,mixed,low,"[""different_example"",""explicit_artifact""]","{""subject_event"":""fandom or themed character ensemble"",""information_type"":""character collection and showcase"",""style_layout"":""vertical cinematic character grid poster""}",single,"[""template-fandom-character-grid-poster""]",[],[],0.061056,template-fandom-character-grid-poster,vir-s05,auto_accepted,core,,true,
vir-v2-core-vir-s05-07,Create a 3x3 fandom character poster for Sengoku warlords.,en,low,"[""different_example"",""explicit_artifact""]","{""subject_event"":""fandom or themed character ensemble"",""information_type"":""character collection and showcase"",""style_layout"":""vertical cinematic character grid poster""}",single,"[""template-fandom-character-grid-poster""]",[],[],0.101351,template-fandom-character-grid-poster,vir-s05,auto_accepted,core,,true,
vir-v2-core-vir-s05-10,帮我做一个 legendary fantasy warriors 的九宫格角色海报，labels 清楚一点。,mixed,low,"[""different_example"",""explicit_artifact""]","{""subject_event"":""fandom or themed character ensemble"",""information_type"":""character collection and showcase"",""style_layout"":""vertical cinematic character grid poster""}",single,"[""template-fandom-character-grid-poster""]",[],[],0.069307,template-fandom-character-grid-poster,vir-s05,auto_accepted,core,,true,
vir-v2-core-vir-s05-11,能不能把吉伊卡哇主要角色做成九人阵容角色墙？给初学者看，风格清爽，竖版 4:5。,zh,medium,"[""paraphrase"",""conversational"",""audience_modifier"",""style_modifier""]","{""subject_event"":""fandom or themed character ensemble"",""information_type"":""character collection and showcase"",""style_layout"":""vertical cinematic character grid poster""}",single,"[""template-fandom-character-grid-poster""]",[],[],0.019324,template-fandom-character-grid-poster,vir-s05,auto_accepted,core,,true,
vir-v2-core-vir-s05-21,Need Chiikawa and friends，信息要一眼扫懂但别做成 generic poster，竖版 pls,mixed,high,"[""implicit_intent"",""code_switch"",""layout_modifier"",""boundary_nearby""]","{""subject_event"":""fandom or themed character ensemble"",""information_type"":""character collection and showcase"",""style_layout"":""vertical cinematic character grid poster""}",single,"[""template-fandom-character-grid-poster""]",[],[],0.058065,template-fandom-character-grid-poster,vir-s05,needs_review,core,,true,
vir-v2-core-vir-s05-22,原神璃月角色，想做成一眼能看懂的竖版视觉，给新手看，别太学术哈,zh,high,"[""implicit_intent"",""underspecified"",""typo_noise"",""boundary_nearby""]","{""subject_event"":""fandom or themed character ensemble"",""information_type"":""character collection and showcase"",""style_layout"":""vertical cinematic character grid poster""}",single,"[""template-fandom-character-grid-poster""]",[],[],0.009724,template-fandom-character-grid-poster,vir-s05,needs_review,core,,true,
vir-v2-core-vir-s05-25,"fantasy saga villains — make the subject, key details, and visual organization instantly scannable; informal tone, 4:5 pls",en,high,"[""implicit_intent"",""underspecified"",""layout_modifier"",""boundary_nearby""]","{""subject_event"":""fandom or themed character ensemble"",""information_type"":""character collection and showcase"",""style_layout"":""vertical cinematic character grid poster""}",single,"[""template-fandom-character-grid-poster""]",[],[],0.085526,template-species-science,vir-s05,needs_review,core,,true,
vir-v2-core-vir-s05-27,战国武将群像，想做成一眼能看懂的竖版视觉，给新手看，别太学术哈,zh,high,"[""implicit_intent"",""underspecified"",""layout_modifier"",""boundary_nearby""]","{""subject_event"":""fandom or themed character ensemble"",""information_type"":""character collection and showcase"",""style_layout"":""vertical cinematic character grid poster""}",single,"[""template-fandom-character-grid-poster""]",[],[],0.009724,template-fandom-character-grid-poster,vir-s05,needs_review,core,,true,
vir-v2-core-vir-s05-30,"legedary fantasy warriors — make the subject, key details, and visual organization instantly scannable; informal tone, 4:5 pls",en,high,"[""implicit_intent"",""underspecified"",""typo_noise"",""boundary_nearby""]","{""subject_event"":""fandom or themed character ensemble"",""information_type"":""character collection and showcase"",""style_layout"":""vertical cinematic character grid poster""}",single,"[""template-fandom-character-grid-poster""]",[],[],0.083958,template-fandom-character-grid-poster,vir-s05,needs_review,core,,true,
vir-v2-core-vir-s06-03,请制作一张雨天自我关怀的治愈系日常海报。,zh,low,"[""different_example"",""explicit_artifact""]","{""subject_event"":""cozy everyday lifestyle"",""information_type"":""tips, habits, or aesthetic inspiration"",""style_layout"":""warm watercolor infographic poster""}",single,"[""template-lifestyle-watercolor-infographic""]",[],[],0.016544,template-lifestyle-watercolor-infographic,vir-s06,auto_accepted,core,,true,
vir-v2-core-vir-s06-06,请制作一张春日手账习惯的治愈系日常海报。,zh,low,"[""different_example"",""explicit_artifact""]","{""subject_event"":""cozy everyday lifestyle"",""information_type"":""tips, habits, or aesthetic inspiration"",""style_layout"":""warm watercolor infographic poster""}",single,"[""template-lifestyle-watercolor-infographic""]",[],[],0.016544,template-lifestyle-watercolor-infographic,vir-s06,auto_accepted,core,,true,
vir-v2-core-vir-s06-08,请制作一张日常微小快乐清单的自我关怀信息图。,zh,low,"[""different_example"",""explicit_artifact""]","{""subject_event"":""cozy everyday lifestyle"",""information_type"":""tips, habits, or aesthetic inspiration"",""style_layout"":""warm watercolor infographic poster""}",single,"[""template-lifestyle-watercolor-infographic""]",[],[],0.020221,template-lifestyle-watercolor-infographic,vir-s06,auto_accepted,core,,true,
vir-v2-core-vir-s06-10,帮我做一个 calm desk break routine 的水彩生活方式指南，labels 清楚一点。,mixed,low,"[""different_example"",""explicit_artifact""]","{""subject_event"":""cozy everyday lifestyle"",""information_type"":""tips, habits, or aesthetic inspiration"",""style_layout"":""warm watercolor infographic poster""}",single,"[""template-lifestyle-watercolor-infographic""]",[],[],0.062837,template-lifestyle-watercolor-infographic,vir-s06,auto_accepted,core,,true,
vir-v2-core-vir-s06-13,雨天自我关怀 做成 a cozy watercolor lifestyle guide，for beginners，4:5 竖版。,mixed,medium,"[""paraphrase"",""conversational"",""audience_modifier"",""style_modifier""]","{""subject_event"":""cozy everyday lifestyle"",""information_type"":""tips, habits, or aesthetic inspiration"",""style_layout"":""warm watercolor infographic poster""}",single,"[""template-lifestyle-watercolor-infographic""]",[],[],0.087657,template-lifestyle-watercolor-infographic,vir-s06,auto_accepted,core,,true,
vir-v2-core-vir-s06-16,能不能把春日手账习惯做成水彩生活方式指南？给初学者看，风格清爽，竖版 4:5。,zh,medium,"[""paraphrase"",""conversational"",""audience_modifier"",""aspect_ratio_modifier""]","{""subject_event"":""cozy everyday lifestyle"",""information_type"":""tips, habits, or aesthetic inspiration"",""style_layout"":""warm watercolor infographic poster""}",single,"[""template-lifestyle-watercolor-infographic""]",[],[],0.019435,template-lifestyle-watercolor-infographic,vir-s06,auto_accepted,core,,true,
vir-v2-core-vir-s06-18,日常微小快乐清单 做成 an illustrated routine poster，for beginners，4:5 竖版。,mixed,medium,"[""paraphrase"",""conversational"",""audience_modifier"",""aspect_ratio_modifier""]","{""subject_event"":""cozy everyday lifestyle"",""information_type"":""tips, habits, or aesthetic inspiration"",""style_layout"":""warm watercolor infographic poster""}",single,"[""template-lifestyle-watercolor-infographic""]",[],[],0.082143,template-lifestyle-watercolor-infographic,vir-s06,auto_accepted,core,,true,
vir-v2-core-vir-s06-26,Need spring journaling habits，信息要一眼扫懂但别做成 generic poster，竖版 pls,mixed,high,"[""implicit_intent"",""code_switch"",""typo_noise"",""boundary_nearby""]","{""subject_event"":""cozy everyday lifestyle"",""information_type"":""tips, habits, or aesthetic inspiration"",""style_layout"":""warm watercolor infographic poster""}",single,"[""template-lifestyle-watercolor-infographic""]",[],[],0.063492,template-lifestyle-watercolor-infographic,vir-s06,needs_review,core,,true,
vir-v2-core-vir-s06-27,无屏幕周末灵感，想做成一眼能看懂的竖版视觉，给新手看，别太学术哈,zh,high,"[""implicit_intent"",""underspecified"",""layout_modifier"",""boundary_nearby""]","{""subject_event"":""cozy everyday lifestyle"",""information_type"":""tips, habits, or aesthetic inspiration"",""style_layout"":""warm watercolor infographic poster""}",single,"[""template-lifestyle-watercolor-infographic""]",[],[],0.012456,template-lifestyle-watercolor-infographic,vir-s06,needs_review,core,,true,
vir-v2-core-vir-s07-01,请制作一张冰岛三日行程的手绘旅行路线图。,zh,low,"[""different_example"",""explicit_artifact""]","{""subject_event"":""destination trip"",""information_type"":""itinerary and route planning"",""style_layout"":""cute hand-drawn map with daily blocks""}",single,"[""template-travel""]",[],[],0.015437,template-travel,vir-s07,auto_accepted,core,,true,
vir-v2-core-vir-s07-05,帮我做一个 two days around Seoul 的插画行程地图，labels 清楚一点。,mixed,low,"[""different_example"",""explicit_artifact""]","{""subject_event"":""destination trip"",""information_type"":""itinerary and route planning"",""style_layout"":""cute hand-drawn map with daily blocks""}",single,"[""template-travel""]",[],[],0.057336,template-travel,vir-s07,auto_accepted,core,,true,
vir-v2-core-vir-s07-06,请制作一张新加坡美食景点路线的按天旅行攻略。,zh,low,"[""different_example"",""explicit_artifact""]","{""subject_event"":""destination trip"",""information_type"":""itinerary and route planning"",""style_layout"":""cute hand-drawn map with daily blocks""}",single,"[""template-travel""]",[],[],0.018868,template-travel,vir-s07,auto_accepted,core,,true,
vir-v2-core-vir-s07-11,能不能把冰岛三日行程做成插画行程地图？给初学者看，风格清爽，竖版 4:5。,zh,medium,"[""paraphrase"",""conversational"",""audience_modifier"",""style_modifier""]","{""subject_event"":""destination trip"",""information_type"":""itinerary and route planning"",""style_layout"":""cute hand-drawn map with daily blocks""}",single,"[""template-travel""]",[],[],0.014876,template-travel,vir-s07,auto_accepted,core,,true,
vir-v2-core-vir-s07-14,能不能把墨西哥城周末游做成插画行程地图？给初学者看，风格清爽，竖版 4:5。,zh,medium,"[""paraphrase"",""conversational"",""audience_modifier"",""aspect_ratio_modifier""]","{""subject_event"":""destination trip"",""information_type"":""itinerary and route planning"",""style_layout"":""cute hand-drawn map with daily blocks""}",single,"[""template-travel""]",[],[],0.016529,template-travel,vir-s07,auto_accepted,core,,true,
vir-v2-core-vir-s07-16,能不能把新加坡美食景点路线做成手绘旅行路线图？给初学者看，风格清爽，竖版 4:5。,zh,medium,"[""paraphrase"",""conversational"",""audience_modifier"",""aspect_ratio_modifier""]","{""subject_event"":""destination trip"",""information_type"":""itinerary and route planning"",""style_layout"":""cute hand-drawn map with daily blocks""}",single,"[""template-travel""]",[],[],0.021488,template-travel,vir-s07,auto_accepted,core,,true,
vir-v2-core-vir-s07-21,Need three days in Iceland，信息要一眼扫懂但别做成 generic poster，竖版 pls,mixed,high,"[""implicit_intent"",""code_switch"",""layout_modifier"",""boundary_nearby""]","{""subject_event"":""destination trip"",""information_type"":""itinerary and route planning"",""style_layout"":""cute hand-drawn map with daily blocks""}",single,"[""template-travel""]",[],[],0.054187,template-travel,vir-s07,needs_review,core,,true,
vir-v2-core-vir-s07-24,墨西哥城周末游，想做成一眼能看懂的竖版视觉，给新手看，别太学术哈,zh,high,"[""implicit_intent"",""underspecified"",""typo_noise"",""boundary_nearby""]","{""subject_event"":""destination trip"",""information_type"":""itinerary and route planning"",""style_layout"":""cute hand-drawn map with daily blocks""}",single,"[""template-travel""]",[],[],0.011647,template-travel,vir-s07,needs_review,core,,true,
vir-v2-core-vir-s07-25,"two days around Seoul — make the subject, key details, and visual organization instantly scannable; informal tone, 4:5 pls",en,high,"[""implicit_intent"",""underspecified"",""layout_modifier"",""boundary_nearby""]","{""subject_event"":""destination trip"",""information_type"":""itinerary and route planning"",""style_layout"":""cute hand-drawn map with daily blocks""}",single,"[""template-travel""]",[],[],0.091615,template-travel,vir-s07,needs_review,core,,true,
vir-v2-core-vir-s07-26,Need food and landmarks in Singapore，信息要一眼扫懂但别做成 generic poster，竖版 pls,mixed,high,"[""implicit_intent"",""code_switch"",""typo_noise"",""boundary_nearby""]","{""subject_event"":""destination trip"",""information_type"":""itinerary and route planning"",""style_layout"":""cute hand-drawn map with daily blocks""}",single,"[""template-travel""]",[],[],0.070608,template-travel,vir-s07,needs_review,core,,true,
vir-v2-core-vir-s07-27,北海道冬季行程，想做成一眼能看懂的竖版视觉，给新手看，别太学术哈,zh,high,"[""implicit_intent"",""underspecified"",""layout_modifier"",""boundary_nearby""]","{""subject_event"":""destination trip"",""information_type"":""itinerary and route planning"",""style_layout"":""cute hand-drawn map with daily blocks""}",single,"[""template-travel""]",[],[],0.011647,template-travel,vir-s07,needs_review,core,,true,
vir-v2-core-vir-s08-01,请制作一张中国剪纸的非遗科普展板。,zh,low,"[""different_example"",""explicit_artifact""]","{""subject_event"":""traditional heritage craft"",""information_type"":""history, process, meaning, and preservation"",""style_layout"":""dense A3 heritage information board""}",single,"[""template-intangible-heritage""]",[],[],0.010453,template-intangible-heritage,vir-s08,auto_accepted,core,,true,
vir-v2-core-vir-s08-05,帮我做一个 Anshun opera masks 的传统工艺信息图，labels 清楚一点。,mixed,low,"[""different_example"",""explicit_artifact""]","{""subject_event"":""traditional heritage craft"",""information_type"":""history, process, meaning, and preservation"",""style_layout"":""dense A3 heritage information board""}",single,"[""template-intangible-heritage""]",[],[],0.0477,template-intangible-heritage,vir-s08,auto_accepted,core,,true,
vir-v2-core-vir-s08-06,请制作一张传统舞狮的A3 文化传承海报。,zh,low,"[""different_example"",""explicit_artifact""]","{""subject_event"":""traditional heritage craft"",""information_type"":""history, process, meaning, and preservation"",""style_layout"":""dense A3 heritage information board""}",single,"[""template-intangible-heritage""]",[],[],0.017422,template-intangible-heritage,vir-s08,auto_accepted,core,,true,
vir-v2-core-vir-s08-11,能不能把中国剪纸做成传统工艺信息图？给初学者看，风格清爽，竖版 4:5。,zh,medium,"[""paraphrase"",""conversational"",""audience_modifier"",""style_modifier""]","{""subject_event"":""traditional heritage craft"",""information_type"":""history, process, meaning, and preservation"",""style_layout"":""dense A3 heritage information board""}",single,"[""template-intangible-heritage""]",[],[],0.013423,template-intangible-heritage,vir-s08,auto_accepted,core,,true,
vir-v2-core-vir-s08-14,能不能把鱼灯制作技艺做成传统工艺信息图？给初学者看，风格清爽，竖版 4:5。,zh,medium,"[""paraphrase"",""conversational"",""audience_modifier"",""aspect_ratio_modifier""]","{""subject_event"":""traditional heritage craft"",""information_type"":""history, process, meaning, and preservation"",""style_layout"":""dense A3 heritage information board""}",single,"[""template-intangible-heritage""]",[],[],0.016779,template-intangible-heritage,vir-s08,auto_accepted,core,,true,
vir-v2-core-vir-s08-16,能不能把传统舞狮做成非遗科普展板？给初学者看，风格清爽，竖版 4:5。,zh,medium,"[""paraphrase"",""conversational"",""audience_modifier"",""aspect_ratio_modifier""]","{""subject_event"":""traditional heritage craft"",""information_type"":""history, process, meaning, and preservation"",""style_layout"":""dense A3 heritage information board""}",single,"[""template-intangible-heritage""]",[],[],0.011745,template-intangible-heritage,vir-s08,auto_accepted,core,,true,
vir-v2-core-vir-s08-21,Need Chinese paper cutting，信息要一眼扫懂但别做成 generic poster，竖版 pls,mixed,high,"[""implicit_intent"",""code_switch"",""layout_modifier"",""boundary_nearby""]","{""subject_event"":""traditional heritage craft"",""information_type"":""history, process, meaning, and preservation"",""style_layout"":""dense A3 heritage information board""}",single,"[""template-intangible-heritage""]",[],[],0.055184,template-intangible-heritage,vir-s08,needs_review,core,,true,
vir-v2-core-vir-s08-24,鱼灯制作技艺，想做成一眼能看懂的竖版视觉，给新手看，别太学术哈,zh,high,"[""implicit_intent"",""underspecified"",""typo_noise"",""boundary_nearby""]","{""subject_event"":""traditional heritage craft"",""information_type"":""history, process, meaning, and preservation"",""style_layout"":""dense A3 heritage information board""}",single,"[""template-intangible-heritage""]",[],[],0.010135,template-intangible-heritage,vir-s08,needs_review,core,,true,
vir-v2-core-vir-s08-25,"Anshun opera masks — make the subject, key details, and visual organization instantly scannable; informal tone, 4:5 pls",en,high,"[""implicit_intent"",""underspecified"",""layout_modifier"",""boundary_nearby""]","{""subject_event"":""traditional heritage craft"",""information_type"":""history, process, meaning, and preservation"",""style_layout"":""dense A3 heritage information board""}",single,"[""template-intangible-heritage""]",[],[],0.083744,template-species-science,vir-s08,needs_review,core,,true,
vir-v2-core-vir-s08-26,Need traditional lion dance，信息要一眼扫懂但别做成 generic poster，竖版 pls,mixed,high,"[""implicit_intent"",""code_switch"",""typo_noise"",""boundary_nearby""]","{""subject_event"":""traditional heritage craft"",""information_type"":""history, process, meaning, and preservation"",""style_layout"":""dense A3 heritage information board""}",single,"[""template-intangible-heritage""]",[],[],0.058626,template-intangible-heritage,vir-s08,needs_review,core,,true,
vir-v2-core-vir-s08-27,苏绣技艺，想做成一眼能看懂的竖版视觉，给新手看，别太学术哈,zh,high,"[""implicit_intent"",""underspecified"",""layout_modifier"",""boundary_nearby""]","{""subject_event"":""traditional heritage craft"",""information_type"":""history, process, meaning, and preservation"",""style_layout"":""dense A3 heritage information board""}",single,"[""template-intangible-heritage""]",[],[],0.006757,template-intangible-heritage,vir-s08,needs_review,core,,true,
vir-v2-core-vir-s09-01,请制作一张古巴三明治的食谱海报。,zh,low,"[""different_example"",""explicit_artifact""]","{""subject_event"":""named dish"",""information_type"":""ingredients and cooking instructions"",""style_layout"":""food-photography recipe poster""}",single,"[""template-recipe""]",[],[],0.009141,template-recipe,vir-s09,auto_accepted,core,,true,
vir-v2-core-vir-s09-02,Create a cookbook-style visual guide for pastel de nata.,en,low,"[""different_example"",""explicit_artifact""]","{""subject_event"":""named dish"",""information_type"":""ingredients and cooking instructions"",""style_layout"":""food-photography recipe poster""}",single,"[""template-recipe""]",[],[],0.095064,template-recipe,vir-s09,auto_accepted,core,,true,
vir-v2-core-vir-s09-03,请制作一张宫保鸡丁的食材步骤卡。,zh,low,"[""different_example"",""explicit_artifact""]","{""subject_event"":""named dish"",""information_type"":""ingredients and cooking instructions"",""style_layout"":""food-photography recipe poster""}",single,"[""template-recipe""]",[],[],0.009141,template-recipe,vir-s09,auto_accepted,core,,true,
vir-v2-core-vir-s09-08,请制作一张酸种佛卡夏的菜谱视觉指南。,zh,low,"[""different_example"",""explicit_artifact""]","{""subject_event"":""named dish"",""information_type"":""ingredients and cooking instructions"",""style_layout"":""food-photography recipe poster""}",single,"[""template-recipe""]",[],[],0.012797,template-recipe,vir-s09,auto_accepted,core,,true,
vir-v2-core-vir-s09-09,Create an ingredients-and-steps card for mapo tofu.,en,low,"[""different_example"",""explicit_artifact""]","{""subject_event"":""named dish"",""information_type"":""ingredients and cooking instructions"",""style_layout"":""food-photography recipe poster""}",single,"[""template-recipe""]",[],[],0.081967,template-recipe,vir-s09,auto_accepted,core,,true,
vir-v2-core-vir-s09-11,能不能把古巴三明治做成菜谱视觉指南？给初学者看，风格清爽，竖版 4:5。,zh,medium,"[""paraphrase"",""conversational"",""audience_modifier"",""style_modifier""]","{""subject_event"":""named dish"",""information_type"":""ingredients and cooking instructions"",""style_layout"":""food-photography recipe poster""}",single,"[""template-recipe""]",[],[],0.01406,template-recipe,vir-s09,auto_accepted,core,,true,
vir-v2-core-vir-s09-13,宫保鸡丁 做成 a recipe poster，for beginners，4:5 竖版。,mixed,medium,"[""paraphrase"",""conversational"",""audience_modifier"",""style_modifier""]","{""subject_event"":""named dish"",""information_type"":""ingredients and cooking instructions"",""style_layout"":""food-photography recipe poster""}",single,"[""template-recipe""]",[],[],0.044248,template-recipe,vir-s09,auto_accepted,core,,true,
vir-v2-core-vir-s09-18,酸种佛卡夏 做成 an ingredients-and-steps card，for beginners，4:5 竖版。,mixed,medium,"[""paraphrase"",""conversational"",""audience_modifier"",""aspect_ratio_modifier""]","{""subject_event"":""named dish"",""information_type"":""ingredients and cooking instructions"",""style_layout"":""food-photography recipe poster""}",single,"[""template-recipe""]",[],[],0.070671,template-recipe,vir-s09,auto_accepted,core,,true,
vir-v2-core-vir-s09-19,能不能把麻婆豆腐做成食谱海报？给初学者看，风格清爽，竖版 4:5。,zh,medium,"[""paraphrase"",""conversational"",""audience_modifier"",""style_modifier""]","{""subject_event"":""named dish"",""information_type"":""ingredients and cooking instructions"",""style_layout"":""food-photography recipe poster""}",single,"[""template-recipe""]",[],[],0.008787,template-recipe,vir-s09,auto_accepted,core,,true,
vir-v2-core-vir-s09-21,Need Cuban sandwich，信息要一眼扫懂但别做成 generic poster，竖版 pls,mixed,high,"[""implicit_intent"",""code_switch"",""layout_modifier"",""boundary_nearby""]","{""subject_event"":""named dish"",""information_type"":""ingredients and cooking instructions"",""style_layout"":""food-photography recipe poster""}",single,"[""template-recipe""]",[],[],0.045534,template-recipe,vir-s09,needs_review,core,,true,
vir-v2-core-vir-s09-22,葡式蛋挞，想做成一眼能看懂的竖版视觉，给新手看，别太学术哈,zh,high,"[""implicit_intent"",""underspecified"",""typo_noise"",""boundary_nearby""]","{""subject_event"":""named dish"",""information_type"":""ingredients and cooking instructions"",""style_layout"":""food-photography recipe poster""}",single,"[""template-recipe""]",[],[],0.00708,template-recipe,vir-s09,needs_review,core,,true,
vir-v2-core-vir-s09-23,"Kung Pao chicken — make the subject, key details, and visual organization instantly scannable; informal tone, 4:5 pls",en,high,"[""implicit_intent"",""underspecified"",""layout_modifier"",""boundary_nearby""]","{""subject_event"":""named dish"",""information_type"":""ingredients and cooking instructions"",""style_layout"":""food-photography recipe poster""}",single,"[""template-recipe""]",[],[],0.09106,template-species-science,vir-s09,needs_review,core,,true,
vir-v2-core-vir-s09-28,"sourough focaccia — make the subject, key details, and visual organization instantly scannable; informal tone, 4:5 pls",en,high,"[""implicit_intent"",""underspecified"",""typo_noise"",""boundary_nearby""]","{""subject_event"":""named dish"",""information_type"":""ingredients and cooking instructions"",""style_layout"":""food-photography recipe poster""}",single,"[""template-recipe""]",[],[],0.082102,template-species-science,vir-s09,needs_review,core,,true,
vir-v2-core-vir-s09-29,麻婆豆腐，想做成一眼能看懂的竖版视觉，给新手看，别太学术哈,zh,high,"[""implicit_intent"",""underspecified"",""layout_modifier"",""boundary_nearby""]","{""subject_event"":""named dish"",""information_type"":""ingredients and cooking instructions"",""style_layout"":""food-photography recipe poster""}",single,"[""template-recipe""]",[],[],0.00708,template-recipe,vir-s09,needs_review,core,,true,
vir-v2-core-vir-s10-01,请制作一张漫威英雄 MBTI 十六型的MBTI 十六型角色图。,zh,low,"[""different_example"",""explicit_artifact""]","{""subject_event"":""MBTI types or MBTI-mapped character set"",""information_type"":""personality classification and behavior comparison"",""style_layout"":""labeled cartoon multi-character chart""}",single,"[""template-mbti-generic""]",[],[],0.025357,template-mbti-generic,vir-s10,auto_accepted,core,,true,
vir-v2-core-vir-s10-03,请制作一张小组作业中的 MBTI的角色人格分类表。,zh,low,"[""different_example"",""explicit_artifact""]","{""subject_event"":""MBTI types or MBTI-mapped character set"",""information_type"":""personality classification and behavior comparison"",""style_layout"":""labeled cartoon multi-character chart""}",single,"[""template-mbti-generic""]",[],[],0.022187,template-mbti-generic,vir-s10,auto_accepted,core,,true,
vir-v2-core-vir-s10-06,请制作一张足球位置 MBTI的角色人格分类表。,zh,low,"[""different_example"",""explicit_artifact""]","{""subject_event"":""MBTI types or MBTI-mapped character set"",""information_type"":""personality classification and behavior comparison"",""style_layout"":""labeled cartoon multi-character chart""}",single,"[""template-mbti-generic""]",[],[],0.019017,template-mbti-generic,vir-s10,auto_accepted,core,,true,
vir-v2-core-vir-s10-10,帮我做一个 sixteen personalities under deadline stress 的MBTI 十六型角色图，labels 清楚一点。,mixed,low,"[""different_example"",""explicit_artifact""]","{""subject_event"":""MBTI types or MBTI-mapped character set"",""information_type"":""personality classification and behavior comparison"",""style_layout"":""labeled cartoon multi-character chart""}",single,"[""template-mbti-generic""]",[],[],0.098437,template-mbti-generic,vir-s10,auto_accepted,core,,true,
vir-v2-core-vir-s10-11,能不能把漫威英雄 MBTI 十六型做成人格行为对比图？给初学者看，风格清爽，竖版 4:5。,zh,medium,"[""paraphrase"",""conversational"",""audience_modifier"",""style_modifier""]","{""subject_event"":""MBTI types or MBTI-mapped character set"",""information_type"":""personality classification and behavior comparison"",""style_layout"":""labeled cartoon multi-character chart""}",single,"[""template-mbti-generic""]",[],[],0.027565,template-mbti-generic,vir-s10,auto_accepted,core,,true,
vir-v2-core-vir-s10-13,小组作业中的 MBTI 做成 a 16-type MBTI character chart，for beginners，4:5 竖版。,mixed,medium,"[""paraphrase"",""conversational"",""audience_modifier"",""style_modifier""]","{""subject_event"":""MBTI types or MBTI-mapped character set"",""information_type"":""personality classification and behavior comparison"",""style_layout"":""labeled cartoon multi-character chart""}",single,"[""template-mbti-generic""]",[],[],0.068006,template-mbti-generic,vir-s10,auto_accepted,core,,true,
vir-v2-core-vir-s10-16,能不能把足球位置 MBTI做成MBTI 十六型角色图？给初学者看，风格清爽，竖版 4:5。,zh,medium,"[""paraphrase"",""conversational"",""audience_modifier"",""aspect_ratio_modifier""]","{""subject_event"":""MBTI types or MBTI-mapped character set"",""information_type"":""personality classification and behavior comparison"",""style_layout"":""labeled cartoon multi-character chart""}",single,"[""template-mbti-generic""]",[],[],0.024502,template-mbti-generic,vir-s10,auto_accepted,core,,true,
vir-v2-core-vir-s10-21,Need Marvel heroes as all 16 MBTI types，信息要一眼扫懂但别做成 generic poster，竖版 pls,mixed,high,"[""implicit_intent"",""code_switch"",""layout_modifier"",""boundary_nearby""]","{""subject_event"":""MBTI types or MBTI-mapped character set"",""information_type"":""personality classification and behavior comparison"",""style_layout"":""labeled cartoon multi-character chart""}",single,"[""template-mbti-generic""]",[],[],0.074924,template-mbti-generic,vir-s10,needs_review,core,,true,
vir-v2-core-vir-s10-23,"MBTI types during a group project — make the subject, key details, and visual organization instantly scannable; informal tone, 4:5 pls",en,high,"[""implicit_intent"",""underspecified"",""layout_modifier"",""boundary_nearby""]","{""subject_event"":""MBTI types or MBTI-mapped character set"",""information_type"":""personality classification and behavior comparison"",""style_layout"":""labeled cartoon multi-character chart""}",single,"[""template-mbti-generic""]",[],[],0.10101,template-mbti-generic,vir-s10,needs_review,core,,true,
vir-v2-core-vir-s10-26,Need football positions as MBTI types，信息要一眼扫懂但别做成 generic poster，竖版 pls,mixed,high,"[""implicit_intent"",""code_switch"",""typo_noise"",""boundary_nearby""]","{""subject_event"":""MBTI types or MBTI-mapped character set"",""information_type"":""personality classification and behavior comparison"",""style_layout"":""labeled cartoon multi-character chart""}",single,"[""template-mbti-generic""]",[],[],0.067176,template-mbti-generic,vir-s10,needs_review,core,,true,
vir-v2-core-vir-s10-27,办公室同事 MBTI 十六型，想做成一眼能看懂的竖版视觉，给新手看，别太学术哈,zh,high,"[""implicit_intent"",""underspecified"",""layout_modifier"",""boundary_nearby""]","{""subject_event"":""MBTI types or MBTI-mapped character set"",""information_type"":""personality classification and behavior comparison"",""style_layout"":""labeled cartoon multi-character chart""}",single,"[""template-mbti-generic""]",[],[],0.024691,template-mbti-generic,vir-s10,needs_review,core,,true,
vir-v2-core-vir-s11-01,请制作一张银杏的物种科普信息图。,zh,low,"[""different_example"",""explicit_artifact""]","{""subject_event"":""single plant or animal species"",""information_type"":""scientific facts, anatomy, habitat, and conservation"",""style_layout"":""central-species modular science infographic""}",single,"[""template-species-science""]",[],[],0.009208,template-species-science,vir-s11,auto_accepted,core,,true,
vir-v2-core-vir-s11-04,Create a species science infographic for red-crowned crane.,en,low,"[""different_example"",""explicit_artifact""]","{""subject_event"":""single plant or animal species"",""information_type"":""scientific facts, anatomy, habitat, and conservation"",""style_layout"":""central-species modular science infographic""}",single,"[""template-species-science""]",[],[],0.09375,template-species-science,vir-s11,auto_accepted,core,,true,
vir-v2-core-vir-s11-06,请制作一张雪豹的科学物种海报。,zh,low,"[""different_example"",""explicit_artifact""]","{""subject_event"":""single plant or animal species"",""information_type"":""scientific facts, anatomy, habitat, and conservation"",""style_layout"":""central-species modular science infographic""}",single,"[""template-species-science""]",[],[],0.007366,template-species-science,vir-s11,auto_accepted,core,,true,
vir-v2-core-vir-s11-07,Create a species science infographic for Chinese pangolin.,en,low,"[""different_example"",""explicit_artifact""]","{""subject_event"":""single plant or animal species"",""information_type"":""scientific facts, anatomy, habitat, and conservation"",""style_layout"":""central-species modular science infographic""}",single,"[""template-species-science""]",[],[],0.097606,template-species-science,vir-s11,auto_accepted,core,,true,
vir-v2-core-vir-s11-08,请制作一张桫椤的自然观察图鉴卡。,zh,low,"[""different_example"",""explicit_artifact""]","{""subject_event"":""single plant or animal species"",""information_type"":""scientific facts, anatomy, habitat, and conservation"",""style_layout"":""central-species modular science infographic""}",single,"[""template-species-science""]",[],[],0.009208,template-species-science,vir-s11,auto_accepted,core,,true,
vir-v2-core-vir-s11-11,能不能把银杏做成自然观察图鉴卡？给初学者看，风格清爽，竖版 4:5。,zh,medium,"[""paraphrase"",""conversational"",""audience_modifier"",""style_modifier""]","{""subject_event"":""single plant or animal species"",""information_type"":""scientific facts, anatomy, habitat, and conservation"",""style_layout"":""central-species modular science infographic""}",single,"[""template-species-science""]",[],[],0.01421,template-species-science,vir-s11,auto_accepted,core,,true,
vir-v2-core-vir-s11-14,能不能把丹顶鹤做成自然观察图鉴卡？给初学者看，风格清爽，竖版 4:5。,zh,medium,"[""paraphrase"",""conversational"",""audience_modifier"",""aspect_ratio_modifier""]","{""subject_event"":""single plant or animal species"",""information_type"":""scientific facts, anatomy, habitat, and conservation"",""style_layout"":""central-species modular science infographic""}",single,"[""template-species-science""]",[],[],0.015986,template-species-science,vir-s11,auto_accepted,core,,true,
vir-v2-core-vir-s11-16,能不能把雪豹做成物种科普信息图？给初学者看，风格清爽，竖版 4:5。,zh,medium,"[""paraphrase"",""conversational"",""audience_modifier"",""aspect_ratio_modifier""]","{""subject_event"":""single plant or animal species"",""information_type"":""scientific facts, anatomy, habitat, and conservation"",""style_layout"":""central-species modular science infographic""}",single,"[""template-species-science""]",[],[],0.01421,template-species-science,vir-s11,auto_accepted,core,,true,
vir-v2-core-vir-s11-18,桫椤 做成 a scientific species poster，for beginners，4:5 竖版。,mixed,medium,"[""paraphrase"",""conversational"",""audience_modifier"",""aspect_ratio_modifier""]","{""subject_event"":""single plant or animal species"",""information_type"":""scientific facts, anatomy, habitat, and conservation"",""style_layout"":""central-species modular science infographic""}",single,"[""template-species-science""]",[],[],0.06619,template-species-science,vir-s11,auto_accepted,core,,true,
vir-v2-core-vir-s11-21,Need ginkgo tree，信息要一眼扫懂但别做成 generic poster，竖版 pls,mixed,high,"[""implicit_intent"",""code_switch"",""layout_modifier"",""boundary_nearby""]","{""subject_event"":""single plant or animal species"",""information_type"":""scientific facts, anatomy, habitat, and conservation"",""style_layout"":""central-species modular science infographic""}",single,"[""template-species-science""]",[],[],0.042403,template-species-science,vir-s11,needs_review,core,,true,
vir-v2-core-vir-s11-24,丹顶鹤，想做成一眼能看懂的竖版视觉，给新手看，别太学术哈,zh,high,"[""implicit_intent"",""underspecified"",""typo_noise"",""boundary_nearby""]","{""subject_event"":""single plant or animal species"",""information_type"":""scientific facts, anatomy, habitat, and conservation"",""style_layout"":""central-species modular science infographic""}",single,"[""template-species-science""]",[],[],0.005348,template-species-science,vir-s11,needs_review,core,,true,
vir-v2-core-vir-s11-26,Need snow leopard，信息要一眼扫懂但别做成 generic poster，竖版 pls,mixed,high,"[""implicit_intent"",""code_switch"",""typo_noise"",""boundary_nearby""]","{""subject_event"":""single plant or animal species"",""information_type"":""scientific facts, anatomy, habitat, and conservation"",""style_layout"":""central-species modular science infographic""}",single,"[""template-species-science""]",[],[],0.04417,template-species-science,vir-s11,needs_review,core,,true,
vir-v2-core-vir-s11-27,中华穿山甲，想做成一眼能看懂的竖版视觉，给新手看，别太学术哈,zh,high,"[""implicit_intent"",""underspecified"",""layout_modifier"",""boundary_nearby""]","{""subject_event"":""single plant or animal species"",""information_type"":""scientific facts, anatomy, habitat, and conservation"",""style_layout"":""central-species modular science infographic""}",single,"[""template-species-science""]",[],[],0.008913,template-species-science,vir-s11,needs_review,core,,true,
vir-v2-core-vir-s11-28,"tree fern — make the subect, key details, and visual organization instantly scannable; informal tone, 4:5 pls",en,high,"[""implicit_intent"",""underspecified"",""typo_noise"",""boundary_nearby""]","{""subject_event"":""single plant or animal species"",""information_type"":""scientific facts, anatomy, habitat, and conservation"",""style_layout"":""central-species modular science infographic""}",single,"[""template-species-science""]",[],[],0.094276,template-species-science,vir-s11,needs_review,core,,true,
vir-v2-core-vir-s12-01,请制作一张爱因斯坦的人生原则的名人原则信息图。,zh,low,"[""different_example"",""explicit_artifact""]","{""subject_event"":""single famous or historical person"",""information_type"":""life principles, habits, and lessons"",""style_layout"":""portrait-led educational principles infographic""}",single,"[""template-figure-principles-infographic""]",[],[],0.020202,template-figure-principles-infographic,vir-s12,auto_accepted,core,,true,
vir-v2-core-vir-s12-03,请制作一张达芬奇的创作启示的肖像式习惯海报。,zh,low,"[""different_example"",""explicit_artifact""]","{""subject_event"":""single famous or historical person"",""information_type"":""life principles, habits, and lessons"",""style_layout"":""portrait-led educational principles infographic""}",single,"[""template-figure-principles-infographic""]",[],[],0.018519,template-figure-principles-infographic,vir-s12,auto_accepted,core,,true,
vir-v2-core-vir-s12-06,请制作一张莫扎特的创作习惯的肖像式习惯海报。,zh,low,"[""different_example"",""explicit_artifact""]","{""subject_event"":""single famous or historical person"",""information_type"":""life principles, habits, and lessons"",""style_layout"":""portrait-led educational principles infographic""}",single,"[""template-figure-principles-infographic""]",[],[],0.018519,template-figure-principles-infographic,vir-s12,auto_accepted,core,,true,
vir-v2-core-vir-s12-11,能不能把爱因斯坦的人生原则做成人物人生经验图解？给初学者看，风格清爽，竖版 4:5。,zh,medium,"[""paraphrase"",""conversational"",""audience_modifier"",""style_modifier""]","{""subject_event"":""single famous or historical person"",""information_type"":""life principles, habits, and lessons"",""style_layout"":""portrait-led educational principles infographic""}",single,"[""template-figure-principles-infographic""]",[],[],0.022727,template-figure-principles-infographic,vir-s12,auto_accepted,core,,true,
vir-v2-core-vir-s12-13,达芬奇的创作启示 做成 a famous-figure principles infographic，for beginners，4:5 竖版。,mixed,medium,"[""paraphrase"",""conversational"",""audience_modifier"",""style_modifier""]","{""subject_event"":""single famous or historical person"",""information_type"":""life principles, habits, and lessons"",""style_layout"":""portrait-led educational principles infographic""}",single,"[""template-figure-principles-infographic""]",[],[],0.091803,template-figure-principles-infographic,vir-s12,auto_accepted,core,,true,
vir-v2-core-vir-s12-16,能不能把莫扎特的创作习惯做成名人原则信息图？给初学者看，风格清爽，竖版 4:5。,zh,medium,"[""paraphrase"",""conversational"",""audience_modifier"",""aspect_ratio_modifier""]","{""subject_event"":""single famous or historical person"",""information_type"":""life principles, habits, and lessons"",""style_layout"":""portrait-led educational principles infographic""}",single,"[""template-figure-principles-infographic""]",[],[],0.019481,template-figure-principles-infographic,vir-s12,auto_accepted,core,,true,
vir-v2-core-vir-s12-21,Need Albert Einstein's life principles，信息要一眼扫懂但别做成 generic poster，竖版 pls,mixed,high,"[""implicit_intent"",""code_switch"",""layout_modifier"",""boundary_nearby""]","{""subject_event"":""single famous or historical person"",""information_type"":""life principles, habits, and lessons"",""style_layout"":""portrait-led educational principles infographic""}",single,"[""template-figure-principles-infographic""]",[],[],0.077922,template-figure-principles-infographic,vir-s12,needs_review,core,,true,
vir-v2-core-vir-s12-22,居里夫人的工作习惯，想做成一眼能看懂的竖版视觉，给新手看，别太学术哈,zh,high,"[""implicit_intent"",""underspecified"",""typo_noise"",""boundary_nearby""]","{""subject_event"":""single famous or historical person"",""information_type"":""life principles, habits, and lessons"",""style_layout"":""portrait-led educational principles infographic""}",single,"[""template-figure-principles-infographic""]",[],[],0.014706,template-figure-principles-infographic,vir-s12,needs_review,core,,true,
vir-v2-core-vir-s12-26,Need Mozart's creative routine，信息要一眼扫懂但别做成 generic poster，竖版 pls,mixed,high,"[""implicit_intent"",""code_switch"",""typo_noise"",""boundary_nearby""]","{""subject_event"":""single famous or historical person"",""information_type"":""life principles, habits, and lessons"",""style_layout"":""portrait-led educational principles infographic""}",single,"[""template-figure-principles-infographic""]",[],[],0.066558,template-figure-principles-infographic,vir-s12,needs_review,core,,true,
vir-v2-core-vir-s12-27,亚里士多德的核心思想，想做成一眼能看懂的竖版视觉，给新手看，别太学术哈,zh,high,"[""implicit_intent"",""underspecified"",""layout_modifier"",""boundary_nearby""]","{""subject_event"":""single famous or historical person"",""information_type"":""life principles, habits, and lessons"",""style_layout"":""portrait-led educational principles infographic""}",single,"[""template-figure-principles-infographic""]",[],[],0.01634,template-figure-principles-infographic,vir-s12,needs_review,core,,true,
vir-v2-core-vir-s13-01,请制作一张香薰机的温馨产品海报。,zh,low,"[""different_example"",""explicit_artifact""]","{""subject_event"":""small home or lifestyle product"",""information_type"":""promotion and feature highlighting"",""style_layout"":""warm single-product advertising poster""}",single,"[""template-product-poster""]",[],[],0.008929,template-product-poster,vir-s13,auto_accepted,core,,true,
vir-v2-core-vir-s13-03,请制作一张小型咖啡机的卖点型新品视觉。,zh,low,"[""different_example"",""explicit_artifact""]","{""subject_event"":""small home or lifestyle product"",""information_type"":""promotion and feature highlighting"",""style_layout"":""warm single-product advertising poster""}",single,"[""template-product-poster""]",[],[],0.014286,template-product-poster,vir-s13,auto_accepted,core,,true,
vir-v2-core-vir-s13-04,Create a cozy product poster for warm desk lamp.,en,low,"[""different_example"",""explicit_artifact""]","{""subject_event"":""small home or lifestyle product"",""information_type"":""promotion and feature highlighting"",""style_layout"":""warm single-product advertising poster""}",single,"[""template-product-poster""]",[],[],0.08229,template-product-poster,vir-s13,auto_accepted,core,,true,
vir-v2-core-vir-s13-05,帮我做一个 portable blender 的生活方式产品广告，labels 清楚一点。,mixed,low,"[""different_example"",""explicit_artifact""]","{""subject_event"":""small home or lifestyle product"",""information_type"":""promotion and feature highlighting"",""style_layout"":""warm single-product advertising poster""}",single,"[""template-product-poster""]",[],[],0.049123,template-product-poster,vir-s13,auto_accepted,core,,true,
vir-v2-core-vir-s13-07,Create a cozy product poster for Bluetooth speaker.,en,low,"[""different_example"",""explicit_artifact""]","{""subject_event"":""small home or lifestyle product"",""information_type"":""promotion and feature highlighting"",""style_layout"":""warm single-product advertising poster""}",single,"[""template-product-poster""]",[],[],0.083929,template-product-poster,vir-s13,auto_accepted,core,,true,
vir-v2-core-vir-s13-11,能不能把香薰机做成生活方式产品广告？给初学者看，风格清爽，竖版 4:5。,zh,medium,"[""paraphrase"",""conversational"",""audience_modifier"",""style_modifier""]","{""subject_event"":""small home or lifestyle product"",""information_type"":""promotion and feature highlighting"",""style_layout"":""warm single-product advertising poster""}",single,"[""template-product-poster""]",[],[],0.013746,template-product-poster,vir-s13,auto_accepted,core,,true,
vir-v2-core-vir-s13-13,小型咖啡机 做成 a cozy product poster，for beginners，4:5 竖版。,mixed,medium,"[""paraphrase"",""conversational"",""audience_modifier"",""style_modifier""]","{""subject_event"":""small home or lifestyle product"",""information_type"":""promotion and feature highlighting"",""style_layout"":""warm single-product advertising poster""}",single,"[""template-product-poster""]",[],[],0.055268,template-product-poster,vir-s13,auto_accepted,core,,true,
vir-v2-core-vir-s13-14,能不能把暖光台灯做成生活方式产品广告？给初学者看，风格清爽，竖版 4:5。,zh,medium,"[""paraphrase"",""conversational"",""audience_modifier"",""aspect_ratio_modifier""]","{""subject_event"":""small home or lifestyle product"",""information_type"":""promotion and feature highlighting"",""style_layout"":""warm single-product advertising poster""}",single,"[""template-product-poster""]",[],[],0.015464,template-product-poster,vir-s13,auto_accepted,core,,true,
vir-v2-core-vir-s13-21,Need aroma diffuser，信息要一眼扫懂但别做成 generic poster，竖版 pls,mixed,high,"[""implicit_intent"",""code_switch"",""layout_modifier"",""boundary_nearby""]","{""subject_event"":""small home or lifestyle product"",""information_type"":""promotion and feature highlighting"",""style_layout"":""warm single-product advertising poster""}",single,"[""template-product-poster""]",[],[],0.046392,template-product-poster,vir-s13,needs_review,core,,true,
vir-v2-core-vir-s13-23,"compact coffee maker — make the subject, key details, and visual organization instantly scannable; informal tone, 4:5 pls",en,high,"[""implicit_intent"",""underspecified"",""layout_modifier"",""boundary_nearby""]","{""subject_event"":""small home or lifestyle product"",""information_type"":""promotion and feature highlighting"",""style_layout"":""warm single-product advertising poster""}",single,"[""template-product-poster""]",[],[],0.087459,template-species-science,vir-s13,needs_review,core,,true,
vir-v2-core-vir-s13-24,暖光台灯，想做成一眼能看懂的竖版视觉，给新手看，别太学术哈,zh,high,"[""implicit_intent"",""underspecified"",""typo_noise"",""boundary_nearby""]","{""subject_event"":""small home or lifestyle product"",""information_type"":""promotion and feature highlighting"",""style_layout"":""warm single-product advertising poster""}",single,"[""template-product-poster""]",[],[],0.00692,template-product-poster,vir-s13,needs_review,core,,true,
vir-v2-core-vir-s13-25,"portable blender — make the subject, key details, and visual organization instantly scannable; informal tone, 4:5 pls",en,high,"[""implicit_intent"",""underspecified"",""layout_modifier"",""boundary_nearby""]","{""subject_event"":""small home or lifestyle product"",""information_type"":""promotion and feature highlighting"",""style_layout"":""warm single-product advertising poster""}",single,"[""template-product-poster""]",[],[],0.084577,template-species-science,vir-s13,needs_review,core,,true,
vir-v2-core-vir-s13-27,蓝牙音箱，想做成一眼能看懂的竖版视觉，给新手看，别太学术哈,zh,high,"[""implicit_intent"",""underspecified"",""layout_modifier"",""boundary_nearby""]","{""subject_event"":""small home or lifestyle product"",""information_type"":""promotion and feature highlighting"",""style_layout"":""warm single-product advertising poster""}",single,"[""template-product-poster""]",[],[],0.00692,template-product-poster,vir-s13,needs_review,core,,true,
vir-v2-core-vir-s14-01,请制作一张海浪灵感礼服的高定礼服设计稿。,zh,low,"[""different_example"",""explicit_artifact""]","{""subject_event"":""couture gown inspired by a theme"",""information_type"":""fashion concept development and annotation"",""style_layout"":""gown design sheet with technical sketch""}",single,"[""template-fashion-inspired-gown-design-sheet""]",[],[],0.016636,template-fashion-inspired-gown-design-sheet,vir-s14,auto_accepted,core,,true,
vir-v2-core-vir-s14-04,Create a couture gown design sheet for phoenix couture look.,en,low,"[""different_example"",""explicit_artifact""]","{""subject_event"":""couture gown inspired by a theme"",""information_type"":""fashion concept development and annotation"",""style_layout"":""gown design sheet with technical sketch""}",single,"[""template-fashion-inspired-gown-design-sheet""]",[],[],0.096475,template-fashion-inspired-gown-design-sheet,vir-s14,auto_accepted,core,,true,
vir-v2-core-vir-s14-07,Create a couture gown design sheet for desert-dune couture dress.,en,low,"[""different_example"",""explicit_artifact""]","{""subject_event"":""couture gown inspired by a theme"",""information_type"":""fashion concept development and annotation"",""style_layout"":""gown design sheet with technical sketch""}",single,"[""template-fashion-inspired-gown-design-sheet""]",[],[],0.103896,template-fashion-inspired-gown-design-sheet,vir-s14,auto_accepted,core,,true,
vir-v2-core-vir-s14-10,帮我做一个 volcanic-lava statement gown 的高定礼服设计稿，labels 清楚一点。,mixed,low,"[""different_example"",""explicit_artifact""]","{""subject_event"":""couture gown inspired by a theme"",""information_type"":""fashion concept development and annotation"",""style_layout"":""gown design sheet with technical sketch""}",single,"[""template-fashion-inspired-gown-design-sheet""]",[],[],0.068592,template-fashion-inspired-gown-design-sheet,vir-s14,auto_accepted,core,,true,
vir-v2-core-vir-s14-11,能不能把海浪灵感礼服做成红毯礼服概念板？给初学者看，风格清爽，竖版 4:5。,zh,medium,"[""paraphrase"",""conversational"",""audience_modifier"",""style_modifier""]","{""subject_event"":""couture gown inspired by a theme"",""information_type"":""fashion concept development and annotation"",""style_layout"":""gown design sheet with technical sketch""}",single,"[""template-fashion-inspired-gown-design-sheet""]",[],[],0.017762,template-fashion-inspired-gown-design-sheet,vir-s14,auto_accepted,core,,true,
vir-v2-core-vir-s14-14,能不能把凤凰高定造型做成红毯礼服概念板？给初学者看，风格清爽，竖版 4:5。,zh,medium,"[""paraphrase"",""conversational"",""audience_modifier"",""aspect_ratio_modifier""]","{""subject_event"":""couture gown inspired by a theme"",""information_type"":""fashion concept development and annotation"",""style_layout"":""gown design sheet with technical sketch""}",single,"[""template-fashion-inspired-gown-design-sheet""]",[],[],0.017762,template-fashion-inspired-gown-design-sheet,vir-s14,auto_accepted,core,,true,
vir-v2-core-vir-s14-19,能不能把莲花灵感礼服做成高定礼服设计稿？给初学者看，风格清爽，竖版 4:5。,zh,medium,"[""paraphrase"",""conversational"",""audience_modifier"",""style_modifier""]","{""subject_event"":""couture gown inspired by a theme"",""information_type"":""fashion concept development and annotation"",""style_layout"":""gown design sheet with technical sketch""}",single,"[""template-fashion-inspired-gown-design-sheet""]",[],[],0.017762,template-fashion-inspired-gown-design-sheet,vir-s14,auto_accepted,core,,true,
vir-v2-core-vir-s14-21,Need ocean-wave inspired gown，信息要一眼扫懂但别做成 generic poster，竖版 pls,mixed,high,"[""implicit_intent"",""code_switch"",""layout_modifier"",""boundary_nearby""]","{""subject_event"":""couture gown inspired by a theme"",""information_type"":""fashion concept development and annotation"",""style_layout"":""gown design sheet with technical sketch""}",single,"[""template-fashion-inspired-gown-design-sheet""]",[],[],0.054291,template-fashion-inspired-gown-design-sheet,vir-s14,needs_review,core,,true,
vir-v2-core-vir-s14-24,凤凰高定造型，想做成一眼能看懂的竖版视觉，给新手看，别太学术哈,zh,high,"[""implicit_intent"",""underspecified"",""typo_noise"",""boundary_nearby""]","{""subject_event"":""couture gown inspired by a theme"",""information_type"":""fashion concept development and annotation"",""style_layout"":""gown design sheet with technical sketch""}",single,"[""template-fashion-inspired-gown-design-sheet""]",[],[],0.010733,template-fashion-inspired-gown-design-sheet,vir-s14,needs_review,core,,true,
vir-v2-core-vir-s14-27,沙丘灵感高定礼服，想做成一眼能看懂的竖版视觉，给新手看，别太学术哈,zh,high,"[""implicit_intent"",""underspecified"",""layout_modifier"",""boundary_nearby""]","{""subject_event"":""couture gown inspired by a theme"",""information_type"":""fashion concept development and annotation"",""style_layout"":""gown design sheet with technical sketch""}",single,"[""template-fashion-inspired-gown-design-sheet""]",[],[],0.014311,template-fashion-inspired-gown-design-sheet,vir-s14,needs_review,core,,true,
vir-v2-core-vir-s14-29,莲花灵感礼服，想做成一眼能看懂的竖版视觉，给新手看，别太学术哈,zh,high,"[""implicit_intent"",""underspecified"",""layout_modifier"",""boundary_nearby""]","{""subject_event"":""couture gown inspired by a theme"",""information_type"":""fashion concept development and annotation"",""style_layout"":""gown design sheet with technical sketch""}",single,"[""template-fashion-inspired-gown-design-sheet""]",[],[],0.010733,template-fashion-inspired-gown-design-sheet,vir-s14,needs_review,core,,true,
vir-v2-core-vir-s14-30,"volcnic-lava statement gown — make the subject, key details, and visual organization instantly scannable; informal tone, 4:5 pls",en,high,"[""implicit_intent"",""underspecified"",""typo_noise"",""boundary_nearby""]","{""subject_event"":""couture gown inspired by a theme"",""information_type"":""fashion concept development and annotation"",""style_layout"":""gown design sheet with technical sketch""}",single,"[""template-fashion-inspired-gown-design-sheet""]",[],[],0.100494,template-fashion-inspired-gown-design-sheet,vir-s14,needs_review,core,,true,
vir-v2-core-vir-s15-01,请制作一张INFJ 与 ENTP 恋爱配对的MBTI 兼容性图表。,zh,low,"[""different_example"",""explicit_artifact""]","{""subject_event"":""pair of MBTI personality types"",""information_type"":""relationship compatibility comparison"",""style_layout"":""cute dual-character comparison infographic""}",single,"[""template-mbti-personality-compatibility-infographic""]",[],[],0.056689,template-mbti-personality-compatibility-infographic,vir-s15,auto_accepted,core,,true,
vir-v2-core-vir-s15-03,请制作一张ISTP 与 ESFJ 兼容性的人格配对对比图。,zh,low,"[""different_example"",""explicit_artifact""]","{""subject_event"":""pair of MBTI personality types"",""information_type"":""relationship compatibility comparison"",""style_layout"":""cute dual-character comparison infographic""}",single,"[""template-mbti-personality-compatibility-infographic""]",[],[],0.045351,template-mbti-personality-compatibility-infographic,vir-s15,auto_accepted,core,,true,
vir-v2-core-vir-s15-08,请制作一张ESFP 与 ISTJ 关系的双人格关系信息图。,zh,low,"[""different_example"",""explicit_artifact""]","{""subject_event"":""pair of MBTI personality types"",""information_type"":""relationship compatibility comparison"",""style_layout"":""cute dual-character comparison infographic""}",single,"[""template-mbti-personality-compatibility-infographic""]",[],[],0.045351,template-mbti-personality-compatibility-infographic,vir-s15,auto_accepted,core,,true,
vir-v2-core-vir-s15-11,能不能把INFJ 与 ENTP 恋爱配对做成双人格关系信息图？给初学者看，风格清爽，竖版 4:5。,zh,medium,"[""paraphrase"",""conversational"",""audience_modifier"",""style_modifier""]","{""subject_event"":""pair of MBTI personality types"",""information_type"":""relationship compatibility comparison"",""style_layout"":""cute dual-character comparison infographic""}",single,"[""template-mbti-personality-compatibility-infographic""]",[],[],0.049676,template-mbti-personality-compatibility-infographic,vir-s15,auto_accepted,core,,true,
vir-v2-core-vir-s15-14,能不能把INFP 与 ENTJ 情侣相处做成双人格关系信息图？给初学者看，风格清爽，竖版 4:5。,zh,medium,"[""paraphrase"",""conversational"",""audience_modifier"",""aspect_ratio_modifier""]","{""subject_event"":""pair of MBTI personality types"",""information_type"":""relationship compatibility comparison"",""style_layout"":""cute dual-character comparison infographic""}",single,"[""template-mbti-personality-compatibility-infographic""]",[],[],0.049676,template-mbti-personality-compatibility-infographic,vir-s15,auto_accepted,core,,true,
vir-v2-core-vir-s15-21,Need INFJ and ENTP dating，信息要一眼扫懂但别做成 generic poster，竖版 pls,mixed,high,"[""implicit_intent"",""code_switch"",""layout_modifier"",""boundary_nearby""]","{""subject_event"":""pair of MBTI personality types"",""information_type"":""relationship compatibility comparison"",""style_layout"":""cute dual-character comparison infographic""}",single,"[""template-mbti-personality-compatibility-infographic""]",[],[],0.061834,template-mbti-personality-compatibility-infographic,vir-s15,needs_review,core,,true,
vir-v2-core-vir-s15-23,"ISTP and ESFJ compatibility — make the subject, key details, and visual organization instantly scannable; informal tone, 4:5 pls",en,high,"[""implicit_intent"",""underspecified"",""layout_modifier"",""boundary_nearby""]","{""subject_event"":""pair of MBTI personality types"",""information_type"":""relationship compatibility comparison"",""style_layout"":""cute dual-character comparison infographic""}",single,"[""template-mbti-personality-compatibility-infographic""]",[],[],0.08646,template-species-science,vir-s15,needs_review,core,,true,
vir-v2-core-vir-s15-24,INFP 与 ENTJ 情侣相处，想做成一眼能看懂的竖版视觉，给新手看，别太学术哈,zh,high,"[""implicit_intent"",""underspecified"",""typo_noise"",""boundary_nearby""]","{""subject_event"":""pair of MBTI personality types"",""information_type"":""relationship compatibility comparison"",""style_layout"":""cute dual-character comparison infographic""}",single,"[""template-mbti-personality-compatibility-infographic""]",[],[],0.041485,template-mbti-personality-compatibility-infographic,vir-s15,needs_review,core,,true,
vir-v2-core-vir-s15-27,ENTP 与 INTJ 长期配对，想做成一眼能看懂的竖版视觉，给新手看，别太学术哈,zh,high,"[""implicit_intent"",""underspecified"",""layout_modifier"",""boundary_nearby""]","{""subject_event"":""pair of MBTI personality types"",""information_type"":""relationship compatibility comparison"",""style_layout"":""cute dual-character comparison infographic""}",single,"[""template-mbti-personality-compatibility-infographic""]",[],[],0.041485,template-mbti-personality-compatibility-infographic,vir-s15,needs_review,core,,true,
vir-v2-core-vir-s15-28,"ESFP and ISTJ relatinship — make the subject, key details, and visual organization instantly scannable; informal tone, 4:5 pls",en,high,"[""implicit_intent"",""underspecified"",""typo_noise"",""boundary_nearby""]","{""subject_event"":""pair of MBTI personality types"",""information_type"":""relationship compatibility comparison"",""style_layout"":""cute dual-character comparison infographic""}",single,"[""template-mbti-personality-compatibility-infographic""]",[],[],0.079805,template-species-science,vir-s15,needs_review,core,,true,
vir-v2-challenge-amb-001,想做中英双语同音词学习卡，带词义对照，可以偏英语易混词信息图，也可以按双语词汇海报来呈现，重点还没定。,zh,high,"[""boundary_case"",""ambiguous_intent"",""conflicting_modifier""]","{""subject_event"":""English confusing word relationships | language vocabulary on a chosen topic"",""information_type"":""definition and distinction | bilingual vocabulary learning"",""style_layout"":""boxed educational word-list infographic | illustrated card grid or visual guide""}",ambiguous,"[""template-english-grammar-wordlist-infographic"",""template-vocabulary""]","[[""template-english-grammar-wordlist-infographic""],[""template-vocabulary""]]",[],0.01626,template-english-grammar-wordlist-infographic,,needs_review,challenge,ambiguous,true,
vir-v2-challenge-amb-004,想做同时包含空间配色和阅读仪式的治愈阅读角灵感，可以偏室内设计情绪板，也可以按水彩生活方式指南来呈现，重点还没定。,zh,high,"[""boundary_case"",""ambiguous_intent"",""conflicting_modifier""]","{""subject_event"":""interior space design | cozy everyday lifestyle"",""information_type"":""style and material inspiration | tips, habits, or aesthetic inspiration"",""style_layout"":""interior mood board | warm watercolor infographic poster""}",ambiguous,"[""template-interior-design-mood-board-generator"",""template-lifestyle-watercolor-infographic""]","[[""template-interior-design-mood-board-generator""],[""template-lifestyle-watercolor-infographic""]]",[],0.015411,template-lifestyle-watercolor-infographic,,needs_review,challenge,boundary,true,
vir-v2-challenge-amb-007,想做面向儿童、包含关键知识和物种细节的银杏科普卡，可以偏知识科普卡，也可以按物种科普信息图来呈现，重点还没定。,zh,high,"[""boundary_case"",""ambiguous_intent"",""conflicting_modifier""]","{""subject_event"":""general educational topic | single plant or animal species"",""information_type"":""accessible explanation and key facts | scientific facts, anatomy, habitat, and conservation"",""style_layout"":""modular 3:4 knowledge card infographic | central-species modular science infographic""}",ambiguous,"[""template-education-card"",""template-species-science""]","[[""template-education-card""],[""template-species-science""]]",[],0.008562,template-species-science,,needs_review,challenge,conflicting_style_information,true,
vir-v2-challenge-amb-010,想做围绕电热水壶和使用益处展开的治愈饮茶视觉，可以偏水彩生活方式指南，也可以按温馨产品海报来呈现，重点还没定。,zh,high,"[""boundary_case"",""ambiguous_intent"",""conflicting_modifier""]","{""subject_event"":""cozy everyday lifestyle | small home or lifestyle product"",""information_type"":""tips, habits, or aesthetic inspiration | promotion and feature highlighting"",""style_layout"":""warm watercolor infographic poster | warm single-product advertising poster""}",ambiguous,"[""template-lifestyle-watercolor-infographic"",""template-product-poster""]","[[""template-lifestyle-watercolor-infographic""],[""template-product-poster""]]",[],0.013356,template-product-poster,,needs_review,challenge,ambiguous,true,
vir-v2-challenge-amb-013,想做面向儿童讲解剪纸历史与工序的知识卡，可以偏知识科普卡，也可以按非遗科普展板来呈现，重点还没定。,zh,high,"[""boundary_case"",""ambiguous_intent"",""conflicting_modifier""]","{""subject_event"":""general educational topic | traditional heritage craft"",""information_type"":""accessible explanation and key facts | history, process, meaning, and preservation"",""style_layout"":""modular 3:4 knowledge card infographic | dense A3 heritage information board""}",ambiguous,"[""template-education-card"",""template-intangible-heritage""]","[[""template-education-card""],[""template-intangible-heritage""]]",[],0.006547,template-intangible-heritage,,needs_review,challenge,boundary,true,
vir-v2-challenge-amb-016,想做可侧重行为对比或关系适配的 INFJ 与 ENTP 人格图，可以偏MBTI 十六型角色图，也可以按MBTI 兼容性图表来呈现，重点还没定。,zh,high,"[""boundary_case"",""ambiguous_intent"",""conflicting_modifier""]","{""subject_event"":""MBTI types or MBTI-mapped character set | pair of MBTI personality types"",""information_type"":""personality classification and behavior comparison | relationship compatibility comparison"",""style_layout"":""labeled cartoon multi-character chart | cute dual-character comparison infographic""}",ambiguous,"[""template-mbti-generic"",""template-mbti-personality-compatibility-infographic""]","[[""template-mbti-generic""],[""template-mbti-personality-compatibility-infographic""]]",[],0.047619,template-mbti-personality-compatibility-infographic,,needs_review,challenge,conflicting_style_information,true,
vir-v2-challenge-amb-019,想做中英双语同音词学习卡，带词义对照，可以偏英语易混词信息图，也可以按双语词汇海报来呈现，重点还没定。 给青少年看，内容精简。,zh,high,"[""boundary_case"",""ambiguous_intent"",""conflicting_modifier""]","{""subject_event"":""English confusing word relationships | language vocabulary on a chosen topic"",""information_type"":""definition and distinction | bilingual vocabulary learning"",""style_layout"":""boxed educational word-list infographic | illustrated card grid or visual guide""}",ambiguous,"[""template-english-grammar-wordlist-infographic"",""template-vocabulary""]","[[""template-english-grammar-wordlist-infographic""],[""template-vocabulary""]]",[],0.015924,template-english-grammar-wordlist-infographic,,needs_review,challenge,ambiguous,true,
vir-v2-challenge-amb-022,想做同时包含空间配色和阅读仪式的治愈阅读角灵感，可以偏室内设计情绪板，也可以按水彩生活方式指南来呈现，重点还没定。 给青少年看，内容精简。,zh,high,"[""boundary_case"",""ambiguous_intent"",""conflicting_modifier""]","{""subject_event"":""interior space design | cozy everyday lifestyle"",""information_type"":""style and material inspiration | tips, habits, or aesthetic inspiration"",""style_layout"":""interior mood board | warm watercolor infographic poster""}",ambiguous,"[""template-interior-design-mood-board-generator"",""template-lifestyle-watercolor-infographic""]","[[""template-interior-design-mood-board-generator""],[""template-lifestyle-watercolor-infographic""]]",[],0.015075,template-lifestyle-watercolor-infographic,,needs_review,challenge,boundary,true,
vir-v2-challenge-amb-025,想做面向儿童、包含关键知识和物种细节的银杏科普卡，可以偏知识科普卡，也可以按物种科普信息图来呈现，重点还没定。 给青少年看，内容精简。,zh,high,"[""boundary_case"",""ambiguous_intent"",""conflicting_modifier""]","{""subject_event"":""general educational topic | single plant or animal species"",""information_type"":""accessible explanation and key facts | scientific facts, anatomy, habitat, and conservation"",""style_layout"":""modular 3:4 knowledge card infographic | central-species modular science infographic""}",ambiguous,"[""template-education-card"",""template-species-science""]","[[""template-education-card""],[""template-species-science""]]",[],0.008375,template-species-science,,needs_review,challenge,conflicting_style_information,true,
vir-v2-challenge-amb-028,想做围绕电热水壶和使用益处展开的治愈饮茶视觉，可以偏水彩生活方式指南，也可以按温馨产品海报来呈现，重点还没定。 给青少年看，内容精简。,zh,high,"[""boundary_case"",""ambiguous_intent"",""conflicting_modifier""]","{""subject_event"":""cozy everyday lifestyle | small home or lifestyle product"",""information_type"":""tips, habits, or aesthetic inspiration | promotion and feature highlighting"",""style_layout"":""warm watercolor infographic poster | warm single-product advertising poster""}",ambiguous,"[""template-lifestyle-watercolor-infographic"",""template-product-poster""]","[[""template-lifestyle-watercolor-infographic""],[""template-product-poster""]]",[],0.013072,template-product-poster,,needs_review,challenge,ambiguous,true,
vir-v2-challenge-amb-031,想做面向儿童讲解剪纸历史与工序的知识卡，可以偏知识科普卡，也可以按非遗科普展板来呈现，重点还没定。 给青少年看，内容精简。,zh,high,"[""boundary_case"",""ambiguous_intent"",""conflicting_modifier""]","{""subject_event"":""general educational topic | traditional heritage craft"",""information_type"":""accessible explanation and key facts | history, process, meaning, and preservation"",""style_layout"":""modular 3:4 knowledge card infographic | dense A3 heritage information board""}",ambiguous,"[""template-education-card"",""template-intangible-heritage""]","[[""template-education-card""],[""template-intangible-heritage""]]",[],0.00641,template-intangible-heritage,,needs_review,challenge,boundary,true,
vir-v2-challenge-amb-034,想做可侧重行为对比或关系适配的 INFJ 与 ENTP 人格图，可以偏MBTI 十六型角色图，也可以按MBTI 兼容性图表来呈现，重点还没定。 给青少年看，内容精简。,zh,high,"[""boundary_case"",""ambiguous_intent"",""conflicting_modifier""]","{""subject_event"":""MBTI types or MBTI-mapped character set | pair of MBTI personality types"",""information_type"":""personality classification and behavior comparison | relationship compatibility comparison"",""style_layout"":""labeled cartoon multi-character chart | cute dual-character comparison infographic""}",ambiguous,"[""template-mbti-generic"",""template-mbti-personality-compatibility-infographic""]","[[""template-mbti-generic""],[""template-mbti-personality-compatibility-infographic""]]",[],0.046371,template-mbti-personality-compatibility-infographic,,needs_review,challenge,conflicting_style_information,true,
vir-v2-challenge-amb-037,想做中英双语同音词学习卡，带词义对照，可以偏英语易混词信息图，也可以按双语词汇海报来呈现，重点还没定。 用竖版 4:5 排版。,zh,high,"[""boundary_case"",""ambiguous_intent"",""conflicting_modifier""]","{""subject_event"":""English confusing word relationships | language vocabulary on a chosen topic"",""information_type"":""definition and distinction | bilingual vocabulary learning"",""style_layout"":""boxed educational word-list infographic | illustrated card grid or visual guide""}",ambiguous,"[""template-english-grammar-wordlist-infographic"",""template-vocabulary""]","[[""template-english-grammar-wordlist-infographic""],[""template-vocabulary""]]",[],0.015873,template-english-grammar-wordlist-infographic,,needs_review,challenge,ambiguous,true,
vir-v2-challenge-amb-040,想做同时包含空间配色和阅读仪式的治愈阅读角灵感，可以偏室内设计情绪板，也可以按水彩生活方式指南来呈现，重点还没定。 用竖版 4:5 排版。,zh,high,"[""boundary_case"",""ambiguous_intent"",""conflicting_modifier""]","{""subject_event"":""interior space design | cozy everyday lifestyle"",""information_type"":""style and material inspiration | tips, habits, or aesthetic inspiration"",""style_layout"":""interior mood board | warm watercolor infographic poster""}",ambiguous,"[""template-interior-design-mood-board-generator"",""template-lifestyle-watercolor-infographic""]","[[""template-interior-design-mood-board-generator""],[""template-lifestyle-watercolor-infographic""]]",[],0.015025,template-lifestyle-watercolor-infographic,,needs_review,challenge,boundary,true,
vir-v2-challenge-amb-043,想做面向儿童、包含关键知识和物种细节的银杏科普卡，可以偏知识科普卡，也可以按物种科普信息图来呈现，重点还没定。 用竖版 4:5 排版。,zh,high,"[""boundary_case"",""ambiguous_intent"",""conflicting_modifier""]","{""subject_event"":""general educational topic | single plant or animal species"",""information_type"":""accessible explanation and key facts | scientific facts, anatomy, habitat, and conservation"",""style_layout"":""modular 3:4 knowledge card infographic | central-species modular science infographic""}",ambiguous,"[""template-education-card"",""template-species-science""]","[[""template-education-card""],[""template-species-science""]]",[],0.011725,template-species-science,,needs_review,challenge,conflicting_style_information,true,
vir-v2-challenge-amb-046,想做围绕电热水壶和使用益处展开的治愈饮茶视觉，可以偏水彩生活方式指南，也可以按温馨产品海报来呈现，重点还没定。 用竖版 4:5 排版。,zh,high,"[""boundary_case"",""ambiguous_intent"",""conflicting_modifier""]","{""subject_event"":""cozy everyday lifestyle | small home or lifestyle product"",""information_type"":""tips, habits, or aesthetic inspiration | promotion and feature highlighting"",""style_layout"":""warm watercolor infographic poster | warm single-product advertising poster""}",ambiguous,"[""template-lifestyle-watercolor-infographic"",""template-product-poster""]","[[""template-lifestyle-watercolor-infographic""],[""template-product-poster""]]",[],0.013029,template-product-poster,,needs_review,challenge,ambiguous,true,
vir-v2-challenge-amb-049,想做面向儿童讲解剪纸历史与工序的知识卡，可以偏知识科普卡，也可以按非遗科普展板来呈现，重点还没定。 用竖版 4:5 排版。,zh,high,"[""boundary_case"",""ambiguous_intent"",""conflicting_modifier""]","{""subject_event"":""general educational topic | traditional heritage craft"",""information_type"":""accessible explanation and key facts | history, process, meaning, and preservation"",""style_layout"":""modular 3:4 knowledge card infographic | dense A3 heritage information board""}",ambiguous,"[""template-education-card"",""template-intangible-heritage""]","[[""template-education-card""],[""template-intangible-heritage""]]",[],0.008368,template-education-card,,needs_review,challenge,boundary,true,
vir-v2-challenge-amb-052,想做可侧重行为对比或关系适配的 INFJ 与 ENTP 人格图，可以偏MBTI 十六型角色图，也可以按MBTI 兼容性图表来呈现，重点还没定。 用竖版 4:5 排版。,zh,high,"[""boundary_case"",""ambiguous_intent"",""conflicting_modifier""]","{""subject_event"":""MBTI types or MBTI-mapped character set | pair of MBTI personality types"",""information_type"":""personality classification and behavior comparison | relationship compatibility comparison"",""style_layout"":""labeled cartoon multi-character chart | cute dual-character comparison infographic""}",ambiguous,"[""template-mbti-generic"",""template-mbti-personality-compatibility-infographic""]","[[""template-mbti-generic""],[""template-mbti-personality-compatibility-infographic""]]",[],0.046185,template-mbti-personality-compatibility-infographic,,needs_review,challenge,conflicting_style_information,true,
vir-v2-challenge-amb-055,想做中英双语同音词学习卡，带词义对照，可以偏英语易混词信息图，也可以按双语词汇海报来呈现，重点还没定。 语气轻松但信息要靠谱。,zh,high,"[""boundary_case"",""ambiguous_intent"",""conflicting_modifier""]","{""subject_event"":""English confusing word relationships | language vocabulary on a chosen topic"",""information_type"":""definition and distinction | bilingual vocabulary learning"",""style_layout"":""boxed educational word-list infographic | illustrated card grid or visual guide""}",ambiguous,"[""template-english-grammar-wordlist-infographic"",""template-vocabulary""]","[[""template-english-grammar-wordlist-infographic""],[""template-vocabulary""]]",[],0.015949,template-english-grammar-wordlist-infographic,,needs_review,challenge,ambiguous,true,
vir-v2-challenge-amb-058,想做同时包含空间配色和阅读仪式的治愈阅读角灵感，可以偏室内设计情绪板，也可以按水彩生活方式指南来呈现，重点还没定。 语气轻松但信息要靠谱。,zh,high,"[""boundary_case"",""ambiguous_intent"",""conflicting_modifier""]","{""subject_event"":""interior space design | cozy everyday lifestyle"",""information_type"":""style and material inspiration | tips, habits, or aesthetic inspiration"",""style_layout"":""interior mood board | warm watercolor infographic poster""}",ambiguous,"[""template-interior-design-mood-board-generator"",""template-lifestyle-watercolor-infographic""]","[[""template-interior-design-mood-board-generator""],[""template-lifestyle-watercolor-infographic""]]",[],0.015101,template-lifestyle-watercolor-infographic,,needs_review,challenge,boundary,true,
vir-v2-challenge-multi-001,"Create two coordinated visuals: an ESL word-pair infographic for common homophones for beginners, and an illustrated word-card set for English-Chinese space terms.",en,medium,"[""multi_intent"",""multi_clause"",""paired_artifacts""]","{""subject_event"":""English confusing word relationships + language vocabulary on a chosen topic"",""information_type"":""definition and distinction + bilingual vocabulary learning"",""style_layout"":""boxed educational word-list infographic + illustrated card grid or visual guide""}",multi,"[""template-english-grammar-wordlist-infographic"",""template-vocabulary""]",[],"[{""template_id"":""template-english-grammar-wordlist-infographic"",""score"":0.168539,""rank"":1},{""template_id"":""template-vocabulary"",""score"":0.155887,""rank"":2},{""template_id"":""template-species-science"",""score"":0.111111,""rank"":3},{""template_id"":""template-lifestyle-watercolor-infographic"",""score"":0.103834,""rank"":4},{""template_id"":""template-recipe"",""score"":0.094637,""rank"":5}]",0.168539,template-english-grammar-wordlist-infographic,,needs_review,challenge,multi_intent,false,
vir-v2-challenge-multi-002,做 two coordinated visuals：a room palette and material board for warm minimalist bedroom，再做 a scientific species poster for Chinese pangolin。,mixed,high,"[""multi_intent"",""code_switch"",""paired_artifacts""]","{""subject_event"":""interior space design + single plant or animal species"",""information_type"":""style and material inspiration + scientific facts, anatomy, habitat, and conservation"",""style_layout"":""interior mood board + central-species modular science infographic""}",multi,"[""template-interior-design-mood-board-generator"",""template-species-science""]",[],"[{""template_id"":""template-interior-design-mood-board-generator"",""score"":0.149278,""rank"":1},{""template_id"":""template-vocabulary"",""score"":0.120718,""rank"":2},{""template_id"":""template-species-science"",""score"":0.116585,""rank"":3},{""template_id"":""template-recipe"",""score"":0.101449,""rank"":4},{""template_id"":""template-lifestyle-watercolor-infographic"",""score"":0.093098,""rank"":5}]",0.149278,template-interior-design-mood-board-generator,,needs_review,challenge,multi_intent,false,
vir-v2-challenge-multi-003,做一套两张配套视觉：第一张是雨天自我关怀的水彩生活方式指南，第二张是桫椤的物种科普信息图。,zh,high,"[""multi_intent"",""multi_clause"",""paired_artifacts""]","{""subject_event"":""cozy everyday lifestyle + single plant or animal species"",""information_type"":""tips, habits, or aesthetic inspiration + scientific facts, anatomy, habitat, and conservation"",""style_layout"":""warm watercolor infographic poster + central-species modular science infographic""}",multi,"[""template-lifestyle-watercolor-infographic"",""template-species-science""]",[],[],0.021127,template-lifestyle-watercolor-infographic,,needs_review,challenge,multi_intent,true,
vir-v2-challenge-multi-004,"Create two coordinated visuals: a 16-type MBTI character chart for MBTI personalities at a party, and a two-type relationship infographic for ENFP and INFJ compatibility.",en,medium,"[""multi_intent"",""multi_clause"",""paired_artifacts""]","{""subject_event"":""MBTI types or MBTI-mapped character set + pair of MBTI personality types"",""information_type"":""personality classification and behavior comparison + relationship compatibility comparison"",""style_layout"":""labeled cartoon multi-character chart + cute dual-character comparison infographic""}",multi,"[""template-mbti-generic"",""template-mbti-personality-compatibility-infographic""]",[],"[{""template_id"":""template-mbti-personality-compatibility-infographic"",""score"":0.223382,""rank"":1},{""template_id"":""template-mbti-generic"",""score"":0.136164,""rank"":2},{""template_id"":""template-travel"",""score"":0.08806,""rank"":3},{""template_id"":""template-lifestyle-watercolor-infographic"",""score"":0.084906,""rank"":4},{""template_id"":""template-english-grammar-wordlist-infographic"",""score"":0.083458,""rank"":5}]",0.223382,template-mbti-personality-compatibility-infographic,,needs_review,challenge,multi_intent,false,
vir-v2-challenge-multi-005,先做 broken windows theory 的知识科普卡，plus a biometric passport photo of me。,mixed,high,"[""multi_intent"",""code_switch"",""supported_plus_unsupported""]","{""subject_event"":""general educational topic + identity portrait"",""information_type"":""accessible explanation and key facts + unsupported portrait creation"",""style_layout"":""modular 3:4 knowledge card infographic + official photo""}",multi,"[""template-education-card""]",[],[],0.055874,template-education-card,,needs_review,challenge,supported_plus_unsupported,true,
vir-v2-challenge-multi-006,做一套两张配套视觉：第一张是电子游戏女主角的九宫格角色海报，第二张是漫威英雄 MBTI 十六型的MBTI 十六型角色图。,zh,high,"[""multi_intent"",""multi_clause"",""paired_artifacts""]","{""subject_event"":""fandom or themed character ensemble + MBTI types or MBTI-mapped character set"",""information_type"":""character collection and showcase + personality classification and behavior comparison"",""style_layout"":""vertical cinematic character grid poster + labeled cartoon multi-character chart""}",multi,"[""template-fandom-character-grid-poster"",""template-mbti-generic""]",[],[],0.024169,template-mbti-generic,,needs_review,challenge,multi_intent,true,
vir-v2-challenge-multi-007,"Create two coordinated visuals: a popular-science knowledge card for muscle growth basics, and a traditional craft infographic for cloisonne enamel craft.",en,medium,"[""multi_intent"",""multi_clause"",""paired_artifacts""]","{""subject_event"":""general educational topic + traditional heritage craft"",""information_type"":""accessible explanation and key facts + history, process, meaning, and preservation"",""style_layout"":""modular 3:4 knowledge card infographic + dense A3 heritage information board""}",multi,"[""template-education-card"",""template-intangible-heritage""]",[],"[{""template_id"":""template-education-card"",""score"":0.138268,""rank"":1},{""template_id"":""template-intangible-heritage"",""score"":0.114198,""rank"":2},{""template_id"":""template-species-science"",""score"":0.103834,""rank"":3},{""template_id"":""template-recipe"",""score"":0.103175,""rank"":4},{""template_id"":""template-vocabulary"",""score"":0.097484,""rank"":5}]",0.138268,template-education-card,,needs_review,challenge,multi_intent,false,
vir-v2-challenge-multi-008,做 two coordinated visuals：a nine-character cast grid for iconic TV detectives，再做 a personality pairing comparison for ISTP and ESFJ compatibility。,mixed,high,"[""multi_intent"",""code_switch"",""paired_artifacts""]","{""subject_event"":""fandom or themed character ensemble + pair of MBTI personality types"",""information_type"":""character collection and showcase + relationship compatibility comparison"",""style_layout"":""vertical cinematic character grid poster + cute dual-character comparison infographic""}",multi,"[""template-fandom-character-grid-poster"",""template-mbti-personality-compatibility-infographic""]",[],"[{""template_id"":""template-mbti-personality-compatibility-infographic"",""score"":0.171026,""rank"":1},{""template_id"":""template-fandom-character-grid-poster"",""score"":0.119335,""rank"":2},{""template_id"":""template-mbti-generic"",""score"":0.109195,""rank"":3},{""template_id"":""template-interior-design-mood-board-generator"",""score"":0.087481,""rank"":4},{""template_id"":""template-vocabulary"",""score"":0.086342,""rank"":5}]",0.171026,template-mbti-personality-compatibility-infographic,,needs_review,challenge,multi_intent,false,
vir-v2-challenge-multi-009,做一套两张配套视觉：第一张是中古风阅读角的室内设计情绪板，第二张是暖光台灯的温馨产品海报。,zh,high,"[""multi_intent"",""multi_clause"",""paired_artifacts""]","{""subject_event"":""interior space design + small home or lifestyle product"",""information_type"":""style and material inspiration + promotion and feature highlighting"",""style_layout"":""interior mood board + warm single-product advertising poster""}",multi,"[""template-interior-design-mood-board-generator"",""template-product-poster""]",[],[],0.016529,template-interior-design-mood-board-generator,,needs_review,challenge,multi_intent,true,
vir-v2-challenge-multi-010,"Create a cozy watercolor lifestyle guide for calm desk break routine, plus a biometric passport photo of me.",en,medium,"[""multi_intent"",""multi_clause"",""supported_plus_unsupported""]","{""subject_event"":""cozy everyday lifestyle + identity portrait"",""information_type"":""tips, habits, or aesthetic inspiration + unsupported portrait creation"",""style_layout"":""warm watercolor infographic poster + official photo""}",multi,"[""template-lifestyle-watercolor-infographic""]",[],"[{""template_id"":""template-lifestyle-watercolor-infographic"",""score"":0.128028,""rank"":1},{""template_id"":""template-vocabulary"",""score"":0.08046,""rank"":2},{""template_id"":""template-product-poster"",""score"":0.073955,""rank"":3},{""template_id"":""template-fandom-character-grid-poster"",""score"":0.069592,""rank"":4},{""template_id"":""template-recipe"",""score"":0.066775,""rank"":5}]",0.128028,template-lifestyle-watercolor-infographic,,needs_review,challenge,supported_plus_unsupported,false,
vir-v2-challenge-multi-011,做 two coordinated visuals：a cookbook-style visual guide for Cuban sandwich，再做 a classroom vocabulary grid for English-Chinese space terms。,mixed,high,"[""multi_intent"",""code_switch"",""paired_artifacts""]","{""subject_event"":""named dish + language vocabulary on a chosen topic"",""information_type"":""ingredients and cooking instructions + bilingual vocabulary learning"",""style_layout"":""food-photography recipe poster + illustrated card grid or visual guide""}",multi,"[""template-recipe"",""template-vocabulary""]",[],"[{""template_id"":""template-vocabulary"",""score"":0.171527,""rank"":1},{""template_id"":""template-recipe"",""score"":0.135225,""rank"":2},{""template_id"":""template-english-grammar-wordlist-infographic"",""score"":0.090076,""rank"":3},{""template_id"":""template-fandom-character-grid-poster"",""score"":0.084444,""rank"":4},{""template_id"":""template-species-science"",""score"":0.074722,""rank"":5}]",0.171527,template-vocabulary,,needs_review,challenge,multi_intent,false,
vir-v2-challenge-multi-012,做一套两张配套视觉：第一张是玳瑁的物种科普信息图，第二张是英西身体部位词汇的双语词汇海报。,zh,high,"[""multi_intent"",""multi_clause"",""paired_artifacts""]","{""subject_event"":""single plant or animal species + language vocabulary on a chosen topic"",""information_type"":""scientific facts, anatomy, habitat, and conservation + bilingual vocabulary learning"",""style_layout"":""central-species modular science infographic + illustrated card grid or visual guide""}",multi,"[""template-species-science"",""template-vocabulary""]",[],[],0.017361,template-vocabulary,,needs_review,challenge,multi_intent,true,
vir-v2-challenge-multi-013,"Create two coordinated visuals: a popular-science knowledge card for plate tectonics for children, and an illustrated field-guide card for tree fern.",en,medium,"[""multi_intent"",""multi_clause"",""paired_artifacts""]","{""subject_event"":""general educational topic + single plant or animal species"",""information_type"":""accessible explanation and key facts + scientific facts, anatomy, habitat, and conservation"",""style_layout"":""modular 3:4 knowledge card infographic + central-species modular science infographic""}",multi,"[""template-education-card"",""template-species-science""]",[],"[{""template_id"":""template-species-science"",""score"":0.130217,""rank"":1},{""template_id"":""template-education-card"",""score"":0.118715,""rank"":2},{""template_id"":""template-vocabulary"",""score"":0.112195,""rank"":3},{""template_id"":""template-travel"",""score"":0.09633,""rank"":4},{""template_id"":""template-lifestyle-watercolor-infographic"",""score"":0.093548,""rank"":5}]",0.130217,template-species-science,,needs_review,challenge,multi_intent,false,
vir-v2-challenge-multi-014,做 two coordinated visuals：a traditional craft infographic for fish lantern making，再做 a day-by-day destination guide for desert route in Morocco。,mixed,high,"[""multi_intent"",""code_switch"",""paired_artifacts""]","{""subject_event"":""traditional heritage craft + destination trip"",""information_type"":""history, process, meaning, and preservation + itinerary and route planning"",""style_layout"":""dense A3 heritage information board + cute hand-drawn map with daily blocks""}",multi,"[""template-intangible-heritage"",""template-travel""]",[],"[{""template_id"":""template-travel"",""score"":0.137441,""rank"":1},{""template_id"":""template-intangible-heritage"",""score"":0.123223,""rank"":2},{""template_id"":""template-lifestyle-watercolor-infographic"",""score"":0.11093,""rank"":3},{""template_id"":""template-mbti-personality-compatibility-infographic"",""score"":0.099048,""rank"":4},{""template_id"":""template-species-science"",""score"":0.096774,""rank"":5}]",0.137441,template-travel,,needs_review,challenge,multi_intent,false,
vir-v2-challenge-multi-015,先做孙子的战略智慧的名人原则信息图，再配一张符合护照标准的本人证件照。,zh,high,"[""multi_intent"",""multi_clause"",""supported_plus_unsupported""]","{""subject_event"":""single famous or historical person + identity portrait"",""information_type"":""life principles, habits, and lessons + unsupported portrait creation"",""style_layout"":""portrait-led educational principles infographic + official photo""}",multi,"[""template-figure-principles-infographic""]",[],[],0.018092,template-figure-principles-infographic,,needs_review,challenge,supported_plus_unsupported,true,
vir-v2-challenge-multi-016,"Create two coordinated visuals: an interior mood board for industrial dining bar, and a self-care infographic for cozy reading rituals.",en,medium,"[""multi_intent"",""multi_clause"",""paired_artifacts""]","{""subject_event"":""interior space design + cozy everyday lifestyle"",""information_type"":""style and material inspiration + tips, habits, or aesthetic inspiration"",""style_layout"":""interior mood board + warm watercolor infographic poster""}",multi,"[""template-interior-design-mood-board-generator"",""template-lifestyle-watercolor-infographic""]",[],"[{""template_id"":""template-lifestyle-watercolor-infographic"",""score"":0.145548,""rank"":1},{""template_id"":""template-interior-design-mood-board-generator"",""score"":0.141005,""rank"":2},{""template_id"":""template-fashion-inspired-gown-design-sheet"",""score"":0.093596,""rank"":3},{""template_id"":""template-recipe"",""score"":0.089141,""rank"":4},{""template_id"":""template-english-grammar-wordlist-infographic"",""score"":0.086154,""rank"":5}]",0.145548,template-lifestyle-watercolor-infographic,,needs_review,challenge,multi_intent,false,
vir-v2-challenge-multi-017,做 two coordinated visuals：a nine-character cast grid for Sengoku warlords，再做 a portrait-led habits poster for Marie Curie's work habits。,mixed,high,"[""multi_intent"",""code_switch"",""paired_artifacts""]","{""subject_event"":""fandom or themed character ensemble + single famous or historical person"",""information_type"":""character collection and showcase + life principles, habits, and lessons"",""style_layout"":""vertical cinematic character grid poster + portrait-led educational principles infographic""}",multi,"[""template-fandom-character-grid-poster"",""template-figure-principles-infographic""]",[],"[{""template_id"":""template-fandom-character-grid-poster"",""score"":0.118462,""rank"":1},{""template_id"":""template-figure-principles-infographic"",""score"":0.10229,""rank"":2},{""template_id"":""template-vocabulary"",""score"":0.091787,""rank"":3},{""template_id"":""template-mbti-generic"",""score"":0.08596,""rank"":4},{""template_id"":""template-lifestyle-watercolor-infographic"",""score"":0.080386,""rank"":5}]",0.118462,template-fandom-character-grid-poster,,needs_review,challenge,multi_intent,false,
vir-v2-challenge-multi-018,做一套两张配套视觉：第一张是空气净化器的温馨产品海报，第二张是宫保鸡丁的食谱海报。,zh,high,"[""multi_intent"",""multi_clause"",""paired_artifacts""]","{""subject_event"":""small home or lifestyle product + named dish"",""information_type"":""promotion and feature highlighting + ingredients and cooking instructions"",""style_layout"":""warm single-product advertising poster + food-photography recipe poster""}",multi,"[""template-product-poster"",""template-recipe""]",[],[],0.013699,template-product-poster,,needs_review,challenge,multi_intent,true,
vir-v2-challenge-multi-019,"Create two coordinated visuals: an ESL word-pair infographic for homophones with cartoon examples, and an illustrated word-card set for English-Chinese farm animals. For teens; keep it concise.",en,medium,"[""multi_intent"",""multi_clause"",""paired_artifacts""]","{""subject_event"":""English confusing word relationships + language vocabulary on a chosen topic"",""information_type"":""definition and distinction + bilingual vocabulary learning"",""style_layout"":""boxed educational word-list infographic + illustrated card grid or visual guide""}",multi,"[""template-english-grammar-wordlist-infographic"",""template-vocabulary""]",[],"[{""template_id"":""template-vocabulary"",""score"":0.17561,""rank"":1},{""template_id"":""template-english-grammar-wordlist-infographic"",""score"":0.161787,""rank"":2},{""template_id"":""template-species-science"",""score"":0.120501,""rank"":3},{""template_id"":""template-lifestyle-watercolor-infographic"",""score"":0.103077,""rank"":4},{""template_id"":""template-figure-principles-infographic"",""score"":0.097282,""rank"":5}]",0.17561,template-vocabulary,,needs_review,challenge,multi_intent,false,
vir-v2-challenge-multi-020,先做 pet-friendly studio apartment 的室内设计情绪板，plus a biometric passport photo of me。 teens 向，内容简洁。,mixed,high,"[""multi_intent"",""code_switch"",""supported_plus_unsupported""]","{""subject_event"":""interior space design + identity portrait"",""information_type"":""style and material inspiration + unsupported portrait creation"",""style_layout"":""interior mood board + official photo""}",multi,"[""template-interior-design-mood-board-generator""]",[],[],0.0816,template-interior-design-mood-board-generator,,needs_review,challenge,supported_plus_unsupported,true,
vir-v2-challenge-multi-021,做一套两张配套视觉：第一张是治愈系阅读仪式的水彩生活方式指南，第二张是雪豹的物种科普信息图。 给青少年看，内容精简。,zh,high,"[""multi_intent"",""multi_clause"",""paired_artifacts""]","{""subject_event"":""cozy everyday lifestyle + single plant or animal species"",""information_type"":""tips, habits, or aesthetic inspiration + scientific facts, anatomy, habitat, and conservation"",""style_layout"":""warm watercolor infographic poster + central-species modular science infographic""}",multi,"[""template-lifestyle-watercolor-infographic"",""template-species-science""]",[],[],0.024138,template-lifestyle-watercolor-infographic,,needs_review,challenge,multi_intent,true,
vir-v2-challenge-multi-022,"Create two coordinated visuals: a 16-type MBTI character chart for Genshin characters by MBTI, and a two-type relationship infographic for ENTP and INTJ long-term match. For teens; keep it concise.",en,medium,"[""multi_intent"",""multi_clause"",""paired_artifacts""]","{""subject_event"":""MBTI types or MBTI-mapped character set + pair of MBTI personality types"",""information_type"":""personality classification and behavior comparison + relationship compatibility comparison"",""style_layout"":""labeled cartoon multi-character chart + cute dual-character comparison infographic""}",multi,"[""template-mbti-generic"",""template-mbti-personality-compatibility-infographic""]",[],"[{""template_id"":""template-mbti-personality-compatibility-infographic"",""score"":0.214429,""rank"":1},{""template_id"":""template-mbti-generic"",""score"":0.117978,""rank"":2},{""template_id"":""template-fandom-character-grid-poster"",""score"":0.102305,""rank"":3},{""template_id"":""template-travel"",""score"":0.095029,""rank"":4},{""template_id"":""template-lifestyle-watercolor-infographic"",""score"":0.092308,""rank"":5}]",0.214429,template-mbti-personality-compatibility-infographic,,needs_review,challenge,multi_intent,false,
vir-v2-challenge-multi-023,做 two coordinated visuals：an educational explainer infographic for plate tectonics for children，再做 a boxed confusing-words guide for frequently confused English pairs。 teens 向，内容简洁。,mixed,high,"[""multi_intent"",""code_switch"",""paired_artifacts""]","{""subject_event"":""general educational topic + English confusing word relationships"",""information_type"":""accessible explanation and key facts + definition and distinction"",""style_layout"":""modular 3:4 knowledge card infographic + boxed educational word-list infographic""}",multi,"[""template-education-card"",""template-english-grammar-wordlist-infographic""]",[],"[{""template_id"":""template-english-grammar-wordlist-infographic"",""score"":0.159509,""rank"":1},{""template_id"":""template-vocabulary"",""score"":0.129283,""rank"":2},{""template_id"":""template-mbti-personality-compatibility-infographic"",""score"":0.122263,""rank"":3},{""template_id"":""template-education-card"",""score"":0.116711,""rank"":4},{""template_id"":""template-species-science"",""score"":0.104615,""rank"":5}]",0.159509,template-english-grammar-wordlist-infographic,,needs_review,challenge,multi_intent,false,
vir-v2-challenge-multi-024,做一套两张配套视觉：第一张是漫画超级英雄的九宫格角色海报，第二张是不同 MBTI 如何规划旅行的MBTI 十六型角色图。 给青少年看，内容精简。,zh,high,"[""multi_intent"",""multi_clause"",""paired_artifacts""]","{""subject_event"":""fandom or themed character ensemble + MBTI types or MBTI-mapped character set"",""information_type"":""character collection and showcase + personality classification and behavior comparison"",""style_layout"":""vertical cinematic character grid poster + labeled cartoon multi-character chart""}",multi,"[""template-fandom-character-grid-poster"",""template-mbti-generic""]",[],[],0.031204,template-mbti-generic,,needs_review,challenge,multi_intent,true,
vir-v2-challenge-multi-025,"Create a popular-science knowledge card for broken windows theory, plus a biometric passport photo of me. For teens; keep it concise.",en,medium,"[""multi_intent"",""multi_clause"",""supported_plus_unsupported""]","{""subject_event"":""general educational topic + identity portrait"",""information_type"":""accessible explanation and key facts + unsupported portrait creation"",""style_layout"":""modular 3:4 knowledge card infographic + official photo""}",multi,"[""template-education-card""]",[],"[{""template_id"":""template-education-card"",""score"":0.121849,""rank"":1},{""template_id"":""template-vocabulary"",""score"":0.0721,""rank"":2},{""template_id"":""template-mbti-generic"",""score"":0.065551,""rank"":3},{""template_id"":""template-species-science"",""score"":0.064465,""rank"":4},{""template_id"":""template-recipe"",""score"":0.064062,""rank"":5}]",0.121849,template-education-card,,needs_review,challenge,supported_plus_unsupported,false,
vir-v2-challenge-multi-026,做 two coordinated visuals：a nine-character cast grid for video game heroines，再做 a personality pairing comparison for INFJ and ENTP dating。 teens 向，内容简洁。,mixed,high,"[""multi_intent"",""code_switch"",""paired_artifacts""]","{""subject_event"":""fandom or themed character ensemble + pair of MBTI personality types"",""information_type"":""character collection and showcase + relationship compatibility comparison"",""style_layout"":""vertical cinematic character grid poster + cute dual-character comparison infographic""}",multi,"[""template-fandom-character-grid-poster"",""template-mbti-personality-compatibility-infographic""]",[],"[{""template_id"":""template-mbti-personality-compatibility-infographic"",""score"":0.16047,""rank"":1},{""template_id"":""template-fandom-character-grid-poster"",""score"":0.117385,""rank"":2},{""template_id"":""template-mbti-generic"",""score"":0.113798,""rank"":3},{""template_id"":""template-vocabulary"",""score"":0.089922,""rank"":4},{""template_id"":""template-interior-design-mood-board-generator"",""score"":0.084444,""rank"":5}]",0.16047,template-mbti-personality-compatibility-infographic,,needs_review,challenge,multi_intent,false,
vir-v2-challenge-multi-027,做一套两张配套视觉：第一张是鼠尾草绿厨房的室内设计情绪板，第二张是陶瓷香薰蜡烛的温馨产品海报。 给青少年看，内容精简。,zh,high,"[""multi_intent"",""multi_clause"",""paired_artifacts""]","{""subject_event"":""interior space design + small home or lifestyle product"",""information_type"":""style and material inspiration + promotion and feature highlighting"",""style_layout"":""interior mood board + warm single-product advertising poster""}",multi,"[""template-interior-design-mood-board-generator"",""template-product-poster""]",[],[],0.016129,template-interior-design-mood-board-generator,,needs_review,challenge,multi_intent,true,
vir-v2-challenge-multi-028,"Create two coordinated visuals: a cozy watercolor lifestyle guide for small daily mood boosters, and a lifestyle product advertisement for compact coffee maker. For teens; keep it concise.",en,medium,"[""multi_intent"",""multi_clause"",""paired_artifacts""]","{""subject_event"":""cozy everyday lifestyle + small home or lifestyle product"",""information_type"":""tips, habits, or aesthetic inspiration + promotion and feature highlighting"",""style_layout"":""warm watercolor infographic poster + warm single-product advertising poster""}",multi,"[""template-lifestyle-watercolor-infographic"",""template-product-poster""]",[],"[{""template_id"":""template-lifestyle-watercolor-infographic"",""score"":0.165303,""rank"":1},{""template_id"":""template-product-poster"",""score"":0.148265,""rank"":2},{""template_id"":""template-vocabulary"",""score"":0.113178,""rank"":3},{""template_id"":""template-interior-design-mood-board-generator"",""score"":0.106667,""rank"":4},{""template_id"":""template-travel"",""score"":0.101173,""rank"":5}]",0.165303,template-lifestyle-watercolor-infographic,,needs_review,challenge,multi_intent,false,
vir-v2-challenge-multi-029,做 two coordinated visuals：a cookbook-style visual guide for mapo tofu，再做 a classroom vocabulary grid for English-Chinese farm animals。 teens 向，内容简洁。,mixed,high,"[""multi_intent"",""code_switch"",""paired_artifacts""]","{""subject_event"":""named dish + language vocabulary on a chosen topic"",""information_type"":""ingredients and cooking instructions + bilingual vocabulary learning"",""style_layout"":""food-photography recipe poster + illustrated card grid or visual guide""}",multi,"[""template-recipe"",""template-vocabulary""]",[],"[{""template_id"":""template-vocabulary"",""score"":0.168919,""rank"":1},{""template_id"":""template-recipe"",""score"":0.118506,""rank"":2},{""template_id"":""template-fandom-character-grid-poster"",""score"":0.078603,""rank"":3},{""template_id"":""template-species-science"",""score"":0.075353,""rank"":4},{""template_id"":""template-english-grammar-wordlist-infographic"",""score"":0.074294,""rank"":5}]",0.168919,template-vocabulary,,needs_review,challenge,multi_intent,false,
vir-v2-challenge-multi-030,先做兜兰的物种科普信息图，再配一张符合护照标准的本人证件照。 给青少年看，内容精简。,zh,high,"[""multi_intent"",""multi_clause"",""supported_plus_unsupported""]","{""subject_event"":""single plant or animal species + identity portrait"",""information_type"":""scientific facts, anatomy, habitat, and conservation + unsupported portrait creation"",""style_layout"":""central-species modular science infographic + official photo""}",multi,"[""template-species-science""]",[],[],0.010526,template-species-science,,needs_review,challenge,supported_plus_unsupported,true,
vir-v2-challenge-multi-031,"Create two coordinated visuals: a popular-science knowledge card for opportunity cost in daily life, and an illustrated field-guide card for snow leopard. For teens; keep it concise.",en,medium,"[""multi_intent"",""multi_clause"",""paired_artifacts""]","{""subject_event"":""general educational topic + single plant or animal species"",""information_type"":""accessible explanation and key facts + scientific facts, anatomy, habitat, and conservation"",""style_layout"":""modular 3:4 knowledge card infographic + central-species modular science infographic""}",multi,"[""template-education-card"",""template-species-science""]",[],"[{""template_id"":""template-education-card"",""score"":0.140903,""rank"":1},{""template_id"":""template-species-science"",""score"":0.128776,""rank"":2},{""template_id"":""template-vocabulary"",""score"":0.123824,""rank"":3},{""template_id"":""template-lifestyle-watercolor-infographic"",""score"":0.105754,""rank"":4},{""template_id"":""template-travel"",""score"":0.104566,""rank"":5}]",0.140903,template-education-card,,needs_review,challenge,multi_intent,false,
vir-v2-challenge-multi-032,做 two coordinated visuals：a traditional craft infographic for cloisonne enamel craft，再做 a day-by-day destination guide for winter trip through Hokkaido。 teens 向，内容简洁。,mixed,high,"[""multi_intent"",""code_switch"",""paired_artifacts""]","{""subject_event"":""traditional heritage craft + destination trip"",""information_type"":""history, process, meaning, and preservation + itinerary and route planning"",""style_layout"":""dense A3 heritage information board + cute hand-drawn map with daily blocks""}",multi,"[""template-intangible-heritage"",""template-travel""]",[],"[{""template_id"":""template-travel"",""score"":0.136713,""rank"":1},{""template_id"":""template-intangible-heritage"",""score"":0.128086,""rank"":2},{""template_id"":""template-lifestyle-watercolor-infographic"",""score"":0.105678,""rank"":3},{""template_id"":""template-recipe"",""score"":0.098284,""rank"":4},{""template_id"":""template-mbti-personality-compatibility-infographic"",""score"":0.097426,""rank"":5}]",0.136713,template-travel,,needs_review,challenge,multi_intent,false,
vir-v2-challenge-multi-033,做一套两张配套视觉：第一张是达芬奇的创作启示的名人原则信息图，第二张是神话人物 MBTI 对照的MBTI 十六型角色图。 给青少年看，内容精简。,zh,high,"[""multi_intent"",""multi_clause"",""paired_artifacts""]","{""subject_event"":""single famous or historical person + MBTI types or MBTI-mapped character set"",""information_type"":""life principles, habits, and lessons + personality classification and behavior comparison"",""style_layout"":""portrait-led educational principles infographic + labeled cartoon multi-character chart""}",multi,"[""template-figure-principles-infographic"",""template-mbti-generic""]",[],[],0.028148,template-mbti-generic,,needs_review,challenge,multi_intent,true,
vir-v2-challenge-multi-034,"Create two coordinated visuals: an interior mood board for small home office, and a self-care infographic for cozy knitting afternoon. For teens; keep it concise.",en,medium,"[""multi_intent"",""multi_clause"",""paired_artifacts""]","{""subject_event"":""interior space design + cozy everyday lifestyle"",""information_type"":""style and material inspiration + tips, habits, or aesthetic inspiration"",""style_layout"":""interior mood board + warm watercolor infographic poster""}",multi,"[""template-interior-design-mood-board-generator"",""template-lifestyle-watercolor-infographic""]",[],"[{""template_id"":""template-lifestyle-watercolor-infographic"",""score"":0.162521,""rank"":1},{""template_id"":""template-interior-design-mood-board-generator"",""score"":0.139319,""rank"":2},{""template_id"":""template-fashion-inspired-gown-design-sheet"",""score"":0.100946,""rank"":3},{""template_id"":""template-product-poster"",""score"":0.094656,""rank"":4},{""template_id"":""template-english-grammar-wordlist-infographic"",""score"":0.091716,""rank"":5}]",0.162521,template-lifestyle-watercolor-infographic,,needs_review,challenge,multi_intent,false,
vir-v2-challenge-multi-035,先做 fantasy saga villains 的九宫格角色海报，plus a biometric passport photo of me。 teens 向，内容简洁。,mixed,high,"[""multi_intent"",""code_switch"",""supported_plus_unsupported""]","{""subject_event"":""fandom or themed character ensemble + identity portrait"",""information_type"":""character collection and showcase + unsupported portrait creation"",""style_layout"":""vertical cinematic character grid poster + official photo""}",multi,"[""template-fandom-character-grid-poster""]",[],[],0.070203,template-fandom-character-grid-poster,,needs_review,challenge,supported_plus_unsupported,true,
vir-v2-challenge-multi-036,做一套两张配套视觉：第一张是标签打印机的温馨产品海报，第二张是古巴三明治的食谱海报。 给青少年看，内容精简。,zh,high,"[""multi_intent"",""multi_clause"",""paired_artifacts""]","{""subject_event"":""small home or lifestyle product + named dish"",""information_type"":""promotion and feature highlighting + ingredients and cooking instructions"",""style_layout"":""warm single-product advertising poster + food-photography recipe poster""}",multi,"[""template-product-poster"",""template-recipe""]",[],[],0.0134,template-product-poster,,needs_review,challenge,multi_intent,true,
vir-v2-challenge-multi-037,"Create two coordinated visuals: an ESL word-pair infographic for twenty classroom homonym pairs, and an illustrated word-card set for English-Korean kitchen tools. Vertical 4:5.",en,medium,"[""multi_intent"",""multi_clause"",""paired_artifacts""]","{""subject_event"":""English confusing word relationships + language vocabulary on a chosen topic"",""information_type"":""definition and distinction + bilingual vocabulary learning"",""style_layout"":""boxed educational word-list infographic + illustrated card grid or visual guide""}",multi,"[""template-english-grammar-wordlist-infographic"",""template-vocabulary""]",[],"[{""template_id"":""template-vocabulary"",""score"":0.182421,""rank"":1},{""template_id"":""template-english-grammar-wordlist-infographic"",""score"":0.153488,""rank"":2},{""template_id"":""template-species-science"",""score"":0.096273,""rank"":3},{""template_id"":""template-lifestyle-watercolor-infographic"",""score"":0.094427,""rank"":4},{""template_id"":""template-interior-design-mood-board-generator"",""score"":0.094395,""rank"":5}]",0.182421,template-vocabulary,,needs_review,challenge,multi_intent,false,
vir-v2-challenge-multi-038,做 two coordinated visuals：a room palette and material board for aromatherapy spa corner，再做 a scientific species poster for golden camellia。 vertical 4:5。,mixed,high,"[""multi_intent"",""code_switch"",""paired_artifacts""]","{""subject_event"":""interior space design + single plant or animal species"",""information_type"":""style and material inspiration + scientific facts, anatomy, habitat, and conservation"",""style_layout"":""interior mood board + central-species modular science infographic""}",multi,"[""template-interior-design-mood-board-generator"",""template-species-science""]",[],"[{""template_id"":""template-interior-design-mood-board-generator"",""score"":0.140625,""rank"":1},{""template_id"":""template-species-science"",""score"":0.121163,""rank"":2},{""template_id"":""template-vocabulary"",""score"":0.102201,""rank"":3},{""template_id"":""template-fandom-character-grid-poster"",""score"":0.091703,""rank"":4},{""template_id"":""template-product-poster"",""score"":0.088821,""rank"":5}]",0.140625,template-interior-design-mood-board-generator,,needs_review,challenge,multi_intent,false,
vir-v2-challenge-multi-039,做一套两张配套视觉：第一张是温暖编织午后的水彩生活方式指南，第二张是丹顶鹤的物种科普信息图。 用竖版 4:5 排版。,zh,high,"[""multi_intent"",""multi_clause"",""paired_artifacts""]","{""subject_event"":""cozy everyday lifestyle + single plant or animal species"",""information_type"":""tips, habits, or aesthetic inspiration + scientific facts, anatomy, habitat, and conservation"",""style_layout"":""warm watercolor infographic poster + central-species modular science infographic""}",multi,"[""template-lifestyle-watercolor-infographic"",""template-species-science""]",[],[],0.022298,template-lifestyle-watercolor-infographic,,needs_review,challenge,multi_intent,true,
vir-v2-challenge-multi-040,"Create a 16-type MBTI character chart for sixteen personalities under deadline stress, plus a biometric passport photo of me. Vertical 4:5.",en,medium,"[""multi_intent"",""multi_clause"",""supported_plus_unsupported""]","{""subject_event"":""MBTI types or MBTI-mapped character set + identity portrait"",""information_type"":""personality classification and behavior comparison + unsupported portrait creation"",""style_layout"":""labeled cartoon multi-character chart + official photo""}",multi,"[""template-mbti-generic""]",[],"[{""template_id"":""template-mbti-generic"",""score"":0.161145,""rank"":1},{""template_id"":""template-mbti-personality-compatibility-infographic"",""score"":0.102467,""rank"":2},{""template_id"":""template-fandom-character-grid-poster"",""score"":0.085044,""rank"":3},{""template_id"":""template-figure-principles-infographic"",""score"":0.074561,""rank"":4},{""template_id"":""template-recipe"",""score"":0.066667,""rank"":5}]",0.161145,template-mbti-generic,,needs_review,challenge,supported_plus_unsupported,false,
vir-v2-challenge-multi-041,做 two coordinated visuals：an educational explainer infographic for opportunity cost in daily life，再做 a boxed confusing-words guide for English words with two meanings。 vertical 4:5。,mixed,high,"[""multi_intent"",""code_switch"",""paired_artifacts""]","{""subject_event"":""general educational topic + English confusing word relationships"",""information_type"":""accessible explanation and key facts + definition and distinction"",""style_layout"":""modular 3:4 knowledge card infographic + boxed educational word-list infographic""}",multi,"[""template-education-card"",""template-english-grammar-wordlist-infographic""]",[],"[{""template_id"":""template-english-grammar-wordlist-infographic"",""score"":0.159265,""rank"":1},{""template_id"":""template-education-card"",""score"":0.127005,""rank"":2},{""template_id"":""template-vocabulary"",""score"":0.122102,""rank"":3},{""template_id"":""template-figure-principles-infographic"",""score"":0.112717,""rank"":4},{""template_id"":""template-lifestyle-watercolor-infographic"",""score"":0.111111,""rank"":5}]",0.159265,template-english-grammar-wordlist-infographic,,needs_review,challenge,multi_intent,false,
vir-v2-challenge-multi-042,做一套两张配套视觉：第一张是原神璃月角色的九宫格角色海报，第二张是办公室同事 MBTI 十六型的MBTI 十六型角色图。 用竖版 4:5 排版。,zh,high,"[""multi_intent"",""multi_clause"",""paired_artifacts""]","{""subject_event"":""fandom or themed character ensemble + MBTI types or MBTI-mapped character set"",""information_type"":""character collection and showcase + personality classification and behavior comparison"",""style_layout"":""vertical cinematic character grid poster + labeled cartoon multi-character chart""}",multi,"[""template-fandom-character-grid-poster"",""template-mbti-generic""]",[],[],0.026667,template-mbti-generic,,needs_review,challenge,multi_intent,true,
vir-v2-challenge-multi-043,"Create two coordinated visuals: a popular-science knowledge card for plate tectonics for children, and a traditional craft infographic for blue calico dyeing. Vertical 4:5.",en,medium,"[""multi_intent"",""multi_clause"",""paired_artifacts""]","{""subject_event"":""general educational topic + traditional heritage craft"",""information_type"":""accessible explanation and key facts + history, process, meaning, and preservation"",""style_layout"":""modular 3:4 knowledge card infographic + dense A3 heritage information board""}",multi,"[""template-education-card"",""template-intangible-heritage""]",[],"[{""template_id"":""template-education-card"",""score"":0.141289,""rank"":1},{""template_id"":""template-intangible-heritage"",""score"":0.1231,""rank"":2},{""template_id"":""template-species-science"",""score"":0.113208,""rank"":3},{""template_id"":""template-recipe"",""score"":0.100464,""rank"":4},{""template_id"":""template-vocabulary"",""score"":0.096626,""rank"":5}]",0.141289,template-education-card,,needs_review,challenge,multi_intent,false,
vir-v2-challenge-multi-044,做 two coordinated visuals：a nine-character cast grid for comic book superheroes，再做 a personality pairing comparison for ENFP and INFJ compatibility。 vertical 4:5。,mixed,high,"[""multi_intent"",""code_switch"",""paired_artifacts""]","{""subject_event"":""fandom or themed character ensemble + pair of MBTI personality types"",""information_type"":""character collection and showcase + relationship compatibility comparison"",""style_layout"":""vertical cinematic character grid poster + cute dual-character comparison infographic""}",multi,"[""template-fandom-character-grid-poster"",""template-mbti-personality-compatibility-infographic""]",[],"[{""template_id"":""template-mbti-personality-compatibility-infographic"",""score"":0.159533,""rank"":1},{""template_id"":""template-fandom-character-grid-poster"",""score"":0.12855,""rank"":2},{""template_id"":""template-mbti-generic"",""score"":0.113314,""rank"":3},{""template_id"":""template-vocabulary"",""score"":0.09119,""rank"":4},{""template_id"":""template-interior-design-mood-board-generator"",""score"":0.085672,""rank"":5}]",0.159533,template-mbti-personality-compatibility-infographic,,needs_review,challenge,multi_intent,false,
vir-v2-challenge-multi-045,先做海岸风浴室的室内设计情绪板，再配一张符合护照标准的本人证件照。 用竖版 4:5 排版。,zh,high,"[""multi_intent"",""multi_clause"",""supported_plus_unsupported""]","{""subject_event"":""interior space design + identity portrait"",""information_type"":""style and material inspiration + unsupported portrait creation"",""style_layout"":""interior mood board + official photo""}",multi,"[""template-interior-design-mood-board-generator""]",[],[],0.014803,template-interior-design-mood-board-generator,,needs_review,challenge,supported_plus_unsupported,true,
vir-v2-challenge-multi-046,"Create two coordinated visuals: a cozy watercolor lifestyle guide for spring journaling habits, and a lifestyle product advertisement for aroma diffuser. Vertical 4:5.",en,medium,"[""multi_intent"",""multi_clause"",""paired_artifacts""]","{""subject_event"":""cozy everyday lifestyle + small home or lifestyle product"",""information_type"":""tips, habits, or aesthetic inspiration + promotion and feature highlighting"",""style_layout"":""warm watercolor infographic poster + warm single-product advertising poster""}",multi,"[""template-lifestyle-watercolor-infographic"",""template-product-poster""]",[],"[{""template_id"":""template-lifestyle-watercolor-infographic"",""score"":0.154742,""rank"":1},{""template_id"":""template-product-poster"",""score"":0.143317,""rank"":2},{""template_id"":""template-figure-principles-infographic"",""score"":0.097345,""rank"":3},{""template_id"":""template-vocabulary"",""score"":0.09375,""rank"":4},{""template_id"":""template-interior-design-mood-board-generator"",""score"":0.089686,""rank"":5}]",0.154742,template-lifestyle-watercolor-infographic,,needs_review,challenge,multi_intent,false,
vir-v2-challenge-multi-047,做 two coordinated visuals：a cookbook-style visual guide for Vietnamese spring rolls，再做 a classroom vocabulary grid for English-Korean kitchen tools。 vertical 4:5。,mixed,high,"[""multi_intent"",""code_switch"",""paired_artifacts""]","{""subject_event"":""named dish + language vocabulary on a chosen topic"",""information_type"":""ingredients and cooking instructions + bilingual vocabulary learning"",""style_layout"":""food-photography recipe poster + illustrated card grid or visual guide""}",multi,"[""template-recipe"",""template-vocabulary""]",[],"[{""template_id"":""template-vocabulary"",""score"":0.18258,""rank"":1},{""template_id"":""template-recipe"",""score"":0.130225,""rank"":2},{""template_id"":""template-fandom-character-grid-poster"",""score"":0.081662,""rank"":3},{""template_id"":""template-interior-design-mood-board-generator"",""score"":0.079295,""rank"":4},{""template_id"":""template-english-grammar-wordlist-infographic"",""score"":0.077485,""rank"":5}]",0.18258,template-vocabulary,,needs_review,challenge,multi_intent,false,
vir-v2-challenge-multi-048,做一套两张配套视觉：第一张是桫椤的物种科普信息图，第二张是英日天气词汇的双语词汇海报。 用竖版 4:5 排版。,zh,high,"[""multi_intent"",""multi_clause"",""paired_artifacts""]","{""subject_event"":""single plant or animal species + language vocabulary on a chosen topic"",""information_type"":""scientific facts, anatomy, habitat, and conservation + bilingual vocabulary learning"",""style_layout"":""central-species modular science infographic + illustrated card grid or visual guide""}",multi,"[""template-species-science"",""template-vocabulary""]",[],[],0.015254,template-vocabulary,,needs_review,challenge,multi_intent,true,
vir-v2-challenge-multi-049,"Create two coordinated visuals: a popular-science knowledge card for how interest rates affect us, and an illustrated field-guide card for red-crowned crane. Vertical 4:5.",en,medium,"[""multi_intent"",""multi_clause"",""paired_artifacts""]","{""subject_event"":""general educational topic + single plant or animal species"",""information_type"":""accessible explanation and key facts + scientific facts, anatomy, habitat, and conservation"",""style_layout"":""modular 3:4 knowledge card infographic + central-species modular science infographic""}",multi,"[""template-education-card"",""template-species-science""]",[],"[{""template_id"":""template-species-science"",""score"":0.13961,""rank"":1},{""template_id"":""template-education-card"",""score"":0.131507,""rank"":2},{""template_id"":""template-vocabulary"",""score"":0.109546,""rank"":3},{""template_id"":""template-lifestyle-watercolor-infographic"",""score"":0.107087,""rank"":4},{""template_id"":""template-recipe"",""score"":0.103125,""rank"":5}]",0.13961,template-species-science,,needs_review,challenge,multi_intent,false,
vir-v2-challenge-multi-050,先做 bamboo weaving heritage 的非遗科普展板，plus a biometric passport photo of me。 vertical 4:5。,mixed,high,"[""multi_intent"",""code_switch"",""supported_plus_unsupported""]","{""subject_event"":""traditional heritage craft + identity portrait"",""information_type"":""history, process, meaning, and preservation + unsupported portrait creation"",""style_layout"":""dense A3 heritage information board + official photo""}",multi,"[""template-intangible-heritage""]",[],[],0.071082,template-intangible-heritage,,needs_review,challenge,supported_plus_unsupported,true,
vir-v2-challenge-multi-051,做一套两张配套视觉：第一张是爱因斯坦的人生原则的名人原则信息图，第二张是足球位置 MBTI的MBTI 十六型角色图。 用竖版 4:5 排版。,zh,high,"[""multi_intent"",""multi_clause"",""paired_artifacts""]","{""subject_event"":""single famous or historical person + MBTI types or MBTI-mapped character set"",""information_type"":""life principles, habits, and lessons + personality classification and behavior comparison"",""style_layout"":""portrait-led educational principles infographic + labeled cartoon multi-character chart""}",multi,"[""template-figure-principles-infographic"",""template-mbti-generic""]",[],[],0.023599,template-mbti-generic,,needs_review,challenge,multi_intent,true,
vir-v2-challenge-multi-052,"Create two coordinated visuals: an interior mood board for warm minimalist bedroom, and a self-care infographic for screen-free weekend ideas. Vertical 4:5.",en,medium,"[""multi_intent"",""multi_clause"",""paired_artifacts""]","{""subject_event"":""interior space design + cozy everyday lifestyle"",""information_type"":""style and material inspiration + tips, habits, or aesthetic inspiration"",""style_layout"":""interior mood board + warm watercolor infographic poster""}",multi,"[""template-interior-design-mood-board-generator"",""template-lifestyle-watercolor-infographic""]",[],"[{""template_id"":""template-lifestyle-watercolor-infographic"",""score"":0.170854,""rank"":1},{""template_id"":""template-interior-design-mood-board-generator"",""score"":0.141524,""rank"":2},{""template_id"":""template-vocabulary"",""score"":0.099844,""rank"":3},{""template_id"":""template-english-grammar-wordlist-infographic"",""score"":0.091988,""rank"":4},{""template_id"":""template-figure-principles-infographic"",""score"":0.091837,""rank"":5}]",0.170854,template-lifestyle-watercolor-infographic,,needs_review,challenge,multi_intent,false,
vir-v2-challenge-multi-053,做 two coordinated visuals：a nine-character cast grid for classic anime protagonists，再做 a portrait-led habits poster for Steve Jobs on focus and design。 vertical 4:5。,mixed,high,"[""multi_intent"",""code_switch"",""paired_artifacts""]","{""subject_event"":""fandom or themed character ensemble + single famous or historical person"",""information_type"":""character collection and showcase + life principles, habits, and lessons"",""style_layout"":""vertical cinematic character grid poster + portrait-led educational principles infographic""}",multi,"[""template-fandom-character-grid-poster"",""template-figure-principles-infographic""]",[],"[{""template_id"":""template-fandom-character-grid-poster"",""score"":0.148872,""rank"":1},{""template_id"":""template-figure-principles-infographic"",""score"":0.13964,""rank"":2},{""template_id"":""template-mbti-generic"",""score"":0.115007,""rank"":3},{""template_id"":""template-vocabulary"",""score"":0.113707,""rank"":4},{""template_id"":""template-species-science"",""score"":0.097674,""rank"":5}]",0.148872,template-fandom-character-grid-poster,,needs_review,challenge,multi_intent,false,
vir-v2-challenge-multi-054,做一套两张配套视觉：第一张是暖光台灯的温馨产品海报，第二张是麻婆豆腐的食谱海报。 用竖版 4:5 排版。,zh,high,"[""multi_intent"",""multi_clause"",""paired_artifacts""]","{""subject_event"":""small home or lifestyle product + named dish"",""information_type"":""promotion and feature highlighting + ingredients and cooking instructions"",""style_layout"":""warm single-product advertising poster + food-photography recipe poster""}",multi,"[""template-product-poster"",""template-recipe""]",[],[],0.011706,template-product-poster,,needs_review,challenge,multi_intent,true,
vir-v2-challenge-multi-055,"Create an ESL word-pair infographic for tricky homophones for grade five, plus a biometric passport photo of me. Social, informative tone.",en,medium,"[""multi_intent"",""multi_clause"",""supported_plus_unsupported""]","{""subject_event"":""English confusing word relationships + identity portrait"",""information_type"":""definition and distinction + unsupported portrait creation"",""style_layout"":""boxed educational word-list infographic + official photo""}",multi,"[""template-english-grammar-wordlist-infographic""]",[],"[{""template_id"":""template-english-grammar-wordlist-infographic"",""score"":0.1344,""rank"":1},{""template_id"":""template-vocabulary"",""score"":0.08134,""rank"":2},{""template_id"":""template-recipe"",""score"":0.08,""rank"":3},{""template_id"":""template-fandom-character-grid-poster"",""score"":0.075444,""rank"":4},{""template_id"":""template-education-card"",""score"":0.074324,""rank"":5}]",0.1344,template-english-grammar-wordlist-infographic,,needs_review,challenge,supported_plus_unsupported,false,
vir-v2-challenge-multi-056,做 two coordinated visuals：a room palette and material board for industrial dining bar，再做 a scientific species poster for ginkgo tree。 social-friendly，信息靠谱。,mixed,high,"[""multi_intent"",""code_switch"",""paired_artifacts""]","{""subject_event"":""interior space design + single plant or animal species"",""information_type"":""style and material inspiration + scientific facts, anatomy, habitat, and conservation"",""style_layout"":""interior mood board + central-species modular science infographic""}",multi,"[""template-interior-design-mood-board-generator"",""template-species-science""]",[],"[{""template_id"":""template-interior-design-mood-board-generator"",""score"":0.15142,""rank"":1},{""template_id"":""template-species-science"",""score"":0.113965,""rank"":2},{""template_id"":""template-vocabulary"",""score"":0.103937,""rank"":3},{""template_id"":""template-lifestyle-watercolor-infographic"",""score"":0.094488,""rank"":4},{""template_id"":""template-english-grammar-wordlist-infographic"",""score"":0.090909,""rank"":5}]",0.15142,template-interior-design-mood-board-generator,,needs_review,challenge,multi_intent,false,
vir-v2-challenge-multi-057,做一套两张配套视觉：第一张是无屏幕周末灵感的水彩生活方式指南，第二张是玳瑁的物种科普信息图。 语气轻松但信息要靠谱。,zh,high,"[""multi_intent"",""multi_clause"",""paired_artifacts""]","{""subject_event"":""cozy everyday lifestyle + single plant or animal species"",""information_type"":""tips, habits, or aesthetic inspiration + scientific facts, anatomy, habitat, and conservation"",""style_layout"":""warm watercolor infographic poster + central-species modular science infographic""}",multi,"[""template-lifestyle-watercolor-infographic"",""template-species-science""]",[],[],0.02418,template-lifestyle-watercolor-infographic,,needs_review,challenge,multi_intent,true,
vir-v2-challenge-multi-058,"Create two coordinated visuals: a 16-type MBTI character chart for mythology figures mapped to MBTI, and a two-type relationship infographic for ISTP and ESFJ compatibility. Social, informative tone.",en,medium,"[""multi_intent"",""multi_clause"",""paired_artifacts""]","{""subject_event"":""MBTI types or MBTI-mapped character set + pair of MBTI personality types"",""information_type"":""personality classification and behavior comparison + relationship compatibility comparison"",""style_layout"":""labeled cartoon multi-character chart + cute dual-character comparison infographic""}",multi,"[""template-mbti-generic"",""template-mbti-personality-compatibility-infographic""]",[],"[{""template_id"":""template-mbti-personality-compatibility-infographic"",""score"":0.203523,""rank"":1},{""template_id"":""template-mbti-generic"",""score"":0.158273,""rank"":2},{""template_id"":""template-english-grammar-wordlist-infographic"",""score"":0.090909,""rank"":3},{""template_id"":""template-species-science"",""score"":0.08953,""rank"":4},{""template_id"":""template-fandom-character-grid-poster"",""score"":0.088608,""rank"":5}]",0.203523,template-mbti-personality-compatibility-infographic,,needs_review,challenge,multi_intent,false,
vir-v2-challenge-multi-059,做 two coordinated visuals：an educational explainer infographic for how interest rates affect us，再做 a boxed confusing-words guide for sea and see sound-alike words。 social-friendly，信息靠谱。,mixed,high,"[""multi_intent"",""code_switch"",""paired_artifacts""]","{""subject_event"":""general educational topic + English confusing word relationships"",""information_type"":""accessible explanation and key facts + definition and distinction"",""style_layout"":""modular 3:4 knowledge card infographic + boxed educational word-list infographic""}",multi,"[""template-education-card"",""template-english-grammar-wordlist-infographic""]",[],"[{""template_id"":""template-english-grammar-wordlist-infographic"",""score"":0.159817,""rank"":1},{""template_id"":""template-education-card"",""score"":0.129161,""rank"":2},{""template_id"":""template-lifestyle-watercolor-infographic"",""score"":0.124031,""rank"":3},{""template_id"":""template-species-science"",""score"":0.113846,""rank"":4},{""template_id"":""template-figure-principles-infographic"",""score"":0.107143,""rank"":5}]",0.159817,template-english-grammar-wordlist-infographic,,needs_review,challenge,multi_intent,false,
vir-v2-challenge-multi-060,先做传奇奇幻战士的九宫格角色海报，再配一张符合护照标准的本人证件照。 语气轻松但信息要靠谱。,zh,high,"[""multi_intent"",""multi_clause"",""supported_plus_unsupported""]","{""subject_event"":""fandom or themed character ensemble + identity portrait"",""information_type"":""character collection and showcase + unsupported portrait creation"",""style_layout"":""vertical cinematic character grid poster + official photo""}",multi,"[""template-fandom-character-grid-poster""]",[],[],0.016,template-fandom-character-grid-poster,,needs_review,challenge,supported_plus_unsupported,true,
