id,query,language,difficulty,partition,challenge_type,source_seed_id,semantic_cluster_id,transformation_types,ontology,target_mode,targets,acceptable_target_sets,validation_status,deterministic_issues,catalog_collision,reviewer_decision,reviewer_notes
vir-v2-core-vir-s01-21,Need English-Spanish fruits，信息要一眼扫懂但别做成 generic poster，竖版 pls,mixed,high,core,,vir-s01,vir-v2-vir-s01-cluster-01,"[""implicit_intent"",""code_switch"",""layout_modifier"",""boundary_nearby""]","{""subject_event"":""language vocabulary on a chosen topic"",""information_type"":""bilingual vocabulary learning"",""style_layout"":""illustrated card grid or visual guide""}",single,"[""template-vocabulary""]",[],needs_review,[],,,
vir-v2-core-vir-s01-22,英韩厨房用品词汇，想做成一眼能看懂的竖版视觉，给新手看，别太学术哈,zh,high,core,,vir-s01,vir-v2-vir-s01-cluster-02,"[""implicit_intent"",""underspecified"",""typo_noise"",""boundary_nearby""]","{""subject_event"":""language vocabulary on a chosen topic"",""information_type"":""bilingual vocabulary learning"",""style_layout"":""illustrated card grid or visual guide""}",single,"[""template-vocabulary""]",[],needs_review,[],,,
vir-v2-core-vir-s01-23,"English-Japanese weather words — make the subject, key details, and visual organization instantly scannable; informal tone, 4:5 pls",en,high,core,,vir-s01,vir-v2-vir-s01-cluster-03,"[""implicit_intent"",""underspecified"",""layout_modifier"",""boundary_nearby""]","{""subject_event"":""language vocabulary on a chosen topic"",""information_type"":""bilingual vocabulary learning"",""style_layout"":""illustrated card grid or visual guide""}",single,"[""template-vocabulary""]",[],needs_review,[],,,
vir-v2-core-vir-s01-24,中英农场动物词汇，想做成一眼能看懂的竖版视觉，给新手看，别太学术哈,zh,high,core,,vir-s01,vir-v2-vir-s01-cluster-04,"[""implicit_intent"",""underspecified"",""typo_noise"",""boundary_nearby""]","{""subject_event"":""language vocabulary on a chosen topic"",""information_type"":""bilingual vocabulary learning"",""style_layout"":""illustrated card grid or visual guide""}",single,"[""template-vocabulary""]",[],needs_review,[],,,
vir-v2-core-vir-s01-25,"English-French daily routines — make the subject, key details, and visual organization instantly scannable; informal tone, 4:5 pls",en,high,core,,vir-s01,vir-v2-vir-s01-cluster-05,"[""implicit_intent"",""underspecified"",""layout_modifier"",""boundary_nearby""]","{""subject_event"":""language vocabulary on a chosen topic"",""information_type"":""bilingual vocabulary learning"",""style_layout"":""illustrated card grid or visual guide""}",single,"[""template-vocabulary""]",[],needs_review,[],,,
vir-v2-core-vir-s01-26,Need English-Chinese space terms，信息要一眼扫懂但别做成 generic poster，竖版 pls,mixed,high,core,,vir-s01,vir-v2-vir-s01-cluster-06,"[""implicit_intent"",""code_switch"",""typo_noise"",""boundary_nearby""]","{""subject_event"":""language vocabulary on a chosen topic"",""information_type"":""bilingual vocabulary learning"",""style_layout"":""illustrated card grid or visual guide""}",single,"[""template-vocabulary""]",[],needs_review,[],,,
vir-v2-core-vir-s01-27,英西身体部位词汇，想做成一眼能看懂的竖版视觉，给新手看，别太学术哈,zh,high,core,,vir-s01,vir-v2-vir-s01-cluster-07,"[""implicit_intent"",""underspecified"",""layout_modifier"",""boundary_nearby""]","{""subject_event"":""language vocabulary on a chosen topic"",""information_type"":""bilingual vocabulary learning"",""style_layout"":""illustrated card grid or visual guide""}",single,"[""template-vocabulary""]",[],needs_review,[],,,
vir-v2-core-vir-s01-28,"Engish-Korean desserts — make the subject, key details, and visual organization instantly scannable; informal tone, 4:5 pls",en,high,core,,vir-s01,vir-v2-vir-s01-cluster-08,"[""implicit_intent"",""underspecified"",""typo_noise"",""boundary_nearby""]","{""subject_event"":""language vocabulary on a chosen topic"",""information_type"":""bilingual vocabulary learning"",""style_layout"":""illustrated card grid or visual guide""}",single,"[""template-vocabulary""]",[],needs_review,[],,,
vir-v2-core-vir-s01-29,英日交通工具词汇，想做成一眼能看懂的竖版视觉，给新手看，别太学术哈,zh,high,core,,vir-s01,vir-v2-vir-s01-cluster-09,"[""implicit_intent"",""underspecified"",""layout_modifier"",""boundary_nearby""]","{""subject_event"":""language vocabulary on a chosen topic"",""information_type"":""bilingual vocabulary learning"",""style_layout"":""illustrated card grid or visual guide""}",single,"[""template-vocabulary""]",[],needs_review,[],,,
vir-v2-core-vir-s01-30,"Engish-Chinese musical instruments — make the subject, key details, and visual organization instantly scannable; informal tone, 4:5 pls",en,high,core,,vir-s01,vir-v2-vir-s01-cluster-10,"[""implicit_intent"",""underspecified"",""typo_noise"",""boundary_nearby""]","{""subject_event"":""language vocabulary on a chosen topic"",""information_type"":""bilingual vocabulary learning"",""style_layout"":""illustrated card grid or visual guide""}",single,"[""template-vocabulary""]",[],needs_review,[],,,
vir-v2-core-vir-s02-21,Need common homophones for beginners，信息要一眼扫懂但别做成 generic poster，竖版 pls,mixed,high,core,,vir-s02,vir-v2-vir-s02-cluster-01,"[""implicit_intent"",""code_switch"",""layout_modifier"",""boundary_nearby""]","{""subject_event"":""English confusing word relationships"",""information_type"":""definition and distinction"",""style_layout"":""boxed educational word-list infographic""}",single,"[""template-english-grammar-wordlist-infographic""]",[],needs_review,[],,,
vir-v2-core-vir-s02-22,带简短释义的英语同形同音词，想做成一眼能看懂的竖版视觉，给新手看，别太学术哈,zh,high,core,,vir-s02,vir-v2-vir-s02-cluster-02,"[""implicit_intent"",""underspecified"",""typo_noise"",""boundary_nearby""]","{""subject_event"":""English confusing word relationships"",""information_type"":""definition and distinction"",""style_layout"":""boxed educational word-list infographic""}",single,"[""template-english-grammar-wordlist-infographic""]",[],needs_review,[],,,
vir-v2-core-vir-s02-23,"there their and they're — make the subject, key details, and visual organization instantly scannable; informal tone, 4:5 pls",en,high,core,,vir-s02,vir-v2-vir-s02-cluster-03,"[""implicit_intent"",""underspecified"",""layout_modifier"",""boundary_nearby""]","{""subject_event"":""English confusing word relationships"",""information_type"":""definition and distinction"",""style_layout"":""boxed educational word-list infographic""}",single,"[""template-english-grammar-wordlist-infographic""]",[],needs_review,[],,,
vir-v2-core-vir-s02-24,sea 和 see 这类同音词，想做成一眼能看懂的竖版视觉，给新手看，别太学术哈,zh,high,core,,vir-s02,vir-v2-vir-s02-cluster-04,"[""implicit_intent"",""underspecified"",""typo_noise"",""boundary_nearby""]","{""subject_event"":""English confusing word relationships"",""information_type"":""definition and distinction"",""style_layout"":""boxed educational word-list infographic""}",single,"[""template-english-grammar-wordlist-infographic""]",[],needs_review,[],,,
vir-v2-core-vir-s02-25,"tricky homophones for grade five — make the subject, key details, and visual organization instantly scannable; informal tone, 4:5 pls",en,high,core,,vir-s02,vir-v2-vir-s02-cluster-05,"[""implicit_intent"",""underspecified"",""layout_modifier"",""boundary_nearby""]","{""subject_event"":""English confusing word relationships"",""information_type"":""definition and distinction"",""style_layout"":""boxed educational word-list infographic""}",single,"[""template-english-grammar-wordlist-infographic""]",[],needs_review,[],,,
vir-v2-core-vir-s02-26,Need English words with two meanings，信息要一眼扫懂但别做成 generic poster，竖版 pls,mixed,high,core,,vir-s02,vir-v2-vir-s02-cluster-06,"[""implicit_intent"",""code_switch"",""typo_noise"",""boundary_nearby""]","{""subject_event"":""English confusing word relationships"",""information_type"":""definition and distinction"",""style_layout"":""boxed educational word-list infographic""}",single,"[""template-english-grammar-wordlist-infographic""]",[],needs_review,[],,,
vir-v2-core-vir-s02-27,20 组课堂英语同音异义词，想做成一眼能看懂的竖版视觉，给新手看，别太学术哈,zh,high,core,,vir-s02,vir-v2-vir-s02-cluster-07,"[""implicit_intent"",""underspecified"",""layout_modifier"",""boundary_nearby""]","{""subject_event"":""English confusing word relationships"",""information_type"":""definition and distinction"",""style_layout"":""boxed educational word-list infographic""}",single,"[""template-english-grammar-wordlist-infographic""]",[],needs_review,[],,,
vir-v2-core-vir-s02-28,"frequntly confused English pairs — make the subject, key details, and visual organization instantly scannable; informal tone, 4:5 pls",en,high,core,,vir-s02,vir-v2-vir-s02-cluster-08,"[""implicit_intent"",""underspecified"",""typo_noise"",""boundary_nearby""]","{""subject_event"":""English confusing word relationships"",""information_type"":""definition and distinction"",""style_layout"":""boxed educational word-list infographic""}",single,"[""template-english-grammar-wordlist-infographic""]",[],needs_review,[],,,
vir-v2-core-vir-s02-29,配卡通例子的英语同音词，想做成一眼能看懂的竖版视觉，给新手看，别太学术哈,zh,high,core,,vir-s02,vir-v2-vir-s02-cluster-09,"[""implicit_intent"",""underspecified"",""layout_modifier"",""boundary_nearby""]","{""subject_event"":""English confusing word relationships"",""information_type"":""definition and distinction"",""style_layout"":""boxed educational word-list infographic""}",single,"[""template-english-grammar-wordlist-infographic""]",[],needs_review,[],,,
vir-v2-core-vir-s02-30,"ESL sound-alike word revew — make the subject, key details, and visual organization instantly scannable; informal tone, 4:5 pls",en,high,core,,vir-s02,vir-v2-vir-s02-cluster-10,"[""implicit_intent"",""underspecified"",""typo_noise"",""boundary_nearby""]","{""subject_event"":""English confusing word relationships"",""information_type"":""definition and distinction"",""style_layout"":""boxed educational word-list infographic""}",single,"[""template-english-grammar-wordlist-infographic""]",[],needs_review,[],,,
vir-v2-core-vir-s03-21,Need Japandi living room，信息要一眼扫懂但别做成 generic poster，竖版 pls,mixed,high,core,,vir-s03,vir-v2-vir-s03-cluster-01,"[""implicit_intent"",""code_switch"",""layout_modifier"",""boundary_nearby""]","{""subject_event"":""interior space design"",""information_type"":""style and material inspiration"",""style_layout"":""interior mood board""}",single,"[""template-interior-design-mood-board-generator""]",[],needs_review,[],,,
vir-v2-core-vir-s03-22,暖色极简卧室，想做成一眼能看懂的竖版视觉，给新手看，别太学术哈,zh,high,core,,vir-s03,vir-v2-vir-s03-cluster-02,"[""implicit_intent"",""underspecified"",""typo_noise"",""boundary_nearby""]","{""subject_event"":""interior space design"",""information_type"":""style and material inspiration"",""style_layout"":""interior mood board""}",single,"[""template-interior-design-mood-board-generator""]",[],needs_review,[],,,
vir-v2-core-vir-s03-23,"playful nursery room — make the subject, key details, and visual organization instantly scannable; informal tone, 4:5 pls",en,high,core,,vir-s03,vir-v2-vir-s03-cluster-03,"[""implicit_intent"",""underspecified"",""layout_modifier"",""boundary_nearby""]","{""subject_event"":""interior space design"",""information_type"":""style and material inspiration"",""style_layout"":""interior mood board""}",single,"[""template-interior-design-mood-board-generator""]",[],needs_review,[],,,
vir-v2-core-vir-s03-24,小户型家庭办公室，想做成一眼能看懂的竖版视觉，给新手看，别太学术哈,zh,high,core,,vir-s03,vir-v2-vir-s03-cluster-04,"[""implicit_intent"",""underspecified"",""typo_noise"",""boundary_nearby""]","{""subject_event"":""interior space design"",""information_type"":""style and material inspiration"",""style_layout"":""interior mood board""}",single,"[""template-interior-design-mood-board-generator""]",[],needs_review,[],,,
vir-v2-core-vir-s03-25,"coastal bathroom — make the subject, key details, and visual organization instantly scannable; informal tone, 4:5 pls",en,high,core,,vir-s03,vir-v2-vir-s03-cluster-05,"[""implicit_intent"",""underspecified"",""layout_modifier"",""boundary_nearby""]","{""subject_event"":""interior space design"",""information_type"":""style and material inspiration"",""style_layout"":""interior mood board""}",single,"[""template-interior-design-mood-board-generator""]",[],needs_review,[],,,
vir-v2-core-vir-s03-26,Need industrial dining bar，信息要一眼扫懂但别做成 generic poster，竖版 pls,mixed,high,core,,vir-s03,vir-v2-vir-s03-cluster-06,"[""implicit_intent"",""code_switch"",""typo_noise"",""boundary_nearby""]","{""subject_event"":""interior space design"",""information_type"":""style and material inspiration"",""style_layout"":""interior mood board""}",single,"[""template-interior-design-mood-board-generator""]",[],needs_review,[],,,
vir-v2-core-vir-s03-27,鼠尾草绿厨房，想做成一眼能看懂的竖版视觉，给新手看，别太学术哈,zh,high,core,,vir-s03,vir-v2-vir-s03-cluster-07,"[""implicit_intent"",""underspecified"",""layout_modifier"",""boundary_nearby""]","{""subject_event"":""interior space design"",""information_type"":""style and material inspiration"",""style_layout"":""interior mood board""}",single,"[""template-interior-design-mood-board-generator""]",[],needs_review,[],,,
vir-v2-core-vir-s03-28,"aromaterapy spa corner — make the subject, key details, and visual organization instantly scannable; informal tone, 4:5 pls",en,high,core,,vir-s03,vir-v2-vir-s03-cluster-08,"[""implicit_intent"",""underspecified"",""typo_noise"",""boundary_nearby""]","{""subject_event"":""interior space design"",""information_type"":""style and material inspiration"",""style_layout"":""interior mood board""}",single,"[""template-interior-design-mood-board-generator""]",[],needs_review,[],,,
vir-v2-core-vir-s03-29,中古风阅读角，想做成一眼能看懂的竖版视觉，给新手看，别太学术哈,zh,high,core,,vir-s03,vir-v2-vir-s03-cluster-09,"[""implicit_intent"",""underspecified"",""layout_modifier"",""boundary_nearby""]","{""subject_event"":""interior space design"",""information_type"":""style and material inspiration"",""style_layout"":""interior mood board""}",single,"[""template-interior-design-mood-board-generator""]",[],needs_review,[],,,
vir-v2-core-vir-s03-30,"pet-friedly studio apartment — make the subject, key details, and visual organization instantly scannable; informal tone, 4:5 pls",en,high,core,,vir-s03,vir-v2-vir-s03-cluster-10,"[""implicit_intent"",""underspecified"",""typo_noise"",""boundary_nearby""]","{""subject_event"":""interior space design"",""information_type"":""style and material inspiration"",""style_layout"":""interior mood board""}",single,"[""template-interior-design-mood-board-generator""]",[],needs_review,[],,,
vir-v2-core-vir-s04-21,Need opportunity cost in daily life，信息要一眼扫懂但别做成 generic poster，竖版 pls,mixed,high,core,,vir-s04,vir-v2-vir-s04-cluster-01,"[""implicit_intent"",""code_switch"",""layout_modifier"",""boundary_nearby""]","{""subject_event"":""general educational topic"",""information_type"":""accessible explanation and key facts"",""style_layout"":""modular 3:4 knowledge card infographic""}",single,"[""template-education-card""]",[],needs_review,[],,,
vir-v2-core-vir-s04-22,通货膨胀为什么发生，想做成一眼能看懂的竖版视觉，给新手看，别太学术哈,zh,high,core,,vir-s04,vir-v2-vir-s04-cluster-02,"[""implicit_intent"",""underspecified"",""typo_noise"",""boundary_nearby""]","{""subject_event"":""general educational topic"",""information_type"":""accessible explanation and key facts"",""style_layout"":""modular 3:4 knowledge card infographic""}",single,"[""template-education-card""]",[],needs_review,[],,,
vir-v2-core-vir-s04-23,"plate tectonics for children — make the subject, key details, and visual organization instantly scannable; informal tone, 4:5 pls",en,high,core,,vir-s04,vir-v2-vir-s04-cluster-03,"[""implicit_intent"",""underspecified"",""layout_modifier"",""boundary_nearby""]","{""subject_event"":""general educational topic"",""information_type"":""accessible explanation and key facts"",""style_layout"":""modular 3:4 knowledge card infographic""}",single,"[""template-education-card""]",[],needs_review,[],,,
vir-v2-core-vir-s04-24,视觉错觉原理，想做成一眼能看懂的竖版视觉，给新手看，别太学术哈,zh,high,core,,vir-s04,vir-v2-vir-s04-cluster-04,"[""implicit_intent"",""underspecified"",""typo_noise"",""boundary_nearby""]","{""subject_event"":""general educational topic"",""information_type"":""accessible explanation and key facts"",""style_layout"":""modular 3:4 knowledge card infographic""}",single,"[""template-education-card""]",[],needs_review,[],,,
vir-v2-core-vir-s04-25,"broken windows theory — make the subject, key details, and visual organization instantly scannable; informal tone, 4:5 pls",en,high,core,,vir-s04,vir-v2-vir-s04-cluster-05,"[""implicit_intent"",""underspecified"",""layout_modifier"",""boundary_nearby""]","{""subject_event"":""general educational topic"",""information_type"":""accessible explanation and key facts"",""style_layout"":""modular 3:4 knowledge card infographic""}",single,"[""template-education-card""]",[],needs_review,[],,,
vir-v2-core-vir-s04-26,Need the greenhouse effect，信息要一眼扫懂但别做成 generic poster，竖版 pls,mixed,high,core,,vir-s04,vir-v2-vir-s04-cluster-06,"[""implicit_intent"",""code_switch"",""typo_noise"",""boundary_nearby""]","{""subject_event"":""general educational topic"",""information_type"":""accessible explanation and key facts"",""style_layout"":""modular 3:4 knowledge card infographic""}",single,"[""template-education-card""]",[],needs_review,[],,,
vir-v2-core-vir-s04-27,肌肉增长基础，想做成一眼能看懂的竖版视觉，给新手看，别太学术哈,zh,high,core,,vir-s04,vir-v2-vir-s04-cluster-07,"[""implicit_intent"",""underspecified"",""layout_modifier"",""boundary_nearby""]","{""subject_event"":""general educational topic"",""information_type"":""accessible explanation and key facts"",""style_layout"":""modular 3:4 knowledge card infographic""}",single,"[""template-education-card""]",[],needs_review,[],,,
vir-v2-core-vir-s04-28,"DNA inhertance basics — make the subject, key details, and visual organization instantly scannable; informal tone, 4:5 pls",en,high,core,,vir-s04,vir-v2-vir-s04-cluster-08,"[""implicit_intent"",""underspecified"",""typo_noise"",""boundary_nearby""]","{""subject_event"":""general educational topic"",""information_type"":""accessible explanation and key facts"",""style_layout"":""modular 3:4 knowledge card infographic""}",single,"[""template-education-card""]",[],needs_review,[],,,
vir-v2-core-vir-s04-29,利率如何影响生活，想做成一眼能看懂的竖版视觉，给新手看，别太学术哈,zh,high,core,,vir-s04,vir-v2-vir-s04-cluster-09,"[""implicit_intent"",""underspecified"",""layout_modifier"",""boundary_nearby""]","{""subject_event"":""general educational topic"",""information_type"":""accessible explanation and key facts"",""style_layout"":""modular 3:4 knowledge card infographic""}",single,"[""template-education-card""]",[],needs_review,[],,,
vir-v2-core-vir-s04-30,"why eclises occur — make the subject, key details, and visual organization instantly scannable; informal tone, 4:5 pls",en,high,core,,vir-s04,vir-v2-vir-s04-cluster-10,"[""implicit_intent"",""underspecified"",""typo_noise"",""boundary_nearby""]","{""subject_event"":""general educational topic"",""information_type"":""accessible explanation and key facts"",""style_layout"":""modular 3:4 knowledge card infographic""}",single,"[""template-education-card""]",[],needs_review,[],,,
vir-v2-core-vir-s05-21,Need Chiikawa and friends，信息要一眼扫懂但别做成 generic poster，竖版 pls,mixed,high,core,,vir-s05,vir-v2-vir-s05-cluster-01,"[""implicit_intent"",""code_switch"",""layout_modifier"",""boundary_nearby""]","{""subject_event"":""fandom or themed character ensemble"",""information_type"":""character collection and showcase"",""style_layout"":""vertical cinematic character grid poster""}",single,"[""template-fandom-character-grid-poster""]",[],needs_review,[],,,
vir-v2-core-vir-s05-22,原神璃月角色，想做成一眼能看懂的竖版视觉，给新手看，别太学术哈,zh,high,core,,vir-s05,vir-v2-vir-s05-cluster-02,"[""implicit_intent"",""underspecified"",""typo_noise"",""boundary_nearby""]","{""subject_event"":""fandom or themed character ensemble"",""information_type"":""character collection and showcase"",""style_layout"":""vertical cinematic character grid poster""}",single,"[""template-fandom-character-grid-poster""]",[],needs_review,[],,,
vir-v2-core-vir-s05-23,"classic anime protagonists — make the subject, key details, and visual organization instantly scannable; informal tone, 4:5 pls",en,high,core,,vir-s05,vir-v2-vir-s05-cluster-03,"[""implicit_intent"",""underspecified"",""layout_modifier"",""boundary_nearby""]","{""subject_event"":""fandom or themed character ensemble"",""information_type"":""character collection and showcase"",""style_layout"":""vertical cinematic character grid poster""}",single,"[""template-fandom-character-grid-poster""]",[],needs_review,[],,,
vir-v2-core-vir-s05-24,漫画超级英雄，想做成一眼能看懂的竖版视觉，给新手看，别太学术哈,zh,high,core,,vir-s05,vir-v2-vir-s05-cluster-04,"[""implicit_intent"",""underspecified"",""typo_noise"",""boundary_nearby""]","{""subject_event"":""fandom or themed character ensemble"",""information_type"":""character collection and showcase"",""style_layout"":""vertical cinematic character grid poster""}",single,"[""template-fandom-character-grid-poster""]",[],needs_review,[],,,
vir-v2-core-vir-s05-25,"fantasy saga villains — make the subject, key details, and visual organization instantly scannable; informal tone, 4:5 pls",en,high,core,,vir-s05,vir-v2-vir-s05-cluster-05,"[""implicit_intent"",""underspecified"",""layout_modifier"",""boundary_nearby""]","{""subject_event"":""fandom or themed character ensemble"",""information_type"":""character collection and showcase"",""style_layout"":""vertical cinematic character grid poster""}",single,"[""template-fandom-character-grid-poster""]",[],needs_review,[],,,
vir-v2-core-vir-s05-26,Need video game heroines，信息要一眼扫懂但别做成 generic poster，竖版 pls,mixed,high,core,,vir-s05,vir-v2-vir-s05-cluster-06,"[""implicit_intent"",""code_switch"",""typo_noise"",""boundary_nearby""]","{""subject_event"":""fandom or themed character ensemble"",""information_type"":""character collection and showcase"",""style_layout"":""vertical cinematic character grid poster""}",single,"[""template-fandom-character-grid-poster""]",[],needs_review,[],,,
vir-v2-core-vir-s05-27,战国武将群像，想做成一眼能看懂的竖版视觉，给新手看，别太学术哈,zh,high,core,,vir-s05,vir-v2-vir-s05-cluster-07,"[""implicit_intent"",""underspecified"",""layout_modifier"",""boundary_nearby""]","{""subject_event"":""fandom or themed character ensemble"",""information_type"":""character collection and showcase"",""style_layout"":""vertical cinematic character grid poster""}",single,"[""template-fandom-character-grid-poster""]",[],needs_review,[],,,
vir-v2-core-vir-s05-28,"icoic TV detectives — make the subject, key details, and visual organization instantly scannable; informal tone, 4:5 pls",en,high,core,,vir-s05,vir-v2-vir-s05-cluster-08,"[""implicit_intent"",""underspecified"",""typo_noise"",""boundary_nearby""]","{""subject_event"":""fandom or themed character ensemble"",""information_type"":""character collection and showcase"",""style_layout"":""vertical cinematic character grid poster""}",single,"[""template-fandom-character-grid-poster""]",[],needs_review,[],,,
vir-v2-core-vir-s05-29,太空歌剧主角团，想做成一眼能看懂的竖版视觉，给新手看，别太学术哈,zh,high,core,,vir-s05,vir-v2-vir-s05-cluster-09,"[""implicit_intent"",""underspecified"",""layout_modifier"",""boundary_nearby""]","{""subject_event"":""fandom or themed character ensemble"",""information_type"":""character collection and showcase"",""style_layout"":""vertical cinematic character grid poster""}",single,"[""template-fandom-character-grid-poster""]",[],needs_review,[],,,
vir-v2-core-vir-s05-30,"legedary fantasy warriors — make the subject, key details, and visual organization instantly scannable; informal tone, 4:5 pls",en,high,core,,vir-s05,vir-v2-vir-s05-cluster-10,"[""implicit_intent"",""underspecified"",""typo_noise"",""boundary_nearby""]","{""subject_event"":""fandom or themed character ensemble"",""information_type"":""character collection and showcase"",""style_layout"":""vertical cinematic character grid poster""}",single,"[""template-fandom-character-grid-poster""]",[],needs_review,[],,,
vir-v2-core-vir-s06-21,Need cozy reading rituals，信息要一眼扫懂但别做成 generic poster，竖版 pls,mixed,high,core,,vir-s06,vir-v2-vir-s06-cluster-01,"[""implicit_intent"",""code_switch"",""layout_modifier"",""boundary_nearby""]","{""subject_event"":""cozy everyday lifestyle"",""information_type"":""tips, habits, or aesthetic inspiration"",""style_layout"":""warm watercolor infographic poster""}",single,"[""template-lifestyle-watercolor-infographic""]",[],needs_review,[],,,
vir-v2-core-vir-s06-22,慢节奏周日早晨，想做成一眼能看懂的竖版视觉，给新手看，别太学术哈,zh,high,core,,vir-s06,vir-v2-vir-s06-cluster-02,"[""implicit_intent"",""underspecified"",""typo_noise"",""boundary_nearby""]","{""subject_event"":""cozy everyday lifestyle"",""information_type"":""tips, habits, or aesthetic inspiration"",""style_layout"":""warm watercolor infographic poster""}",single,"[""template-lifestyle-watercolor-infographic""]",[],needs_review,[],,,
vir-v2-core-vir-s06-23,"rainy-day self care — make the subject, key details, and visual organization instantly scannable; informal tone, 4:5 pls",en,high,core,,vir-s06,vir-v2-vir-s06-cluster-03,"[""implicit_intent"",""underspecified"",""layout_modifier"",""boundary_nearby""]","{""subject_event"":""cozy everyday lifestyle"",""information_type"":""tips, habits, or aesthetic inspiration"",""style_layout"":""warm watercolor infographic poster""}",single,"[""template-lifestyle-watercolor-infographic""]",[],needs_review,[],,,
vir-v2-core-vir-s06-24,正念饮茶习惯，想做成一眼能看懂的竖版视觉，给新手看，别太学术哈,zh,high,core,,vir-s06,vir-v2-vir-s06-cluster-04,"[""implicit_intent"",""underspecified"",""typo_noise"",""boundary_nearby""]","{""subject_event"":""cozy everyday lifestyle"",""information_type"":""tips, habits, or aesthetic inspiration"",""style_layout"":""warm watercolor infographic poster""}",single,"[""template-lifestyle-watercolor-infographic""]",[],needs_review,[],,,
vir-v2-core-vir-s06-25,"gentle evening wind-down — make the subject, key details, and visual organization instantly scannable; informal tone, 4:5 pls",en,high,core,,vir-s06,vir-v2-vir-s06-cluster-05,"[""implicit_intent"",""underspecified"",""layout_modifier"",""boundary_nearby""]","{""subject_event"":""cozy everyday lifestyle"",""information_type"":""tips, habits, or aesthetic inspiration"",""style_layout"":""warm watercolor infographic poster""}",single,"[""template-lifestyle-watercolor-infographic""]",[],needs_review,[],,,
vir-v2-core-vir-s06-26,Need spring journaling habits，信息要一眼扫懂但别做成 generic poster，竖版 pls,mixed,high,core,,vir-s06,vir-v2-vir-s06-cluster-06,"[""implicit_intent"",""code_switch"",""typo_noise"",""boundary_nearby""]","{""subject_event"":""cozy everyday lifestyle"",""information_type"":""tips, habits, or aesthetic inspiration"",""style_layout"":""warm watercolor infographic poster""}",single,"[""template-lifestyle-watercolor-infographic""]",[],needs_review,[],,,
vir-v2-core-vir-s06-27,无屏幕周末灵感，想做成一眼能看懂的竖版视觉，给新手看，别太学术哈,zh,high,core,,vir-s06,vir-v2-vir-s06-cluster-07,"[""implicit_intent"",""underspecified"",""layout_modifier"",""boundary_nearby""]","{""subject_event"":""cozy everyday lifestyle"",""information_type"":""tips, habits, or aesthetic inspiration"",""style_layout"":""warm watercolor infographic poster""}",single,"[""template-lifestyle-watercolor-infographic""]",[],needs_review,[],,,
vir-v2-core-vir-s06-28,"small daily mood boosers — make the subject, key details, and visual organization instantly scannable; informal tone, 4:5 pls",en,high,core,,vir-s06,vir-v2-vir-s06-cluster-08,"[""implicit_intent"",""underspecified"",""typo_noise"",""boundary_nearby""]","{""subject_event"":""cozy everyday lifestyle"",""information_type"":""tips, habits, or aesthetic inspiration"",""style_layout"":""warm watercolor infographic poster""}",single,"[""template-lifestyle-watercolor-infographic""]",[],needs_review,[],,,
vir-v2-core-vir-s06-29,温暖编织午后，想做成一眼能看懂的竖版视觉，给新手看，别太学术哈,zh,high,core,,vir-s06,vir-v2-vir-s06-cluster-09,"[""implicit_intent"",""underspecified"",""layout_modifier"",""boundary_nearby""]","{""subject_event"":""cozy everyday lifestyle"",""information_type"":""tips, habits, or aesthetic inspiration"",""style_layout"":""warm watercolor infographic poster""}",single,"[""template-lifestyle-watercolor-infographic""]",[],needs_review,[],,,
vir-v2-core-vir-s06-30,"calm desk break rouine — make the subject, key details, and visual organization instantly scannable; informal tone, 4:5 pls",en,high,core,,vir-s06,vir-v2-vir-s06-cluster-10,"[""implicit_intent"",""underspecified"",""typo_noise"",""boundary_nearby""]","{""subject_event"":""cozy everyday lifestyle"",""information_type"":""tips, habits, or aesthetic inspiration"",""style_layout"":""warm watercolor infographic poster""}",single,"[""template-lifestyle-watercolor-infographic""]",[],needs_review,[],,,
vir-v2-core-vir-s07-21,Need three days in Iceland，信息要一眼扫懂但别做成 generic poster，竖版 pls,mixed,high,core,,vir-s07,vir-v2-vir-s07-cluster-01,"[""implicit_intent"",""code_switch"",""layout_modifier"",""boundary_nearby""]","{""subject_event"":""destination trip"",""information_type"":""itinerary and route planning"",""style_layout"":""cute hand-drawn map with daily blocks""}",single,"[""template-travel""]",[],needs_review,[],,,
vir-v2-core-vir-s07-22,巴塔哥尼亚小众旅行，想做成一眼能看懂的竖版视觉，给新手看，别太学术哈,zh,high,core,,vir-s07,vir-v2-vir-s07-cluster-02,"[""implicit_intent"",""underspecified"",""typo_noise"",""boundary_nearby""]","{""subject_event"":""destination trip"",""information_type"":""itinerary and route planning"",""style_layout"":""cute hand-drawn map with daily blocks""}",single,"[""template-travel""]",[],needs_review,[],,,
vir-v2-core-vir-s07-23,"hidden corners of Kyoto — make the subject, key details, and visual organization instantly scannable; informal tone, 4:5 pls",en,high,core,,vir-s07,vir-v2-vir-s07-cluster-03,"[""implicit_intent"",""underspecified"",""layout_modifier"",""boundary_nearby""]","{""subject_event"":""destination trip"",""information_type"":""itinerary and route planning"",""style_layout"":""cute hand-drawn map with daily blocks""}",single,"[""template-travel""]",[],needs_review,[],,,
vir-v2-core-vir-s07-24,墨西哥城周末游，想做成一眼能看懂的竖版视觉，给新手看，别太学术哈,zh,high,core,,vir-s07,vir-v2-vir-s07-cluster-04,"[""implicit_intent"",""underspecified"",""typo_noise"",""boundary_nearby""]","{""subject_event"":""destination trip"",""information_type"":""itinerary and route planning"",""style_layout"":""cute hand-drawn map with daily blocks""}",single,"[""template-travel""]",[],needs_review,[],,,
vir-v2-core-vir-s07-25,"two days around Seoul — make the subject, key details, and visual organization instantly scannable; informal tone, 4:5 pls",en,high,core,,vir-s07,vir-v2-vir-s07-cluster-05,"[""implicit_intent"",""underspecified"",""layout_modifier"",""boundary_nearby""]","{""subject_event"":""destination trip"",""information_type"":""itinerary and route planning"",""style_layout"":""cute hand-drawn map with daily blocks""}",single,"[""template-travel""]",[],needs_review,[],,,
vir-v2-core-vir-s07-26,Need food and landmarks in Singapore，信息要一眼扫懂但别做成 generic poster，竖版 pls,mixed,high,core,,vir-s07,vir-v2-vir-s07-cluster-06,"[""implicit_intent"",""code_switch"",""typo_noise"",""boundary_nearby""]","{""subject_event"":""destination trip"",""information_type"":""itinerary and route planning"",""style_layout"":""cute hand-drawn map with daily blocks""}",single,"[""template-travel""]",[],needs_review,[],,,
vir-v2-core-vir-s07-27,北海道冬季行程，想做成一眼能看懂的竖版视觉，给新手看，别太学术哈,zh,high,core,,vir-s07,vir-v2-vir-s07-cluster-07,"[""implicit_intent"",""underspecified"",""layout_modifier"",""boundary_nearby""]","{""subject_event"":""destination trip"",""information_type"":""itinerary and route planning"",""style_layout"":""cute hand-drawn map with daily blocks""}",single,"[""template-travel""]",[],needs_review,[],,,
vir-v2-core-vir-s07-28,"slow trael in Porto — make the subject, key details, and visual organization instantly scannable; informal tone, 4:5 pls",en,high,core,,vir-s07,vir-v2-vir-s07-cluster-08,"[""implicit_intent"",""underspecified"",""typo_noise"",""boundary_nearby""]","{""subject_event"":""destination trip"",""information_type"":""itinerary and route planning"",""style_layout"":""cute hand-drawn map with daily blocks""}",single,"[""template-travel""]",[],needs_review,[],,,
vir-v2-core-vir-s07-29,摩洛哥沙漠路线，想做成一眼能看懂的竖版视觉，给新手看，别太学术哈,zh,high,core,,vir-s07,vir-v2-vir-s07-cluster-09,"[""implicit_intent"",""underspecified"",""layout_modifier"",""boundary_nearby""]","{""subject_event"":""destination trip"",""information_type"":""itinerary and route planning"",""style_layout"":""cute hand-drawn map with daily blocks""}",single,"[""template-travel""]",[],needs_review,[],,,
vir-v2-core-vir-s07-30,"four-day Yunan escape — make the subject, key details, and visual organization instantly scannable; informal tone, 4:5 pls",en,high,core,,vir-s07,vir-v2-vir-s07-cluster-10,"[""implicit_intent"",""underspecified"",""typo_noise"",""boundary_nearby""]","{""subject_event"":""destination trip"",""information_type"":""itinerary and route planning"",""style_layout"":""cute hand-drawn map with daily blocks""}",single,"[""template-travel""]",[],needs_review,[],,,
vir-v2-core-vir-s08-21,Need Chinese paper cutting，信息要一眼扫懂但别做成 generic poster，竖版 pls,mixed,high,core,,vir-s08,vir-v2-vir-s08-cluster-01,"[""implicit_intent"",""code_switch"",""layout_modifier"",""boundary_nearby""]","{""subject_event"":""traditional heritage craft"",""information_type"":""history, process, meaning, and preservation"",""style_layout"":""dense A3 heritage information board""}",single,"[""template-intangible-heritage""]",[],needs_review,[],,,
vir-v2-core-vir-s08-22,景泰蓝工艺，想做成一眼能看懂的竖版视觉，给新手看，别太学术哈,zh,high,core,,vir-s08,vir-v2-vir-s08-cluster-02,"[""implicit_intent"",""underspecified"",""typo_noise"",""boundary_nearby""]","{""subject_event"":""traditional heritage craft"",""information_type"":""history, process, meaning, and preservation"",""style_layout"":""dense A3 heritage information board""}",single,"[""template-intangible-heritage""]",[],needs_review,[],,,
vir-v2-core-vir-s08-23,"woodblock New Year prints — make the subject, key details, and visual organization instantly scannable; informal tone, 4:5 pls",en,high,core,,vir-s08,vir-v2-vir-s08-cluster-03,"[""implicit_intent"",""underspecified"",""layout_modifier"",""boundary_nearby""]","{""subject_event"":""traditional heritage craft"",""information_type"":""history, process, meaning, and preservation"",""style_layout"":""dense A3 heritage information board""}",single,"[""template-intangible-heritage""]",[],needs_review,[],,,
vir-v2-core-vir-s08-24,鱼灯制作技艺，想做成一眼能看懂的竖版视觉，给新手看，别太学术哈,zh,high,core,,vir-s08,vir-v2-vir-s08-cluster-04,"[""implicit_intent"",""underspecified"",""typo_noise"",""boundary_nearby""]","{""subject_event"":""traditional heritage craft"",""information_type"":""history, process, meaning, and preservation"",""style_layout"":""dense A3 heritage information board""}",single,"[""template-intangible-heritage""]",[],needs_review,[],,,
vir-v2-core-vir-s08-25,"Anshun opera masks — make the subject, key details, and visual organization instantly scannable; informal tone, 4:5 pls",en,high,core,,vir-s08,vir-v2-vir-s08-cluster-05,"[""implicit_intent"",""underspecified"",""layout_modifier"",""boundary_nearby""]","{""subject_event"":""traditional heritage craft"",""information_type"":""history, process, meaning, and preservation"",""style_layout"":""dense A3 heritage information board""}",single,"[""template-intangible-heritage""]",[],needs_review,[],,,
vir-v2-core-vir-s08-26,Need traditional lion dance，信息要一眼扫懂但别做成 generic poster，竖版 pls,mixed,high,core,,vir-s08,vir-v2-vir-s08-cluster-06,"[""implicit_intent"",""code_switch"",""typo_noise"",""boundary_nearby""]","{""subject_event"":""traditional heritage craft"",""information_type"":""history, process, meaning, and preservation"",""style_layout"":""dense A3 heritage information board""}",single,"[""template-intangible-heritage""]",[],needs_review,[],,,
vir-v2-core-vir-s08-27,苏绣技艺，想做成一眼能看懂的竖版视觉，给新手看，别太学术哈,zh,high,core,,vir-s08,vir-v2-vir-s08-cluster-07,"[""implicit_intent"",""underspecified"",""layout_modifier"",""boundary_nearby""]","{""subject_event"":""traditional heritage craft"",""information_type"":""history, process, meaning, and preservation"",""style_layout"":""dense A3 heritage information board""}",single,"[""template-intangible-heritage""]",[],needs_review,[],,,
vir-v2-core-vir-s08-28,"blue calco dyeing — make the subject, key details, and visual organization instantly scannable; informal tone, 4:5 pls",en,high,core,,vir-s08,vir-v2-vir-s08-cluster-08,"[""implicit_intent"",""underspecified"",""typo_noise"",""boundary_nearby""]","{""subject_event"":""traditional heritage craft"",""information_type"":""history, process, meaning, and preservation"",""style_layout"":""dense A3 heritage information board""}",single,"[""template-intangible-heritage""]",[],needs_review,[],,,
vir-v2-core-vir-s08-29,葡萄牙花砖艺术，想做成一眼能看懂的竖版视觉，给新手看，别太学术哈,zh,high,core,,vir-s08,vir-v2-vir-s08-cluster-09,"[""implicit_intent"",""underspecified"",""layout_modifier"",""boundary_nearby""]","{""subject_event"":""traditional heritage craft"",""information_type"":""history, process, meaning, and preservation"",""style_layout"":""dense A3 heritage information board""}",single,"[""template-intangible-heritage""]",[],needs_review,[],,,
vir-v2-core-vir-s08-30,"bamoo weaving heritage — make the subject, key details, and visual organization instantly scannable; informal tone, 4:5 pls",en,high,core,,vir-s08,vir-v2-vir-s08-cluster-10,"[""implicit_intent"",""underspecified"",""typo_noise"",""boundary_nearby""]","{""subject_event"":""traditional heritage craft"",""information_type"":""history, process, meaning, and preservation"",""style_layout"":""dense A3 heritage information board""}",single,"[""template-intangible-heritage""]",[],needs_review,[],,,
vir-v2-core-vir-s09-21,Need Cuban sandwich，信息要一眼扫懂但别做成 generic poster，竖版 pls,mixed,high,core,,vir-s09,vir-v2-vir-s09-cluster-01,"[""implicit_intent"",""code_switch"",""layout_modifier"",""boundary_nearby""]","{""subject_event"":""named dish"",""information_type"":""ingredients and cooking instructions"",""style_layout"":""food-photography recipe poster""}",single,"[""template-recipe""]",[],needs_review,[],,,
vir-v2-core-vir-s09-22,葡式蛋挞，想做成一眼能看懂的竖版视觉，给新手看，别太学术哈,zh,high,core,,vir-s09,vir-v2-vir-s09-cluster-02,"[""implicit_intent"",""underspecified"",""typo_noise"",""boundary_nearby""]","{""subject_event"":""named dish"",""information_type"":""ingredients and cooking instructions"",""style_layout"":""food-photography recipe poster""}",single,"[""template-recipe""]",[],needs_review,[],,,
vir-v2-core-vir-s09-23,"Kung Pao chicken — make the subject, key details, and visual organization instantly scannable; informal tone, 4:5 pls",en,high,core,,vir-s09,vir-v2-vir-s09-cluster-03,"[""implicit_intent"",""underspecified"",""layout_modifier"",""boundary_nearby""]","{""subject_event"":""named dish"",""information_type"":""ingredients and cooking instructions"",""style_layout"":""food-photography recipe poster""}",single,"[""template-recipe""]",[],needs_review,[],,,
vir-v2-core-vir-s09-24,蘑菇烩饭，想做成一眼能看懂的竖版视觉，给新手看，别太学术哈,zh,high,core,,vir-s09,vir-v2-vir-s09-cluster-04,"[""implicit_intent"",""underspecified"",""typo_noise"",""boundary_nearby""]","{""subject_event"":""named dish"",""information_type"":""ingredients and cooking instructions"",""style_layout"":""food-photography recipe poster""}",single,"[""template-recipe""]",[],needs_review,[],,,
vir-v2-core-vir-s09-25,"Japanese curry rice — make the subject, key details, and visual organization instantly scannable; informal tone, 4:5 pls",en,high,core,,vir-s09,vir-v2-vir-s09-cluster-05,"[""implicit_intent"",""underspecified"",""layout_modifier"",""boundary_nearby""]","{""subject_event"":""named dish"",""information_type"":""ingredients and cooking instructions"",""style_layout"":""food-photography recipe poster""}",single,"[""template-recipe""]",[],needs_review,[],,,
vir-v2-core-vir-s09-26,Need shakshuka，信息要一眼扫懂但别做成 generic poster，竖版 pls,mixed,high,core,,vir-s09,vir-v2-vir-s09-cluster-06,"[""implicit_intent"",""code_switch"",""typo_noise"",""boundary_nearby""]","{""subject_event"":""named dish"",""information_type"":""ingredients and cooking instructions"",""style_layout"":""food-photography recipe poster""}",single,"[""template-recipe""]",[],needs_review,[],,,
vir-v2-core-vir-s09-27,越南春卷，想做成一眼能看懂的竖版视觉，给新手看，别太学术哈,zh,high,core,,vir-s09,vir-v2-vir-s09-cluster-07,"[""implicit_intent"",""underspecified"",""layout_modifier"",""boundary_nearby""]","{""subject_event"":""named dish"",""information_type"":""ingredients and cooking instructions"",""style_layout"":""food-photography recipe poster""}",single,"[""template-recipe""]",[],needs_review,[],,,
vir-v2-core-vir-s09-28,"sourough focaccia — make the subject, key details, and visual organization instantly scannable; informal tone, 4:5 pls",en,high,core,,vir-s09,vir-v2-vir-s09-cluster-08,"[""implicit_intent"",""underspecified"",""typo_noise"",""boundary_nearby""]","{""subject_event"":""named dish"",""information_type"":""ingredients and cooking instructions"",""style_layout"":""food-photography recipe poster""}",single,"[""template-recipe""]",[],needs_review,[],,,
vir-v2-core-vir-s09-29,麻婆豆腐，想做成一眼能看懂的竖版视觉，给新手看，别太学术哈,zh,high,core,,vir-s09,vir-v2-vir-s09-cluster-09,"[""implicit_intent"",""underspecified"",""layout_modifier"",""boundary_nearby""]","{""subject_event"":""named dish"",""information_type"":""ingredients and cooking instructions"",""style_layout"":""food-photography recipe poster""}",single,"[""template-recipe""]",[],needs_review,[],,,
vir-v2-core-vir-s09-30,"mango stiky rice — make the subject, key details, and visual organization instantly scannable; informal tone, 4:5 pls",en,high,core,,vir-s09,vir-v2-vir-s09-cluster-10,"[""implicit_intent"",""underspecified"",""typo_noise"",""boundary_nearby""]","{""subject_event"":""named dish"",""information_type"":""ingredients and cooking instructions"",""style_layout"":""food-photography recipe poster""}",single,"[""template-recipe""]",[],needs_review,[],,,
vir-v2-core-vir-s10-21,Need Marvel heroes as all 16 MBTI types，信息要一眼扫懂但别做成 generic poster，竖版 pls,mixed,high,core,,vir-s10,vir-v2-vir-s10-cluster-01,"[""implicit_intent"",""code_switch"",""layout_modifier"",""boundary_nearby""]","{""subject_event"":""MBTI types or MBTI-mapped character set"",""information_type"":""personality classification and behavior comparison"",""style_layout"":""labeled cartoon multi-character chart""}",single,"[""template-mbti-generic""]",[],needs_review,[],,,
vir-v2-core-vir-s10-22,原神角色 MBTI 分类，想做成一眼能看懂的竖版视觉，给新手看，别太学术哈,zh,high,core,,vir-s10,vir-v2-vir-s10-cluster-02,"[""implicit_intent"",""underspecified"",""typo_noise"",""boundary_nearby""]","{""subject_event"":""MBTI types or MBTI-mapped character set"",""information_type"":""personality classification and behavior comparison"",""style_layout"":""labeled cartoon multi-character chart""}",single,"[""template-mbti-generic""]",[],needs_review,[],,,
vir-v2-core-vir-s10-23,"MBTI types during a group project — make the subject, key details, and visual organization instantly scannable; informal tone, 4:5 pls",en,high,core,,vir-s10,vir-v2-vir-s10-cluster-03,"[""implicit_intent"",""underspecified"",""layout_modifier"",""boundary_nearby""]","{""subject_event"":""MBTI types or MBTI-mapped character set"",""information_type"":""personality classification and behavior comparison"",""style_layout"":""labeled cartoon multi-character chart""}",single,"[""template-mbti-generic""]",[],needs_review,[],,,
vir-v2-core-vir-s10-24,聚会里的 MBTI 人格，想做成一眼能看懂的竖版视觉，给新手看，别太学术哈,zh,high,core,,vir-s10,vir-v2-vir-s10-cluster-04,"[""implicit_intent"",""underspecified"",""typo_noise"",""boundary_nearby""]","{""subject_event"":""MBTI types or MBTI-mapped character set"",""information_type"":""personality classification and behavior comparison"",""style_layout"":""labeled cartoon multi-character chart""}",single,"[""template-mbti-generic""]",[],needs_review,[],,,
vir-v2-core-vir-s10-25,"anime protagonists by personality type — make the subject, key details, and visual organization instantly scannable; informal tone, 4:5 pls",en,high,core,,vir-s10,vir-v2-vir-s10-cluster-05,"[""implicit_intent"",""underspecified"",""layout_modifier"",""boundary_nearby""]","{""subject_event"":""MBTI types or MBTI-mapped character set"",""information_type"":""personality classification and behavior comparison"",""style_layout"":""labeled cartoon multi-character chart""}",single,"[""template-mbti-generic""]",[],needs_review,[],,,
vir-v2-core-vir-s10-26,Need football positions as MBTI types，信息要一眼扫懂但别做成 generic poster，竖版 pls,mixed,high,core,,vir-s10,vir-v2-vir-s10-cluster-06,"[""implicit_intent"",""code_switch"",""typo_noise"",""boundary_nearby""]","{""subject_event"":""MBTI types or MBTI-mapped character set"",""information_type"":""personality classification and behavior comparison"",""style_layout"":""labeled cartoon multi-character chart""}",single,"[""template-mbti-generic""]",[],needs_review,[],,,
vir-v2-core-vir-s10-27,办公室同事 MBTI 十六型，想做成一眼能看懂的竖版视觉，给新手看，别太学术哈,zh,high,core,,vir-s10,vir-v2-vir-s10-cluster-07,"[""implicit_intent"",""underspecified"",""layout_modifier"",""boundary_nearby""]","{""subject_event"":""MBTI types or MBTI-mapped character set"",""information_type"":""personality classification and behavior comparison"",""style_layout"":""labeled cartoon multi-character chart""}",single,"[""template-mbti-generic""]",[],needs_review,[],,,
vir-v2-core-vir-s10-28,"mythlogy figures mapped to MBTI — make the subject, key details, and visual organization instantly scannable; informal tone, 4:5 pls",en,high,core,,vir-s10,vir-v2-vir-s10-cluster-08,"[""implicit_intent"",""underspecified"",""typo_noise"",""boundary_nearby""]","{""subject_event"":""MBTI types or MBTI-mapped character set"",""information_type"":""personality classification and behavior comparison"",""style_layout"":""labeled cartoon multi-character chart""}",single,"[""template-mbti-generic""]",[],needs_review,[],,,
vir-v2-core-vir-s10-29,不同 MBTI 如何规划旅行，想做成一眼能看懂的竖版视觉，给新手看，别太学术哈,zh,high,core,,vir-s10,vir-v2-vir-s10-cluster-09,"[""implicit_intent"",""underspecified"",""layout_modifier"",""boundary_nearby""]","{""subject_event"":""MBTI types or MBTI-mapped character set"",""information_type"":""personality classification and behavior comparison"",""style_layout"":""labeled cartoon multi-character chart""}",single,"[""template-mbti-generic""]",[],needs_review,[],,,
vir-v2-core-vir-s10-30,"sixeen personalities under deadline stress — make the subject, key details, and visual organization instantly scannable; informal tone, 4:5 pls",en,high,core,,vir-s10,vir-v2-vir-s10-cluster-10,"[""implicit_intent"",""underspecified"",""typo_noise"",""boundary_nearby""]","{""subject_event"":""MBTI types or MBTI-mapped character set"",""information_type"":""personality classification and behavior comparison"",""style_layout"":""labeled cartoon multi-character chart""}",single,"[""template-mbti-generic""]",[],needs_review,[],,,
vir-v2-core-vir-s11-21,Need ginkgo tree，信息要一眼扫懂但别做成 generic poster，竖版 pls,mixed,high,core,,vir-s11,vir-v2-vir-s11-cluster-01,"[""implicit_intent"",""code_switch"",""layout_modifier"",""boundary_nearby""]","{""subject_event"":""single plant or animal species"",""information_type"":""scientific facts, anatomy, habitat, and conservation"",""style_layout"":""central-species modular science infographic""}",single,"[""template-species-science""]",[],needs_review,[],,,
vir-v2-core-vir-s11-22,玳瑁，想做成一眼能看懂的竖版视觉，给新手看，别太学术哈,zh,high,core,,vir-s11,vir-v2-vir-s11-cluster-02,"[""implicit_intent"",""underspecified"",""typo_noise"",""boundary_nearby""]","{""subject_event"":""single plant or animal species"",""information_type"":""scientific facts, anatomy, habitat, and conservation"",""style_layout"":""central-species modular science infographic""}",single,"[""template-species-science""]",[],needs_review,[],,,
vir-v2-core-vir-s11-23,"golden camellia — make the subject, key details, and visual organization instantly scannable; informal tone, 4:5 pls",en,high,core,,vir-s11,vir-v2-vir-s11-cluster-03,"[""implicit_intent"",""underspecified"",""layout_modifier"",""boundary_nearby""]","{""subject_event"":""single plant or animal species"",""information_type"":""scientific facts, anatomy, habitat, and conservation"",""style_layout"":""central-species modular science infographic""}",single,"[""template-species-science""]",[],needs_review,[],,,
vir-v2-core-vir-s11-24,丹顶鹤，想做成一眼能看懂的竖版视觉，给新手看，别太学术哈,zh,high,core,,vir-s11,vir-v2-vir-s11-cluster-04,"[""implicit_intent"",""underspecified"",""typo_noise"",""boundary_nearby""]","{""subject_event"":""single plant or animal species"",""information_type"":""scientific facts, anatomy, habitat, and conservation"",""style_layout"":""central-species modular science infographic""}",single,"[""template-species-science""]",[],needs_review,[],,,
vir-v2-core-vir-s11-25,"dove tree — make the subject, key details, and visual organization instantly scannable; informal tone, 4:5 pls",en,high,core,,vir-s11,vir-v2-vir-s11-cluster-05,"[""implicit_intent"",""underspecified"",""layout_modifier"",""boundary_nearby""]","{""subject_event"":""single plant or animal species"",""information_type"":""scientific facts, anatomy, habitat, and conservation"",""style_layout"":""central-species modular science infographic""}",single,"[""template-species-science""]",[],needs_review,"[""near duplicate outside cluster: vir-v2-core-vir-s11-28""]",,,
vir-v2-core-vir-s11-26,Need snow leopard，信息要一眼扫懂但别做成 generic poster，竖版 pls,mixed,high,core,,vir-s11,vir-v2-vir-s11-cluster-06,"[""implicit_intent"",""code_switch"",""typo_noise"",""boundary_nearby""]","{""subject_event"":""single plant or animal species"",""information_type"":""scientific facts, anatomy, habitat, and conservation"",""style_layout"":""central-species modular science infographic""}",single,"[""template-species-science""]",[],needs_review,[],,,
vir-v2-core-vir-s11-27,中华穿山甲，想做成一眼能看懂的竖版视觉，给新手看，别太学术哈,zh,high,core,,vir-s11,vir-v2-vir-s11-cluster-07,"[""implicit_intent"",""underspecified"",""layout_modifier"",""boundary_nearby""]","{""subject_event"":""single plant or animal species"",""information_type"":""scientific facts, anatomy, habitat, and conservation"",""style_layout"":""central-species modular science infographic""}",single,"[""template-species-science""]",[],needs_review,[],,,
vir-v2-core-vir-s11-28,"tree fern — make the subect, key details, and visual organization instantly scannable; informal tone, 4:5 pls",en,high,core,,vir-s11,vir-v2-vir-s11-cluster-08,"[""implicit_intent"",""underspecified"",""typo_noise"",""boundary_nearby""]","{""subject_event"":""single plant or animal species"",""information_type"":""scientific facts, anatomy, habitat, and conservation"",""style_layout"":""central-species modular science infographic""}",single,"[""template-species-science""]",[],needs_review,"[""near duplicate outside cluster: vir-v2-core-vir-s11-25""]",,,
vir-v2-core-vir-s11-29,绿孔雀，想做成一眼能看懂的竖版视觉，给新手看，别太学术哈,zh,high,core,,vir-s11,vir-v2-vir-s11-cluster-09,"[""implicit_intent"",""underspecified"",""layout_modifier"",""boundary_nearby""]","{""subject_event"":""single plant or animal species"",""information_type"":""scientific facts, anatomy, habitat, and conservation"",""style_layout"":""central-species modular science infographic""}",single,"[""template-species-science""]",[],needs_review,[],,,
vir-v2-core-vir-s11-30,"Paphioedilum orchid — make the subject, key details, and visual organization instantly scannable; informal tone, 4:5 pls",en,high,core,,vir-s11,vir-v2-vir-s11-cluster-10,"[""implicit_intent"",""underspecified"",""typo_noise"",""boundary_nearby""]","{""subject_event"":""single plant or animal species"",""information_type"":""scientific facts, anatomy, habitat, and conservation"",""style_layout"":""central-species modular science infographic""}",single,"[""template-species-science""]",[],needs_review,[],,,
vir-v2-core-vir-s12-21,Need Albert Einstein's life principles，信息要一眼扫懂但别做成 generic poster，竖版 pls,mixed,high,core,,vir-s12,vir-v2-vir-s12-cluster-01,"[""implicit_intent"",""code_switch"",""layout_modifier"",""boundary_nearby""]","{""subject_event"":""single famous or historical person"",""information_type"":""life principles, habits, and lessons"",""style_layout"":""portrait-led educational principles infographic""}",single,"[""template-figure-principles-infographic""]",[],needs_review,[],,,
vir-v2-core-vir-s12-22,居里夫人的工作习惯，想做成一眼能看懂的竖版视觉，给新手看，别太学术哈,zh,high,core,,vir-s12,vir-v2-vir-s12-cluster-02,"[""implicit_intent"",""underspecified"",""typo_noise"",""boundary_nearby""]","{""subject_event"":""single famous or historical person"",""information_type"":""life principles, habits, and lessons"",""style_layout"":""portrait-led educational principles infographic""}",single,"[""template-figure-principles-infographic""]",[],needs_review,[],,,
vir-v2-core-vir-s12-23,"Leonardo da Vinci's creative lessons — make the subject, key details, and visual organization instantly scannable; informal tone, 4:5 pls",en,high,core,,vir-s12,vir-v2-vir-s12-cluster-03,"[""implicit_intent"",""underspecified"",""layout_modifier"",""boundary_nearby""]","{""subject_event"":""single famous or historical person"",""information_type"":""life principles, habits, and lessons"",""style_layout"":""portrait-led educational principles infographic""}",single,"[""template-figure-principles-infographic""]",[],needs_review,[],,,
vir-v2-core-vir-s12-24,简·奥斯汀的写作原则，想做成一眼能看懂的竖版视觉，给新手看，别太学术哈,zh,high,core,,vir-s12,vir-v2-vir-s12-cluster-04,"[""implicit_intent"",""underspecified"",""typo_noise"",""boundary_nearby""]","{""subject_event"":""single famous or historical person"",""information_type"":""life principles, habits, and lessons"",""style_layout"":""portrait-led educational principles infographic""}",single,"[""template-figure-principles-infographic""]",[],needs_review,[],,,
vir-v2-core-vir-s12-25,"Sun Tzu's strategic lessons — make the subject, key details, and visual organization instantly scannable; informal tone, 4:5 pls",en,high,core,,vir-s12,vir-v2-vir-s12-cluster-05,"[""implicit_intent"",""underspecified"",""layout_modifier"",""boundary_nearby""]","{""subject_event"":""single famous or historical person"",""information_type"":""life principles, habits, and lessons"",""style_layout"":""portrait-led educational principles infographic""}",single,"[""template-figure-principles-infographic""]",[],needs_review,[],,,
vir-v2-core-vir-s12-26,Need Mozart's creative routine，信息要一眼扫懂但别做成 generic poster，竖版 pls,mixed,high,core,,vir-s12,vir-v2-vir-s12-cluster-06,"[""implicit_intent"",""code_switch"",""typo_noise"",""boundary_nearby""]","{""subject_event"":""single famous or historical person"",""information_type"":""life principles, habits, and lessons"",""style_layout"":""portrait-led educational principles infographic""}",single,"[""template-figure-principles-infographic""]",[],needs_review,[],,,
vir-v2-core-vir-s12-27,亚里士多德的核心思想，想做成一眼能看懂的竖版视觉，给新手看，别太学术哈,zh,high,core,,vir-s12,vir-v2-vir-s12-cluster-07,"[""implicit_intent"",""underspecified"",""layout_modifier"",""boundary_nearby""]","{""subject_event"":""single famous or historical person"",""information_type"":""life principles, habits, and lessons"",""style_layout"":""portrait-led educational principles infographic""}",single,"[""template-figure-principles-infographic""]",[],needs_review,[],,,
vir-v2-core-vir-s12-28,"Steve Jobs on focus and desgn — make the subject, key details, and visual organization instantly scannable; informal tone, 4:5 pls",en,high,core,,vir-s12,vir-v2-vir-s12-cluster-08,"[""implicit_intent"",""underspecified"",""typo_noise"",""boundary_nearby""]","{""subject_event"":""single famous or historical person"",""information_type"":""life principles, habits, and lessons"",""style_layout"":""portrait-led educational principles infographic""}",single,"[""template-figure-principles-infographic""]",[],needs_review,[],,,
vir-v2-core-vir-s12-29,毕加索的艺术启示，想做成一眼能看懂的竖版视觉，给新手看，别太学术哈,zh,high,core,,vir-s12,vir-v2-vir-s12-cluster-09,"[""implicit_intent"",""underspecified"",""layout_modifier"",""boundary_nearby""]","{""subject_event"":""single famous or historical person"",""information_type"":""life principles, habits, and lessons"",""style_layout"":""portrait-led educational principles infographic""}",single,"[""template-figure-principles-infographic""]",[],needs_review,[],,,
vir-v2-core-vir-s12-30,"Shakepeare's storytelling habits — make the subject, key details, and visual organization instantly scannable; informal tone, 4:5 pls",en,high,core,,vir-s12,vir-v2-vir-s12-cluster-10,"[""implicit_intent"",""underspecified"",""typo_noise"",""boundary_nearby""]","{""subject_event"":""single famous or historical person"",""information_type"":""life principles, habits, and lessons"",""style_layout"":""portrait-led educational principles infographic""}",single,"[""template-figure-principles-infographic""]",[],needs_review,[],,,
vir-v2-core-vir-s13-21,Need aroma diffuser，信息要一眼扫懂但别做成 generic poster，竖版 pls,mixed,high,core,,vir-s13,vir-v2-vir-s13-cluster-01,"[""implicit_intent"",""code_switch"",""layout_modifier"",""boundary_nearby""]","{""subject_event"":""small home or lifestyle product"",""information_type"":""promotion and feature highlighting"",""style_layout"":""warm single-product advertising poster""}",single,"[""template-product-poster""]",[],needs_review,[],,,
vir-v2-core-vir-s13-22,陶瓷香薰蜡烛，想做成一眼能看懂的竖版视觉，给新手看，别太学术哈,zh,high,core,,vir-s13,vir-v2-vir-s13-cluster-02,"[""implicit_intent"",""underspecified"",""typo_noise"",""boundary_nearby""]","{""subject_event"":""small home or lifestyle product"",""information_type"":""promotion and feature highlighting"",""style_layout"":""warm single-product advertising poster""}",single,"[""template-product-poster""]",[],needs_review,[],,,
vir-v2-core-vir-s13-23,"compact coffee maker — make the subject, key details, and visual organization instantly scannable; informal tone, 4:5 pls",en,high,core,,vir-s13,vir-v2-vir-s13-cluster-03,"[""implicit_intent"",""underspecified"",""layout_modifier"",""boundary_nearby""]","{""subject_event"":""small home or lifestyle product"",""information_type"":""promotion and feature highlighting"",""style_layout"":""warm single-product advertising poster""}",single,"[""template-product-poster""]",[],needs_review,[],,,
vir-v2-core-vir-s13-24,暖光台灯，想做成一眼能看懂的竖版视觉，给新手看，别太学术哈,zh,high,core,,vir-s13,vir-v2-vir-s13-cluster-04,"[""implicit_intent"",""underspecified"",""typo_noise"",""boundary_nearby""]","{""subject_event"":""small home or lifestyle product"",""information_type"":""promotion and feature highlighting"",""style_layout"":""warm single-product advertising poster""}",single,"[""template-product-poster""]",[],needs_review,[],,,
vir-v2-core-vir-s13-25,"portable blender — make the subject, key details, and visual organization instantly scannable; informal tone, 4:5 pls",en,high,core,,vir-s13,vir-v2-vir-s13-cluster-05,"[""implicit_intent"",""underspecified"",""layout_modifier"",""boundary_nearby""]","{""subject_event"":""small home or lifestyle product"",""information_type"":""promotion and feature highlighting"",""style_layout"":""warm single-product advertising poster""}",single,"[""template-product-poster""]",[],needs_review,[],,,
vir-v2-core-vir-s13-26,Need label printer，信息要一眼扫懂但别做成 generic poster，竖版 pls,mixed,high,core,,vir-s13,vir-v2-vir-s13-cluster-06,"[""implicit_intent"",""code_switch"",""typo_noise"",""boundary_nearby""]","{""subject_event"":""small home or lifestyle product"",""information_type"":""promotion and feature highlighting"",""style_layout"":""warm single-product advertising poster""}",single,"[""template-product-poster""]",[],needs_review,[],,,
vir-v2-core-vir-s13-27,蓝牙音箱，想做成一眼能看懂的竖版视觉，给新手看，别太学术哈,zh,high,core,,vir-s13,vir-v2-vir-s13-cluster-07,"[""implicit_intent"",""underspecified"",""layout_modifier"",""boundary_nearby""]","{""subject_event"":""small home or lifestyle product"",""information_type"":""promotion and feature highlighting"",""style_layout"":""warm single-product advertising poster""}",single,"[""template-product-poster""]",[],needs_review,[],,,
vir-v2-core-vir-s13-28,"air puriier — make the subject, key details, and visual organization instantly scannable; informal tone, 4:5 pls",en,high,core,,vir-s13,vir-v2-vir-s13-cluster-08,"[""implicit_intent"",""underspecified"",""typo_noise"",""boundary_nearby""]","{""subject_event"":""small home or lifestyle product"",""information_type"":""promotion and feature highlighting"",""style_layout"":""warm single-product advertising poster""}",single,"[""template-product-poster""]",[],needs_review,[],,,
vir-v2-core-vir-s13-29,电热水壶，想做成一眼能看懂的竖版视觉，给新手看，别太学术哈,zh,high,core,,vir-s13,vir-v2-vir-s13-cluster-09,"[""implicit_intent"",""underspecified"",""layout_modifier"",""boundary_nearby""]","{""subject_event"":""small home or lifestyle product"",""information_type"":""promotion and feature highlighting"",""style_layout"":""warm single-product advertising poster""}",single,"[""template-product-poster""]",[],needs_review,[],,,
vir-v2-core-vir-s13-30,"smart cycing computer — make the subject, key details, and visual organization instantly scannable; informal tone, 4:5 pls",en,high,core,,vir-s13,vir-v2-vir-s13-cluster-10,"[""implicit_intent"",""underspecified"",""typo_noise"",""boundary_nearby""]","{""subject_event"":""small home or lifestyle product"",""information_type"":""promotion and feature highlighting"",""style_layout"":""warm single-product advertising poster""}",single,"[""template-product-poster""]",[],needs_review,[],,,
vir-v2-core-vir-s14-21,Need ocean-wave inspired gown，信息要一眼扫懂但别做成 generic poster，竖版 pls,mixed,high,core,,vir-s14,vir-v2-vir-s14-cluster-01,"[""implicit_intent"",""code_switch"",""layout_modifier"",""boundary_nearby""]","{""subject_event"":""couture gown inspired by a theme"",""information_type"":""fashion concept development and annotation"",""style_layout"":""gown design sheet with technical sketch""}",single,"[""template-fashion-inspired-gown-design-sheet""]",[],needs_review,[],,,
vir-v2-core-vir-s14-22,兰花灵感 Met Gala 礼服，想做成一眼能看懂的竖版视觉，给新手看，别太学术哈,zh,high,core,,vir-s14,vir-v2-vir-s14-cluster-02,"[""implicit_intent"",""underspecified"",""typo_noise"",""boundary_nearby""]","{""subject_event"":""couture gown inspired by a theme"",""information_type"":""fashion concept development and annotation"",""style_layout"":""gown design sheet with technical sketch""}",single,"[""template-fashion-inspired-gown-design-sheet""]",[],needs_review,[],,,
vir-v2-core-vir-s14-23,"ice-crystal evening gown — make the subject, key details, and visual organization instantly scannable; informal tone, 4:5 pls",en,high,core,,vir-s14,vir-v2-vir-s14-cluster-03,"[""implicit_intent"",""underspecified"",""layout_modifier"",""boundary_nearby""]","{""subject_event"":""couture gown inspired by a theme"",""information_type"":""fashion concept development and annotation"",""style_layout"":""gown design sheet with technical sketch""}",single,"[""template-fashion-inspired-gown-design-sheet""]",[],needs_review,[],,,
vir-v2-core-vir-s14-24,凤凰高定造型，想做成一眼能看懂的竖版视觉，给新手看，别太学术哈,zh,high,core,,vir-s14,vir-v2-vir-s14-cluster-04,"[""implicit_intent"",""underspecified"",""typo_noise"",""boundary_nearby""]","{""subject_event"":""couture gown inspired by a theme"",""information_type"":""fashion concept development and annotation"",""style_layout"":""gown design sheet with technical sketch""}",single,"[""template-fashion-inspired-gown-design-sheet""]",[],needs_review,[],,,
vir-v2-core-vir-s14-25,"butterfly-wing ball gown — make the subject, key details, and visual organization instantly scannable; informal tone, 4:5 pls",en,high,core,,vir-s14,vir-v2-vir-s14-cluster-05,"[""implicit_intent"",""underspecified"",""layout_modifier"",""boundary_nearby""]","{""subject_event"":""couture gown inspired by a theme"",""information_type"":""fashion concept development and annotation"",""style_layout"":""gown design sheet with technical sketch""}",single,"[""template-fashion-inspired-gown-design-sheet""]",[],needs_review,[],,,
vir-v2-core-vir-s14-26,Need cherry-blossom red-carpet gown，信息要一眼扫懂但别做成 generic poster，竖版 pls,mixed,high,core,,vir-s14,vir-v2-vir-s14-cluster-06,"[""implicit_intent"",""code_switch"",""typo_noise"",""boundary_nearby""]","{""subject_event"":""couture gown inspired by a theme"",""information_type"":""fashion concept development and annotation"",""style_layout"":""gown design sheet with technical sketch""}",single,"[""template-fashion-inspired-gown-design-sheet""]",[],needs_review,[],,,
vir-v2-core-vir-s14-27,沙丘灵感高定礼服，想做成一眼能看懂的竖版视觉，给新手看，别太学术哈,zh,high,core,,vir-s14,vir-v2-vir-s14-cluster-07,"[""implicit_intent"",""underspecified"",""layout_modifier"",""boundary_nearby""]","{""subject_event"":""couture gown inspired by a theme"",""information_type"":""fashion concept development and annotation"",""style_layout"":""gown design sheet with technical sketch""}",single,"[""template-fashion-inspired-gown-design-sheet""]",[],needs_review,[],,,
vir-v2-core-vir-s14-28,"moonight silver gown — make the subject, key details, and visual organization instantly scannable; informal tone, 4:5 pls",en,high,core,,vir-s14,vir-v2-vir-s14-cluster-08,"[""implicit_intent"",""underspecified"",""typo_noise"",""boundary_nearby""]","{""subject_event"":""couture gown inspired by a theme"",""information_type"":""fashion concept development and annotation"",""style_layout"":""gown design sheet with technical sketch""}",single,"[""template-fashion-inspired-gown-design-sheet""]",[],needs_review,[],,,
vir-v2-core-vir-s14-29,莲花灵感礼服，想做成一眼能看懂的竖版视觉，给新手看，别太学术哈,zh,high,core,,vir-s14,vir-v2-vir-s14-cluster-09,"[""implicit_intent"",""underspecified"",""layout_modifier"",""boundary_nearby""]","{""subject_event"":""couture gown inspired by a theme"",""information_type"":""fashion concept development and annotation"",""style_layout"":""gown design sheet with technical sketch""}",single,"[""template-fashion-inspired-gown-design-sheet""]",[],needs_review,[],,,
vir-v2-core-vir-s14-30,"volcnic-lava statement gown — make the subject, key details, and visual organization instantly scannable; informal tone, 4:5 pls",en,high,core,,vir-s14,vir-v2-vir-s14-cluster-10,"[""implicit_intent"",""underspecified"",""typo_noise"",""boundary_nearby""]","{""subject_event"":""couture gown inspired by a theme"",""information_type"":""fashion concept development and annotation"",""style_layout"":""gown design sheet with technical sketch""}",single,"[""template-fashion-inspired-gown-design-sheet""]",[],needs_review,[],,,
vir-v2-core-vir-s15-21,Need INFJ and ENTP dating，信息要一眼扫懂但别做成 generic poster，竖版 pls,mixed,high,core,,vir-s15,vir-v2-vir-s15-cluster-01,"[""implicit_intent"",""code_switch"",""layout_modifier"",""boundary_nearby""]","{""subject_event"":""pair of MBTI personality types"",""information_type"":""relationship compatibility comparison"",""style_layout"":""cute dual-character comparison infographic""}",single,"[""template-mbti-personality-compatibility-infographic""]",[],needs_review,[],,,
vir-v2-core-vir-s15-22,INTJ 与 ENFP 关系，想做成一眼能看懂的竖版视觉，给新手看，别太学术哈,zh,high,core,,vir-s15,vir-v2-vir-s15-cluster-02,"[""implicit_intent"",""underspecified"",""typo_noise"",""boundary_nearby""]","{""subject_event"":""pair of MBTI personality types"",""information_type"":""relationship compatibility comparison"",""style_layout"":""cute dual-character comparison infographic""}",single,"[""template-mbti-personality-compatibility-infographic""]",[],needs_review,[],,,
vir-v2-core-vir-s15-23,"ISTP and ESFJ compatibility — make the subject, key details, and visual organization instantly scannable; informal tone, 4:5 pls",en,high,core,,vir-s15,vir-v2-vir-s15-cluster-03,"[""implicit_intent"",""underspecified"",""layout_modifier"",""boundary_nearby""]","{""subject_event"":""pair of MBTI personality types"",""information_type"":""relationship compatibility comparison"",""style_layout"":""cute dual-character comparison infographic""}",single,"[""template-mbti-personality-compatibility-infographic""]",[],needs_review,[],,,
vir-v2-core-vir-s15-24,INFP 与 ENTJ 情侣相处，想做成一眼能看懂的竖版视觉，给新手看，别太学术哈,zh,high,core,,vir-s15,vir-v2-vir-s15-cluster-04,"[""implicit_intent"",""underspecified"",""typo_noise"",""boundary_nearby""]","{""subject_event"":""pair of MBTI personality types"",""information_type"":""relationship compatibility comparison"",""style_layout"":""cute dual-character comparison infographic""}",single,"[""template-mbti-personality-compatibility-infographic""]",[],needs_review,[],,,
vir-v2-core-vir-s15-25,"ENFJ and ISTP friendship — make the subject, key details, and visual organization instantly scannable; informal tone, 4:5 pls",en,high,core,,vir-s15,vir-v2-vir-s15-cluster-05,"[""implicit_intent"",""underspecified"",""layout_modifier"",""boundary_nearby""]","{""subject_event"":""pair of MBTI personality types"",""information_type"":""relationship compatibility comparison"",""style_layout"":""cute dual-character comparison infographic""}",single,"[""template-mbti-personality-compatibility-infographic""]",[],needs_review,[],,,
vir-v2-core-vir-s15-26,Need ISFJ and ESTP dating dynamics，信息要一眼扫懂但别做成 generic poster，竖版 pls,mixed,high,core,,vir-s15,vir-v2-vir-s15-cluster-06,"[""implicit_intent"",""code_switch"",""typo_noise"",""boundary_nearby""]","{""subject_event"":""pair of MBTI personality types"",""information_type"":""relationship compatibility comparison"",""style_layout"":""cute dual-character comparison infographic""}",single,"[""template-mbti-personality-compatibility-infographic""]",[],needs_review,[],,,
vir-v2-core-vir-s15-27,ENTP 与 INTJ 长期配对，想做成一眼能看懂的竖版视觉，给新手看，别太学术哈,zh,high,core,,vir-s15,vir-v2-vir-s15-cluster-07,"[""implicit_intent"",""underspecified"",""layout_modifier"",""boundary_nearby""]","{""subject_event"":""pair of MBTI personality types"",""information_type"":""relationship compatibility comparison"",""style_layout"":""cute dual-character comparison infographic""}",single,"[""template-mbti-personality-compatibility-infographic""]",[],needs_review,[],,,
vir-v2-core-vir-s15-28,"ESFP and ISTJ relatinship — make the subject, key details, and visual organization instantly scannable; informal tone, 4:5 pls",en,high,core,,vir-s15,vir-v2-vir-s15-cluster-08,"[""implicit_intent"",""underspecified"",""typo_noise"",""boundary_nearby""]","{""subject_event"":""pair of MBTI personality types"",""information_type"":""relationship compatibility comparison"",""style_layout"":""cute dual-character comparison infographic""}",single,"[""template-mbti-personality-compatibility-infographic""]",[],needs_review,[],,,
vir-v2-core-vir-s15-29,ENFP 与 INFJ 适配度，想做成一眼能看懂的竖版视觉，给新手看，别太学术哈,zh,high,core,,vir-s15,vir-v2-vir-s15-cluster-09,"[""implicit_intent"",""underspecified"",""layout_modifier"",""boundary_nearby""]","{""subject_event"":""pair of MBTI personality types"",""information_type"":""relationship compatibility comparison"",""style_layout"":""cute dual-character comparison infographic""}",single,"[""template-mbti-personality-compatibility-infographic""]",[],needs_review,[],,,
vir-v2-core-vir-s15-30,"ESTJ and INFP communcation — make the subject, key details, and visual organization instantly scannable; informal tone, 4:5 pls",en,high,core,,vir-s15,vir-v2-vir-s15-cluster-10,"[""implicit_intent"",""underspecified"",""typo_noise"",""boundary_nearby""]","{""subject_event"":""pair of MBTI personality types"",""information_type"":""relationship compatibility comparison"",""style_layout"":""cute dual-character comparison infographic""}",single,"[""template-mbti-personality-compatibility-infographic""]",[],needs_review,[],,,
vir-v2-gap-001,请帮我做只用文字生成官方护照证件照。,zh,low,content_gap,,vir-s16,vir-v2-gap-cluster-01,"[""explicit_artifact"",""different_example"",""unsupported_visual_request"",""clean""]","{""subject_event"":""identity portrait"",""information_type"":""unsupported visual production request"",""style_layout"":""requested artifact-specific layout""}",none,[],[],needs_review,[],"{""record_id"":""vir-v2-gap-001"",""query"":""请帮我做只用文字生成官方护照证件照。"",""top_competing_templates"":[{""template_id"":""template-herbal"",""similarity"":0},{""template_id"":""template-evolution"",""similarity"":0},{""template_id"":""template-travel"",""similarity"":0}],""warning"":false}",,
vir-v2-gap-002,请帮我做符合生物识别尺寸的签证头像。,zh,low,content_gap,,vir-s16,vir-v2-gap-cluster-02,"[""explicit_artifact"",""different_example"",""unsupported_visual_request"",""clean""]","{""subject_event"":""identity portrait"",""information_type"":""unsupported visual production request"",""style_layout"":""requested artifact-specific layout""}",none,[],[],needs_review,[],"{""record_id"":""vir-v2-gap-002"",""query"":""请帮我做符合生物识别尺寸的签证头像。"",""top_competing_templates"":[{""template_id"":""template-herbal"",""similarity"":0},{""template_id"":""template-evolution"",""similarity"":0},{""template_id"":""template-travel"",""similarity"":0}],""warning"":false}",,
vir-v2-gap-003,请帮我做软件工程师单页简历。,zh,low,content_gap,,vir-s16,vir-v2-gap-cluster-03,"[""explicit_artifact"",""different_example"",""unsupported_visual_request"",""clean""]","{""subject_event"":""resume document"",""information_type"":""unsupported visual production request"",""style_layout"":""requested artifact-specific layout""}",none,[],[],needs_review,[],"{""record_id"":""vir-v2-gap-003"",""query"":""请帮我做软件工程师单页简历。"",""top_competing_templates"":[{""template_id"":""template-herbal"",""similarity"":0},{""template_id"":""template-evolution"",""similarity"":0},{""template_id"":""template-travel"",""similarity"":0}],""warning"":false}",,
vir-v2-gap-004,请帮我做手机银行 App 线框图。,zh,low,content_gap,,vir-s16,vir-v2-gap-cluster-04,"[""explicit_artifact"",""different_example"",""unsupported_visual_request"",""clean""]","{""subject_event"":""interface design"",""information_type"":""unsupported visual production request"",""style_layout"":""requested artifact-specific layout""}",none,[],[],needs_review,[],"{""record_id"":""vir-v2-gap-004"",""query"":""请帮我做手机银行 App 线框图。"",""top_competing_templates"":[{""template_id"":""template-fashion-shape-guide-infographic"",""similarity"":0.006},{""template_id"":""template-product-poster"",""similarity"":0.0054},{""template_id"":""template-educational-career-field-infographic"",""similarity"":0.0052}],""warning"":false}",,
vir-v2-gap-005,请帮我做实时数据看板 UI 原型。,zh,low,content_gap,,vir-s16,vir-v2-gap-cluster-05,"[""explicit_artifact"",""different_example"",""unsupported_visual_request"",""clean""]","{""subject_event"":""interface design"",""information_type"":""unsupported visual production request"",""style_layout"":""requested artifact-specific layout""}",none,[],[],needs_review,[],"{""record_id"":""vir-v2-gap-005"",""query"":""请帮我做实时数据看板 UI 原型。"",""top_competing_templates"":[{""template_id"":""template-cartoon-character-profile-card-kawaii-style"",""similarity"":0.0085},{""template_id"":""template-chinese-character-learning-poster"",""similarity"":0.0032},{""template_id"":""template-chinese-idiom-learning-card"",""similarity"":0.003}],""warning"":false}",,
vir-v2-gap-006,请帮我做带桌号分配的婚宴座位表。,zh,low,content_gap,,vir-s16,vir-v2-gap-cluster-06,"[""explicit_artifact"",""different_example"",""unsupported_visual_request"",""clean""]","{""subject_event"":""event stationery"",""information_type"":""unsupported visual production request"",""style_layout"":""requested artifact-specific layout""}",none,[],[],needs_review,[],"{""record_id"":""vir-v2-gap-006"",""query"":""请帮我做带桌号分配的婚宴座位表。"",""top_competing_templates"":[{""template_id"":""template-herbal"",""similarity"":0},{""template_id"":""template-evolution"",""similarity"":0},{""template_id"":""template-travel"",""similarity"":0}],""warning"":false}",,
vir-v2-gap-007,请帮我做带可扫描二维码的演唱会门票。,zh,low,content_gap,,vir-s16,vir-v2-gap-cluster-07,"[""explicit_artifact"",""different_example"",""unsupported_visual_request"",""clean""]","{""subject_event"":""functional ticket"",""information_type"":""unsupported visual production request"",""style_layout"":""requested artifact-specific layout""}",none,[],[],needs_review,[],"{""record_id"":""vir-v2-gap-007"",""query"":""请帮我做带可扫描二维码的演唱会门票。"",""top_competing_templates"":[{""template_id"":""template-herbal"",""similarity"":0},{""template_id"":""template-evolution"",""similarity"":0},{""template_id"":""template-travel"",""similarity"":0}],""warning"":false}",,
vir-v2-gap-008,请帮我做植物细线纹身转印稿。,zh,low,content_gap,,vir-s16,vir-v2-gap-cluster-08,"[""explicit_artifact"",""different_example"",""unsupported_visual_request"",""clean""]","{""subject_event"":""tattoo design"",""information_type"":""unsupported visual production request"",""style_layout"":""requested artifact-specific layout""}",none,[],[],needs_review,[],"{""record_id"":""vir-v2-gap-008"",""query"":""请帮我做植物细线纹身转印稿。"",""top_competing_templates"":[{""template_id"":""template-herbal"",""similarity"":0},{""template_id"":""template-evolution"",""similarity"":0},{""template_id"":""template-travel"",""similarity"":0}],""warning"":false}",,
vir-v2-gap-009,请帮我做带精确尺寸的公寓平面图。,zh,low,content_gap,,vir-s16,vir-v2-gap-cluster-09,"[""explicit_artifact"",""different_example"",""unsupported_visual_request"",""clean""]","{""subject_event"":""architectural drawing"",""information_type"":""unsupported visual production request"",""style_layout"":""requested artifact-specific layout""}",none,[],[],needs_review,[],"{""record_id"":""vir-v2-gap-009"",""query"":""请帮我做带精确尺寸的公寓平面图。"",""top_competing_templates"":[{""template_id"":""template-herbal"",""similarity"":0},{""template_id"":""template-evolution"",""similarity"":0},{""template_id"":""template-travel"",""similarity"":0}],""warning"":false}",,
vir-v2-gap-010,请帮我做合身夹克的可打印缝纫纸样。,zh,low,content_gap,,vir-s16,vir-v2-gap-cluster-10,"[""explicit_artifact"",""different_example"",""unsupported_visual_request"",""clean""]","{""subject_event"":""sewing pattern"",""information_type"":""unsupported visual production request"",""style_layout"":""requested artifact-specific layout""}",none,[],[],needs_review,[],"{""record_id"":""vir-v2-gap-010"",""query"":""请帮我做合身夹克的可打印缝纫纸样。"",""top_competing_templates"":[{""template_id"":""template-herbal"",""similarity"":0},{""template_id"":""template-evolution"",""similarity"":0},{""template_id"":""template-travel"",""similarity"":0}],""warning"":false}",,
vir-v2-gap-011,请帮我做含价格和过敏原编码的餐厅菜单。,zh,low,content_gap,,vir-s16,vir-v2-gap-cluster-11,"[""explicit_artifact"",""different_example"",""unsupported_visual_request"",""clean""]","{""subject_event"":""functional menu"",""information_type"":""unsupported visual production request"",""style_layout"":""requested artifact-specific layout""}",none,[],[],needs_review,[],"{""record_id"":""vir-v2-gap-011"",""query"":""请帮我做含价格和过敏原编码的餐厅菜单。"",""top_competing_templates"":[{""template_id"":""template-herbal"",""similarity"":0},{""template_id"":""template-evolution"",""similarity"":0},{""template_id"":""template-travel"",""similarity"":0}],""warning"":false}",,
vir-v2-gap-012,请帮我做含书脊尺寸的小说全封套。,zh,low,content_gap,,vir-s16,vir-v2-gap-cluster-12,"[""explicit_artifact"",""different_example"",""unsupported_visual_request"",""clean""]","{""subject_event"":""publication cover"",""information_type"":""unsupported visual production request"",""style_layout"":""requested artifact-specific layout""}",none,[],[],needs_review,[],"{""record_id"":""vir-v2-gap-012"",""query"":""请帮我做含书脊尺寸的小说全封套。"",""top_competing_templates"":[{""template_id"":""template-herbal"",""similarity"":0},{""template_id"":""template-evolution"",""similarity"":0},{""template_id"":""template-travel"",""similarity"":0}],""warning"":false}",,
vir-v2-gap-013,请帮我做播客平台尺寸的节目封面。,zh,low,content_gap,,vir-s16,vir-v2-gap-cluster-13,"[""explicit_artifact"",""different_example"",""unsupported_visual_request"",""clean""]","{""subject_event"":""audio cover"",""information_type"":""unsupported visual production request"",""style_layout"":""requested artifact-specific layout""}",none,[],[],needs_review,[],"{""record_id"":""vir-v2-gap-013"",""query"":""请帮我做播客平台尺寸的节目封面。"",""top_competing_templates"":[{""template_id"":""template-herbal"",""similarity"":0},{""template_id"":""template-evolution"",""similarity"":0},{""template_id"":""template-travel"",""similarity"":0}],""warning"":false}",,
vir-v2-gap-014,请帮我做背面带曲目的音乐专辑封面。,zh,low,content_gap,,vir-s16,vir-v2-gap-cluster-14,"[""explicit_artifact"",""different_example"",""unsupported_visual_request"",""clean""]","{""subject_event"":""audio cover"",""information_type"":""unsupported visual production request"",""style_layout"":""requested artifact-specific layout""}",none,[],[],needs_review,[],"{""record_id"":""vir-v2-gap-014"",""query"":""请帮我做背面带曲目的音乐专辑封面。"",""top_competing_templates"":[{""template_id"":""template-herbal"",""similarity"":0},{""template_id"":""template-evolution"",""similarity"":0},{""template_id"":""template-travel"",""similarity"":0}],""warning"":false}",,
vir-v2-gap-015,请帮我做带汇报关系的公司组织架构图。,zh,low,content_gap,,vir-s16,vir-v2-gap-cluster-15,"[""explicit_artifact"",""different_example"",""unsupported_visual_request"",""clean""]","{""subject_event"":""business diagram"",""information_type"":""unsupported visual production request"",""style_layout"":""requested artifact-specific layout""}",none,[],[],needs_review,[],"{""record_id"":""vir-v2-gap-015"",""query"":""请帮我做带汇报关系的公司组织架构图。"",""top_competing_templates"":[{""template_id"":""template-herbal"",""similarity"":0},{""template_id"":""template-evolution"",""similarity"":0},{""template_id"":""template-travel"",""similarity"":0}],""warning"":false}",,
vir-v2-gap-016,请帮我做根据 CSV 列精确绘制散点图。,zh,low,content_gap,,vir-s16,vir-v2-gap-cluster-16,"[""explicit_artifact"",""different_example"",""unsupported_visual_request"",""clean""]","{""subject_event"":""data visualization"",""information_type"":""unsupported visual production request"",""style_layout"":""requested artifact-specific layout""}",none,[],[],needs_review,[],"{""record_id"":""vir-v2-gap-016"",""query"":""请帮我做根据 CSV 列精确绘制散点图。"",""top_competing_templates"":[{""template_id"":""template-herbal"",""similarity"":0},{""template_id"":""template-evolution"",""similarity"":0},{""template_id"":""template-travel"",""similarity"":0}],""warning"":false}",,
vir-v2-gap-017,请帮我做可编辑的投资人路演幻灯片母版。,zh,low,content_gap,,vir-s16,vir-v2-gap-cluster-17,"[""explicit_artifact"",""different_example"",""unsupported_visual_request"",""clean""]","{""subject_event"":""presentation design"",""information_type"":""unsupported visual production request"",""style_layout"":""requested artifact-specific layout""}",none,[],[],needs_review,[],"{""record_id"":""vir-v2-gap-017"",""query"":""请帮我做可编辑的投资人路演幻灯片母版。"",""top_competing_templates"":[{""template_id"":""template-herbal"",""similarity"":0},{""template_id"":""template-evolution"",""similarity"":0},{""template_id"":""template-travel"",""similarity"":0}],""warning"":false}",,
vir-v2-gap-018,请帮我做带针数的编织图解。,zh,low,content_gap,,vir-s16,vir-v2-gap-cluster-18,"[""explicit_artifact"",""different_example"",""unsupported_visual_request"",""clean""]","{""subject_event"":""craft pattern"",""information_type"":""unsupported visual production request"",""style_layout"":""requested artifact-specific layout""}",none,[],[],needs_review,[],"{""record_id"":""vir-v2-gap-018"",""query"":""请帮我做带针数的编织图解。"",""top_competing_templates"":[{""template_id"":""template-herbal"",""similarity"":0},{""template_id"":""template-evolution"",""similarity"":0},{""template_id"":""template-travel"",""similarity"":0}],""warning"":false}",,
vir-v2-gap-019,请帮我做透明背景的视频 Logo 动效。,zh,low,content_gap,,vir-s16,vir-v2-gap-cluster-19,"[""explicit_artifact"",""different_example"",""unsupported_visual_request"",""clean""]","{""subject_event"":""motion design"",""information_type"":""unsupported visual production request"",""style_layout"":""requested artifact-specific layout""}",none,[],[],needs_review,[],"{""record_id"":""vir-v2-gap-019"",""query"":""请帮我做透明背景的视频 Logo 动效。"",""top_competing_templates"":[{""template_id"":""template-food-product-packaging-design"",""similarity"":0.0133},{""template_id"":""template-national-theme-map-infographic"",""similarity"":0.0108},{""template_id"":""template-animation-studio-comparison-infographic"",""similarity"":0.0105}],""warning"":false}",,
vir-v2-gap-020,请帮我做可 3D 打印的替换齿轮 STL 模型。,zh,low,content_gap,,vir-s16,vir-v2-gap-cluster-20,"[""explicit_artifact"",""different_example"",""unsupported_visual_request"",""clean""]","{""subject_event"":""3D model"",""information_type"":""unsupported visual production request"",""style_layout"":""requested artifact-specific layout""}",none,[],[],needs_review,[],"{""record_id"":""vir-v2-gap-020"",""query"":""请帮我做可 3D 打印的替换齿轮 STL 模型。"",""top_competing_templates"":[{""template_id"":""template-mbti-comparison-infographic"",""similarity"":0.0114},{""template_id"":""template-weather"",""similarity"":0.0088},{""template_id"":""template-3d-region-landmark-map"",""similarity"":0.0064}],""warning"":false}",,
vir-v2-gap-021,Can this tool make official passport photo from a text description for me?,en,medium,content_gap,,vir-s16,vir-v2-gap-cluster-01,"[""paraphrase"",""conversational"",""unsupported_visual_request"",""clean""]","{""subject_event"":""identity portrait"",""information_type"":""unsupported visual production request"",""style_layout"":""requested artifact-specific layout""}",none,[],[],needs_review,[],"{""record_id"":""vir-v2-gap-021"",""query"":""Can this tool make official passport photo from a text description for me?"",""top_competing_templates"":[{""template_id"":""template-pet-life-journey-infographic"",""similarity"":0.0956},{""template_id"":""template-quote-poster-generator"",""similarity"":0.0769},{""template_id"":""template-pet-safe-human-food-infographic"",""similarity"":0.0751}],""warning"":false}",,
vir-v2-gap-022,Can this tool make visa application headshot with exact biometric dimensions for me?,en,medium,content_gap,,vir-s16,vir-v2-gap-cluster-02,"[""paraphrase"",""conversational"",""unsupported_visual_request"",""clean""]","{""subject_event"":""identity portrait"",""information_type"":""unsupported visual production request"",""style_layout"":""requested artifact-specific layout""}",none,[],[],needs_review,[],"{""record_id"":""vir-v2-gap-022"",""query"":""Can this tool make visa application headshot with exact biometric dimensions for me?"",""top_competing_templates"":[{""template_id"":""template-educational-topic-infographic"",""similarity"":0.0812},{""template_id"":""template-industrial-design-concept-sketch"",""similarity"":0.0736},{""template_id"":""template-yellow-themed-illustrated-timeline-infographic"",""similarity"":0.0732}],""warning"":false}",,
vir-v2-gap-023,Can this tool make one-page software engineer resume for me?,en,medium,content_gap,,vir-s16,vir-v2-gap-cluster-03,"[""paraphrase"",""conversational"",""unsupported_visual_request"",""clean""]","{""subject_event"":""resume document"",""information_type"":""unsupported visual production request"",""style_layout"":""requested artifact-specific layout""}",none,[],[],needs_review,[],"{""record_id"":""vir-v2-gap-023"",""query"":""Can this tool make one-page software engineer resume for me?"",""top_competing_templates"":[{""template_id"":""template-industrial-design-concept-sketch"",""similarity"":0.0621},{""template_id"":""template-beauty-step-by-step-guide"",""similarity"":0.0585},{""template_id"":""template-english-vocabulary-upgrade"",""similarity"":0.0572}],""warning"":false}",,
vir-v2-gap-024,Can this tool make mobile banking app wireframe for me?,en,medium,content_gap,,vir-s16,vir-v2-gap-cluster-04,"[""paraphrase"",""conversational"",""unsupported_visual_request"",""clean""]","{""subject_event"":""interface design"",""information_type"":""unsupported visual production request"",""style_layout"":""requested artifact-specific layout""}",none,[],[],needs_review,[],"{""record_id"":""vir-v2-gap-024"",""query"":""Can this tool make mobile banking app wireframe for me?"",""top_competing_templates"":[{""template_id"":""template-tool-ai-category"",""similarity"":0.0602},{""template_id"":""template-character-comparison"",""similarity"":0.0557},{""template_id"":""template-zhenhuan-mbti-character-analysis"",""similarity"":0.0536}],""warning"":false}",,
vir-v2-gap-025,Can this tool make live analytics dashboard UI mockup for me?,en,medium,content_gap,,vir-s16,vir-v2-gap-cluster-05,"[""paraphrase"",""conversational"",""unsupported_visual_request"",""clean""]","{""subject_event"":""interface design"",""information_type"":""unsupported visual production request"",""style_layout"":""requested artifact-specific layout""}",none,[],[],needs_review,[],"{""record_id"":""vir-v2-gap-025"",""query"":""Can this tool make live analytics dashboard UI mockup for me?"",""top_competing_templates"":[{""template_id"":""template-quote-poster-generator"",""similarity"":0.0583},{""template_id"":""template-home-organization-before-after"",""similarity"":0.0496},{""template_id"":""template-character-comparison"",""similarity"":0.0489}],""warning"":false}",,
vir-v2-gap-026,Can this tool make wedding reception seating chart with table assignments for me?,en,medium,content_gap,,vir-s16,vir-v2-gap-cluster-06,"[""paraphrase"",""conversational"",""unsupported_visual_request"",""clean""]","{""subject_event"":""event stationery"",""information_type"":""unsupported visual production request"",""style_layout"":""requested artifact-specific layout""}",none,[],[],needs_review,[],"{""record_id"":""vir-v2-gap-026"",""query"":""Can this tool make wedding reception seating chart with table assignments for me?"",""top_competing_templates"":[{""template_id"":""template-self-help-book-visual-summary-infographic"",""similarity"":0.0945},{""template_id"":""template-finance-comparison-infographic"",""similarity"":0.0898},{""template_id"":""template-educational-topic-infographic"",""similarity"":0.0878}],""warning"":false}",,
vir-v2-gap-027,Can this tool make concert ticket with a working QR code for me?,en,medium,content_gap,,vir-s16,vir-v2-gap-cluster-07,"[""paraphrase"",""conversational"",""unsupported_visual_request"",""clean""]","{""subject_event"":""functional ticket"",""information_type"":""unsupported visual production request"",""style_layout"":""requested artifact-specific layout""}",none,[],[],needs_review,[],"{""record_id"":""vir-v2-gap-027"",""query"":""Can this tool make concert ticket with a working QR code for me?"",""top_competing_templates"":[{""template_id"":""template-educational-topic-infographic"",""similarity"":0.0797},{""template_id"":""template-english-vocabulary-upgrade"",""similarity"":0.0777},{""template_id"":""template-ielts-3-to-9-vocabulary-poster"",""similarity"":0.0724}],""warning"":false}",,
vir-v2-gap-028,Can this tool make fine-line botanical tattoo stencil for me?,en,medium,content_gap,,vir-s16,vir-v2-gap-cluster-08,"[""paraphrase"",""conversational"",""unsupported_visual_request"",""clean""]","{""subject_event"":""tattoo design"",""information_type"":""unsupported visual production request"",""style_layout"":""requested artifact-specific layout""}",none,[],[],needs_review,[],"{""record_id"":""vir-v2-gap-028"",""query"":""Can this tool make fine-line botanical tattoo stencil for me?"",""top_competing_templates"":[{""template_id"":""template-quote-poster-generator"",""similarity"":0.0619},{""template_id"":""template-manga-artist-infographic-poster"",""similarity"":0.0615},{""template_id"":""template-chinese-radical-learning"",""similarity"":0.0608}],""warning"":false}",,
vir-v2-gap-029,Can this tool make measured apartment floor plan for me?,en,medium,content_gap,,vir-s16,vir-v2-gap-cluster-09,"[""paraphrase"",""conversational"",""unsupported_visual_request"",""clean""]","{""subject_event"":""architectural drawing"",""information_type"":""unsupported visual production request"",""style_layout"":""requested artifact-specific layout""}",none,[],[],needs_review,[],"{""record_id"":""vir-v2-gap-029"",""query"":""Can this tool make measured apartment floor plan for me?"",""top_competing_templates"":[{""template_id"":""template-houseplant-care-guide-infographic"",""similarity"":0.0703},{""template_id"":""template-tool-ai-category"",""similarity"":0.0575},{""template_id"":""template-chinese-radical-learning"",""similarity"":0.05}],""warning"":false}",,
vir-v2-gap-030,Can this tool make printable sewing pattern for a fitted jacket for me?,en,medium,content_gap,,vir-s16,vir-v2-gap-cluster-10,"[""paraphrase"",""conversational"",""unsupported_visual_request"",""clean""]","{""subject_event"":""sewing pattern"",""information_type"":""unsupported visual production request"",""style_layout"":""requested artifact-specific layout""}",none,[],[],needs_review,[],"{""record_id"":""vir-v2-gap-030"",""query"":""Can this tool make printable sewing pattern for a fitted jacket for me?"",""top_competing_templates"":[{""template_id"":""template-pet-safe-human-food-infographic"",""similarity"":0.0886},{""template_id"":""template-houseplant-care-guide-infographic"",""similarity"":0.0861},{""template_id"":""template-pet-care-guide"",""similarity"":0.0825}],""warning"":false}",,
vir-v2-gap-031,Can this tool make restaurant menu with item prices and allergen codes for me?,en,medium,content_gap,,vir-s16,vir-v2-gap-cluster-11,"[""paraphrase"",""conversational"",""unsupported_visual_request"",""clean""]","{""subject_event"":""functional menu"",""information_type"":""unsupported visual production request"",""style_layout"":""requested artifact-specific layout""}",none,[],[],needs_review,[],"{""record_id"":""vir-v2-gap-031"",""query"":""Can this tool make restaurant menu with item prices and allergen codes for me?"",""top_competing_templates"":[{""template_id"":""template-houseplant-care-guide-infographic"",""similarity"":0.0865},{""template_id"":""template-national-theme-map-infographic"",""similarity"":0.0844},{""template_id"":""template-self-help-book-visual-summary-infographic"",""similarity"":0.0836}],""warning"":false}",,
vir-v2-gap-032,Can this tool make full-wrap novel book cover with spine measurements for me?,en,medium,content_gap,,vir-s16,vir-v2-gap-cluster-12,"[""paraphrase"",""conversational"",""unsupported_visual_request"",""clean""]","{""subject_event"":""publication cover"",""information_type"":""unsupported visual production request"",""style_layout"":""requested artifact-specific layout""}",none,[],[],needs_review,[],"{""record_id"":""vir-v2-gap-032"",""query"":""Can this tool make full-wrap novel book cover with spine measurements for me?"",""top_competing_templates"":[{""template_id"":""template-educational-topic-infographic"",""similarity"":0.0856},{""template_id"":""template-self-help-book-visual-summary-infographic"",""similarity"":0.0809},{""template_id"":""template-lifestyle-photo-grid"",""similarity"":0.0773}],""warning"":false}",,
vir-v2-gap-033,Can this tool make podcast cover artwork sized for streaming platforms for me?,en,medium,content_gap,,vir-s16,vir-v2-gap-cluster-13,"[""paraphrase"",""conversational"",""unsupported_visual_request"",""clean""]","{""subject_event"":""audio cover"",""information_type"":""unsupported visual production request"",""style_layout"":""requested artifact-specific layout""}",none,[],[],needs_review,[],"{""record_id"":""vir-v2-gap-033"",""query"":""Can this tool make podcast cover artwork sized for streaming platforms for me?"",""top_competing_templates"":[{""template_id"":""template-tool-ai-category"",""similarity"":0.0891},{""template_id"":""template-english-vocabulary-upgrade"",""similarity"":0.0787},{""template_id"":""template-media-theme-wallpaper-poster"",""similarity"":0.075}],""warning"":false}",,
vir-v2-gap-034,Can this tool make music album cover with a track list on the back for me?,en,medium,content_gap,,vir-s16,vir-v2-gap-cluster-14,"[""paraphrase"",""conversational"",""unsupported_visual_request"",""clean""]","{""subject_event"":""audio cover"",""information_type"":""unsupported visual production request"",""style_layout"":""requested artifact-specific layout""}",none,[],[],needs_review,[],"{""record_id"":""vir-v2-gap-034"",""query"":""Can this tool make music album cover with a track list on the back for me?"",""top_competing_templates"":[{""template_id"":""template-national-theme-map-infographic"",""similarity"":0.0854},{""template_id"":""template-ai-outfit-try-on-poster"",""similarity"":0.0838},{""template_id"":""template-training-muscle-equipment"",""similarity"":0.081}],""warning"":false}",,
vir-v2-gap-035,Can this tool make company org chart with reporting lines for me?,en,medium,content_gap,,vir-s16,vir-v2-gap-cluster-15,"[""paraphrase"",""conversational"",""unsupported_visual_request"",""clean""]","{""subject_event"":""business diagram"",""information_type"":""unsupported visual production request"",""style_layout"":""requested artifact-specific layout""}",none,[],[],needs_review,[],"{""record_id"":""vir-v2-gap-035"",""query"":""Can this tool make company org chart with reporting lines for me?"",""top_competing_templates"":[{""template_id"":""template-ai-outfit-try-on-poster"",""similarity"":0.0929},{""template_id"":""template-national-theme-map-infographic"",""similarity"":0.0844},{""template_id"":""template-artist-biography-infographic"",""similarity"":0.0827}],""warning"":false}",,
vir-v2-gap-036,Can this tool make accurate scatter plot generated from my CSV columns for me?,en,medium,content_gap,,vir-s16,vir-v2-gap-cluster-16,"[""paraphrase"",""conversational"",""unsupported_visual_request"",""clean""]","{""subject_event"":""data visualization"",""information_type"":""unsupported visual production request"",""style_layout"":""requested artifact-specific layout""}",none,[],[],needs_review,[],"{""record_id"":""vir-v2-gap-036"",""query"":""Can this tool make accurate scatter plot generated from my CSV columns for me?"",""top_competing_templates"":[{""template_id"":""template-national-theme-map-infographic"",""similarity"":0.0912},{""template_id"":""template-country-top10-travel-destinations"",""similarity"":0.0888},{""template_id"":""template-quote-poster-generator"",""similarity"":0.0855}],""warning"":false}",,
vir-v2-gap-037,Can this tool make editable investor pitch-deck slide master for me?,en,medium,content_gap,,vir-s16,vir-v2-gap-cluster-17,"[""paraphrase"",""conversational"",""unsupported_visual_request"",""clean""]","{""subject_event"":""presentation design"",""information_type"":""unsupported visual production request"",""style_layout"":""requested artifact-specific layout""}",none,[],[],needs_review,[],"{""record_id"":""vir-v2-gap-037"",""query"":""Can this tool make editable investor pitch-deck slide master for me?"",""top_competing_templates"":[{""template_id"":""template-character-comparison"",""similarity"":0.0681},{""template_id"":""template-educational-topic-infographic"",""similarity"":0.0676},{""template_id"":""template-evolution"",""similarity"":0.0665}],""warning"":false}",,
vir-v2-gap-038,Can this tool make knitting pattern chart with stitch counts for me?,en,medium,content_gap,,vir-s16,vir-v2-gap-cluster-18,"[""paraphrase"",""conversational"",""unsupported_visual_request"",""clean""]","{""subject_event"":""craft pattern"",""information_type"":""unsupported visual production request"",""style_layout"":""requested artifact-specific layout""}",none,[],[],needs_review,[],"{""record_id"":""vir-v2-gap-038"",""query"":""Can this tool make knitting pattern chart with stitch counts for me?"",""top_competing_templates"":[{""template_id"":""template-english-vocabulary-upgrade"",""similarity"":0.0839},{""template_id"":""template-national-theme-map-infographic"",""similarity"":0.0836},{""template_id"":""template-home-organization-before-after"",""similarity"":0.0806}],""warning"":false}",,
vir-v2-gap-039,Can this tool make animated logo sting with transparent video output for me?,en,medium,content_gap,,vir-s16,vir-v2-gap-cluster-19,"[""paraphrase"",""conversational"",""unsupported_visual_request"",""clean""]","{""subject_event"":""motion design"",""information_type"":""unsupported visual production request"",""style_layout"":""requested artifact-specific layout""}",none,[],[],needs_review,[],"{""record_id"":""vir-v2-gap-039"",""query"":""Can this tool make animated logo sting with transparent video output for me?"",""top_competing_templates"":[{""template_id"":""template-national-theme-map-infographic"",""similarity"":0.0881},{""template_id"":""template-animation-studio-comparison-infographic"",""similarity"":0.0859},{""template_id"":""template-educational-topic-infographic"",""similarity"":0.0827}],""warning"":false}",,
vir-v2-gap-040,Can this tool make 3D-printable STL model of a replacement gear for me?,en,medium,content_gap,,vir-s16,vir-v2-gap-cluster-20,"[""paraphrase"",""conversational"",""unsupported_visual_request"",""clean""]","{""subject_event"":""3D model"",""information_type"":""unsupported visual production request"",""style_layout"":""requested artifact-specific layout""}",none,[],[],needs_review,[],"{""record_id"":""vir-v2-gap-040"",""query"":""Can this tool make 3D-printable STL model of a replacement gear for me?"",""top_competing_templates"":[{""template_id"":""template-houseplant-care-guide-infographic"",""similarity"":0.0848},{""template_id"":""template-tool-ai-category"",""similarity"":0.0806},{""template_id"":""template-life-journey-curve-infographic"",""similarity"":0.0726}],""warning"":false}",,
vir-v2-gap-041,只用文字生成官方护照证件照 pls，尺寸要准确。,mixed,high,content_gap,,vir-s16,vir-v2-gap-cluster-01,"[""paraphrase"",""different_example"",""code_switch"",""noisy""]","{""subject_event"":""identity portrait"",""information_type"":""unsupported visual production request"",""style_layout"":""requested artifact-specific layout""}",none,[],[],needs_review,[],"{""record_id"":""vir-v2-gap-041"",""query"":""只用文字生成官方护照证件照 pls，尺寸要准确。"",""top_competing_templates"":[{""template_id"":""template-child-hobby-skill"",""similarity"":0.0067},{""template_id"":""template-book-minimalist"",""similarity"":0.0065},{""template_id"":""template-group-vocab-category"",""similarity"":0.0062}],""warning"":false}",,
vir-v2-gap-042,符合生物识别尺寸的签证头像 pls，尺寸要准确。,mixed,high,content_gap,,vir-s16,vir-v2-gap-cluster-02,"[""paraphrase"",""different_example"",""code_switch"",""noisy""]","{""subject_event"":""identity portrait"",""information_type"":""unsupported visual production request"",""style_layout"":""requested artifact-specific layout""}",none,[],[],needs_review,[],"{""record_id"":""vir-v2-gap-042"",""query"":""符合生物识别尺寸的签证头像 pls，尺寸要准确。"",""top_competing_templates"":[{""template_id"":""template-child-hobby-skill"",""similarity"":0.0067},{""template_id"":""template-book-minimalist"",""similarity"":0.0065},{""template_id"":""template-group-vocab-category"",""similarity"":0.0062}],""warning"":false}",,
vir-v2-gap-043,软件工程师单页简历 pls，尺寸要准确。,mixed,high,content_gap,,vir-s16,vir-v2-gap-cluster-03,"[""paraphrase"",""different_example"",""code_switch"",""noisy""]","{""subject_event"":""resume document"",""information_type"":""unsupported visual production request"",""style_layout"":""requested artifact-specific layout""}",none,[],[],needs_review,[],"{""record_id"":""vir-v2-gap-043"",""query"":""软件工程师单页简历 pls，尺寸要准确。"",""top_competing_templates"":[{""template_id"":""template-child-hobby-skill"",""similarity"":0.0068},{""template_id"":""template-book-minimalist"",""similarity"":0.0065},{""template_id"":""template-group-vocab-category"",""similarity"":0.0062}],""warning"":false}",,
vir-v2-gap-044,手机银行 App 线框图 pls，尺寸要准确。,mixed,high,content_gap,,vir-s16,vir-v2-gap-cluster-04,"[""paraphrase"",""different_example"",""code_switch"",""noisy""]","{""subject_event"":""interface design"",""information_type"":""unsupported visual production request"",""style_layout"":""requested artifact-specific layout""}",none,[],[],needs_review,[],"{""record_id"":""vir-v2-gap-044"",""query"":""手机银行 App 线框图 pls，尺寸要准确。"",""top_competing_templates"":[{""template_id"":""template-educational-career-field-infographic"",""similarity"":0.0102},{""template_id"":""template-child-hobby-skill"",""similarity"":0.0067},{""template_id"":""template-book-minimalist"",""similarity"":0.0064}],""warning"":false}",,
vir-v2-gap-045,实时数据看板 UI 原型 pls，尺寸要准确。,mixed,high,content_gap,,vir-s16,vir-v2-gap-cluster-05,"[""paraphrase"",""different_example"",""code_switch"",""noisy""]","{""subject_event"":""interface design"",""information_type"":""unsupported visual production request"",""style_layout"":""requested artifact-specific layout""}",none,[],[],needs_review,[],"{""record_id"":""vir-v2-gap-045"",""query"":""实时数据看板 UI 原型 pls，尺寸要准确。"",""top_competing_templates"":[{""template_id"":""template-cartoon-character-profile-card-kawaii-style"",""similarity"":0.0084},{""template_id"":""template-child-hobby-skill"",""similarity"":0.0067},{""template_id"":""template-book-minimalist"",""similarity"":0.0064}],""warning"":false}",,
vir-v2-gap-046,带桌号分配的婚宴座位表 pls，尺寸要准确。,mixed,high,content_gap,,vir-s16,vir-v2-gap-cluster-06,"[""paraphrase"",""different_example"",""code_switch"",""noisy""]","{""subject_event"":""event stationery"",""information_type"":""unsupported visual production request"",""style_layout"":""requested artifact-specific layout""}",none,[],[],needs_review,[],"{""record_id"":""vir-v2-gap-046"",""query"":""带桌号分配的婚宴座位表 pls，尺寸要准确。"",""top_competing_templates"":[{""template_id"":""template-child-hobby-skill"",""similarity"":0.0068},{""template_id"":""template-book-minimalist"",""similarity"":0.0065},{""template_id"":""template-group-vocab-category"",""similarity"":0.0062}],""warning"":false}",,
vir-v2-gap-047,带可扫描二维码的演唱会门票 pls，尺寸要准确。,mixed,high,content_gap,,vir-s16,vir-v2-gap-cluster-07,"[""paraphrase"",""different_example"",""code_switch"",""noisy""]","{""subject_event"":""functional ticket"",""information_type"":""unsupported visual production request"",""style_layout"":""requested artifact-specific layout""}",none,[],[],needs_review,[],"{""record_id"":""vir-v2-gap-047"",""query"":""带可扫描二维码的演唱会门票 pls，尺寸要准确。"",""top_competing_templates"":[{""template_id"":""template-child-hobby-skill"",""similarity"":0.0067},{""template_id"":""template-book-minimalist"",""similarity"":0.0065},{""template_id"":""template-group-vocab-category"",""similarity"":0.0062}],""warning"":false}",,
vir-v2-gap-048,植物细线纹身转印稿 pls，尺寸要准确。,mixed,high,content_gap,,vir-s16,vir-v2-gap-cluster-08,"[""paraphrase"",""different_example"",""code_switch"",""noisy""]","{""subject_event"":""tattoo design"",""information_type"":""unsupported visual production request"",""style_layout"":""requested artifact-specific layout""}",none,[],[],needs_review,[],"{""record_id"":""vir-v2-gap-048"",""query"":""植物细线纹身转印稿 pls，尺寸要准确。"",""top_competing_templates"":[{""template_id"":""template-child-hobby-skill"",""similarity"":0.0068},{""template_id"":""template-book-minimalist"",""similarity"":0.0065},{""template_id"":""template-group-vocab-category"",""similarity"":0.0062}],""warning"":false}",,
vir-v2-gap-049,带精确尺寸的公寓平面图 pls，尺寸要准确。,mixed,high,content_gap,,vir-s16,vir-v2-gap-cluster-09,"[""paraphrase"",""different_example"",""code_switch"",""noisy""]","{""subject_event"":""architectural drawing"",""information_type"":""unsupported visual production request"",""style_layout"":""requested artifact-specific layout""}",none,[],[],needs_review,[],"{""record_id"":""vir-v2-gap-049"",""query"":""带精确尺寸的公寓平面图 pls，尺寸要准确。"",""top_competing_templates"":[{""template_id"":""template-child-hobby-skill"",""similarity"":0.0068},{""template_id"":""template-book-minimalist"",""similarity"":0.0065},{""template_id"":""template-group-vocab-category"",""similarity"":0.0062}],""warning"":false}",,
vir-v2-gap-050,合身夹克的可打印缝纫纸样 pls，尺寸要准确。,mixed,high,content_gap,,vir-s16,vir-v2-gap-cluster-10,"[""paraphrase"",""different_example"",""code_switch"",""noisy""]","{""subject_event"":""sewing pattern"",""information_type"":""unsupported visual production request"",""style_layout"":""requested artifact-specific layout""}",none,[],[],needs_review,[],"{""record_id"":""vir-v2-gap-050"",""query"":""合身夹克的可打印缝纫纸样 pls，尺寸要准确。"",""top_competing_templates"":[{""template_id"":""template-child-hobby-skill"",""similarity"":0.0067},{""template_id"":""template-book-minimalist"",""similarity"":0.0065},{""template_id"":""template-group-vocab-category"",""similarity"":0.0062}],""warning"":false}",,
vir-v2-gap-051,含价格和过敏原编码的餐厅菜单 pls，尺寸要准确。,mixed,high,content_gap,,vir-s16,vir-v2-gap-cluster-11,"[""paraphrase"",""different_example"",""code_switch"",""noisy""]","{""subject_event"":""functional menu"",""information_type"":""unsupported visual production request"",""style_layout"":""requested artifact-specific layout""}",none,[],[],needs_review,[],"{""record_id"":""vir-v2-gap-051"",""query"":""含价格和过敏原编码的餐厅菜单 pls，尺寸要准确。"",""top_competing_templates"":[{""template_id"":""template-child-hobby-skill"",""similarity"":0.0067},{""template_id"":""template-book-minimalist"",""similarity"":0.0064},{""template_id"":""template-group-vocab-category"",""similarity"":0.0061}],""warning"":false}",,
vir-v2-gap-052,含书脊尺寸的小说全封套 pls，尺寸要准确。,mixed,high,content_gap,,vir-s16,vir-v2-gap-cluster-12,"[""paraphrase"",""different_example"",""code_switch"",""noisy""]","{""subject_event"":""publication cover"",""information_type"":""unsupported visual production request"",""style_layout"":""requested artifact-specific layout""}",none,[],[],needs_review,[],"{""record_id"":""vir-v2-gap-052"",""query"":""含书脊尺寸的小说全封套 pls，尺寸要准确。"",""top_competing_templates"":[{""template_id"":""template-child-hobby-skill"",""similarity"":0.0068},{""template_id"":""template-book-minimalist"",""similarity"":0.0065},{""template_id"":""template-group-vocab-category"",""similarity"":0.0062}],""warning"":false}",,
vir-v2-gap-053,播客平台尺寸的节目封面 pls，尺寸要准确。,mixed,high,content_gap,,vir-s16,vir-v2-gap-cluster-13,"[""paraphrase"",""different_example"",""code_switch"",""noisy""]","{""subject_event"":""audio cover"",""information_type"":""unsupported visual production request"",""style_layout"":""requested artifact-specific layout""}",none,[],[],needs_review,[],"{""record_id"":""vir-v2-gap-053"",""query"":""播客平台尺寸的节目封面 pls，尺寸要准确。"",""top_competing_templates"":[{""template_id"":""template-child-hobby-skill"",""similarity"":0.0068},{""template_id"":""template-book-minimalist"",""similarity"":0.0065},{""template_id"":""template-group-vocab-category"",""similarity"":0.0062}],""warning"":false}",,
vir-v2-gap-054,背面带曲目的音乐专辑封面 pls，尺寸要准确。,mixed,high,content_gap,,vir-s16,vir-v2-gap-cluster-14,"[""paraphrase"",""different_example"",""code_switch"",""noisy""]","{""subject_event"":""audio cover"",""information_type"":""unsupported visual production request"",""style_layout"":""requested artifact-specific layout""}",none,[],[],needs_review,[],"{""record_id"":""vir-v2-gap-054"",""query"":""背面带曲目的音乐专辑封面 pls，尺寸要准确。"",""top_competing_templates"":[{""template_id"":""template-child-hobby-skill"",""similarity"":0.0067},{""template_id"":""template-book-minimalist"",""similarity"":0.0065},{""template_id"":""template-group-vocab-category"",""similarity"":0.0062}],""warning"":false}",,
vir-v2-gap-055,带汇报关系的公司组织架构图 pls，尺寸要准确。,mixed,high,content_gap,,vir-s16,vir-v2-gap-cluster-15,"[""paraphrase"",""different_example"",""code_switch"",""noisy""]","{""subject_event"":""business diagram"",""information_type"":""unsupported visual production request"",""style_layout"":""requested artifact-specific layout""}",none,[],[],needs_review,[],"{""record_id"":""vir-v2-gap-055"",""query"":""带汇报关系的公司组织架构图 pls，尺寸要准确。"",""top_competing_templates"":[{""template_id"":""template-child-hobby-skill"",""similarity"":0.0067},{""template_id"":""template-book-minimalist"",""similarity"":0.0065},{""template_id"":""template-group-vocab-category"",""similarity"":0.0062}],""warning"":false}",,
vir-v2-gap-056,根据 CSV 列精确绘制散点图 pls，尺寸要准确。,mixed,high,content_gap,,vir-s16,vir-v2-gap-cluster-16,"[""paraphrase"",""different_example"",""code_switch"",""noisy""]","{""subject_event"":""data visualization"",""information_type"":""unsupported visual production request"",""style_layout"":""requested artifact-specific layout""}",none,[],[],needs_review,[],"{""record_id"":""vir-v2-gap-056"",""query"":""根据 CSV 列精确绘制散点图 pls，尺寸要准确。"",""top_competing_templates"":[{""template_id"":""template-child-hobby-skill"",""similarity"":0.0066},{""template_id"":""template-book-minimalist"",""similarity"":0.0064},{""template_id"":""template-group-vocab-category"",""similarity"":0.0061}],""warning"":false}",,
vir-v2-gap-057,可编辑的投资人路演幻灯片母版 pls，尺寸要准确。,mixed,high,content_gap,,vir-s16,vir-v2-gap-cluster-17,"[""paraphrase"",""different_example"",""code_switch"",""noisy""]","{""subject_event"":""presentation design"",""information_type"":""unsupported visual production request"",""style_layout"":""requested artifact-specific layout""}",none,[],[],needs_review,[],"{""record_id"":""vir-v2-gap-057"",""query"":""可编辑的投资人路演幻灯片母版 pls，尺寸要准确。"",""top_competing_templates"":[{""template_id"":""template-child-hobby-skill"",""similarity"":0.0067},{""template_id"":""template-book-minimalist"",""similarity"":0.0064},{""template_id"":""template-group-vocab-category"",""similarity"":0.0061}],""warning"":false}",,
vir-v2-gap-058,带针数的编织图解 pls，尺寸要准确。,mixed,high,content_gap,,vir-s16,vir-v2-gap-cluster-18,"[""paraphrase"",""different_example"",""code_switch"",""noisy""]","{""subject_event"":""craft pattern"",""information_type"":""unsupported visual production request"",""style_layout"":""requested artifact-specific layout""}",none,[],[],needs_review,[],"{""record_id"":""vir-v2-gap-058"",""query"":""带针数的编织图解 pls，尺寸要准确。"",""top_competing_templates"":[{""template_id"":""template-child-hobby-skill"",""similarity"":0.0068},{""template_id"":""template-book-minimalist"",""similarity"":0.0066},{""template_id"":""template-group-vocab-category"",""similarity"":0.0063}],""warning"":false}",,
vir-v2-gap-059,透明背景的视频 Logo 动效 pls，尺寸要准确。,mixed,high,content_gap,,vir-s16,vir-v2-gap-cluster-19,"[""paraphrase"",""different_example"",""code_switch"",""noisy""]","{""subject_event"":""motion design"",""information_type"":""unsupported visual production request"",""style_layout"":""requested artifact-specific layout""}",none,[],[],needs_review,[],"{""record_id"":""vir-v2-gap-059"",""query"":""透明背景的视频 Logo 动效 pls，尺寸要准确。"",""top_competing_templates"":[{""template_id"":""template-food-product-packaging-design"",""similarity"":0.013},{""template_id"":""template-national-theme-map-infographic"",""similarity"":0.0105},{""template_id"":""template-animation-studio-comparison-infographic"",""similarity"":0.0102}],""warning"":false}",,
vir-v2-gap-060,可 3D 打印的替换齿轮 STL 模型 pls，尺寸要准确。,mixed,high,content_gap,,vir-s16,vir-v2-gap-cluster-20,"[""paraphrase"",""different_example"",""code_switch"",""noisy""]","{""subject_event"":""3D model"",""information_type"":""unsupported visual production request"",""style_layout"":""requested artifact-specific layout""}",none,[],[],needs_review,[],"{""record_id"":""vir-v2-gap-060"",""query"":""可 3D 打印的替换齿轮 STL 模型 pls，尺寸要准确。"",""top_competing_templates"":[{""template_id"":""template-mbti-comparison-infographic"",""similarity"":0.014},{""template_id"":""template-book-minimalist"",""similarity"":0.0094},{""template_id"":""template-media-theme-wallpaper-poster"",""similarity"":0.009}],""warning"":false}",,
vir-v2-gap-061,pls do offiial passport photo from a text description asap,en,high,content_gap,,vir-s16,vir-v2-gap-cluster-01,"[""paraphrase"",""different_example"",""unsupported_visual_request"",""noisy""]","{""subject_event"":""identity portrait"",""information_type"":""unsupported visual production request"",""style_layout"":""requested artifact-specific layout""}",none,[],[],needs_review,[],"{""record_id"":""vir-v2-gap-061"",""query"":""pls do offiial passport photo from a text description asap"",""top_competing_templates"":[{""template_id"":""template-pet-life-journey-infographic"",""similarity"":0.085},{""template_id"":""template-vintage-stamp-collection-illustration"",""similarity"":0.0597},{""template_id"":""template-yellow-themed-illustrated-timeline-infographic"",""similarity"":0.0574}],""warning"":false}",,
vir-v2-gap-062,pls do visa appliation headshot with exact biometric dimensions asap,en,high,content_gap,,vir-s16,vir-v2-gap-cluster-02,"[""paraphrase"",""different_example"",""unsupported_visual_request"",""noisy""]","{""subject_event"":""identity portrait"",""information_type"":""unsupported visual production request"",""style_layout"":""requested artifact-specific layout""}",none,[],[],needs_review,[],"{""record_id"":""vir-v2-gap-062"",""query"":""pls do visa appliation headshot with exact biometric dimensions asap"",""top_competing_templates"":[{""template_id"":""template-equipment-muscle-guide"",""similarity"":0.0569},{""template_id"":""template-english-phrasal-verb"",""similarity"":0.0544},{""template_id"":""template-organ-health-food-guide-infographic"",""similarity"":0.0542}],""warning"":false}",,
vir-v2-gap-063,pls do one-page softare engineer resume asap,en,high,content_gap,,vir-s16,vir-v2-gap-cluster-03,"[""paraphrase"",""different_example"",""unsupported_visual_request"",""noisy""]","{""subject_event"":""resume document"",""information_type"":""unsupported visual production request"",""style_layout"":""requested artifact-specific layout""}",none,[],[],needs_review,[],"{""record_id"":""vir-v2-gap-063"",""query"":""pls do one-page softare engineer resume asap"",""top_competing_templates"":[{""template_id"":""template-flowing-journey-infographic"",""similarity"":0.0427},{""template_id"":""template-beauty-step-by-step-guide"",""similarity"":0.0415},{""template_id"":""template-industrial-design-concept-sketch"",""similarity"":0.0407}],""warning"":false}",,
vir-v2-gap-064,pls do moble banking app wireframe asap,en,high,content_gap,,vir-s16,vir-v2-gap-cluster-04,"[""paraphrase"",""different_example"",""unsupported_visual_request"",""noisy""]","{""subject_event"":""interface design"",""information_type"":""unsupported visual production request"",""style_layout"":""requested artifact-specific layout""}",none,[],[],needs_review,[],"{""record_id"":""vir-v2-gap-064"",""query"":""pls do moble banking app wireframe asap"",""top_competing_templates"":[{""template_id"":""template-ai-outfit-try-on-poster"",""similarity"":0.0353},{""template_id"":""template-watercolor-theme-collage-illustration"",""similarity"":0.0333},{""template_id"":""template-english-top5-phrases"",""similarity"":0.0321}],""warning"":false}",,
vir-v2-gap-065,pls do live analtics dashboard UI mockup asap,en,high,content_gap,,vir-s16,vir-v2-gap-cluster-05,"[""paraphrase"",""different_example"",""unsupported_visual_request"",""noisy""]","{""subject_event"":""interface design"",""information_type"":""unsupported visual production request"",""style_layout"":""requested artifact-specific layout""}",none,[],[],needs_review,[],"{""record_id"":""vir-v2-gap-065"",""query"":""pls do live analtics dashboard UI mockup asap"",""top_competing_templates"":[{""template_id"":""template-interior-design-mood-board-generator"",""similarity"":0.0402},{""template_id"":""template-cartoon-character-profile-card-kawaii-style"",""similarity"":0.0348},{""template_id"":""template-lifestyle-info-card"",""similarity"":0.032}],""warning"":false}",,
vir-v2-gap-066,pls do weding reception seating chart with table assignments asap,en,high,content_gap,,vir-s16,vir-v2-gap-cluster-06,"[""paraphrase"",""different_example"",""unsupported_visual_request"",""noisy""]","{""subject_event"":""event stationery"",""information_type"":""unsupported visual production request"",""style_layout"":""requested artifact-specific layout""}",none,[],[],needs_review,[],"{""record_id"":""vir-v2-gap-066"",""query"":""pls do weding reception seating chart with table assignments asap"",""top_competing_templates"":[{""template_id"":""template-dual-character-comparison-infographic"",""similarity"":0.0817},{""template_id"":""template-lifestyle-habit-infographic"",""similarity"":0.0789},{""template_id"":""template-book-recommendation-grid-poster"",""similarity"":0.0762}],""warning"":false}",,
vir-v2-gap-067,pls do conert ticket with a working QR code asap,en,high,content_gap,,vir-s16,vir-v2-gap-cluster-07,"[""paraphrase"",""different_example"",""unsupported_visual_request"",""noisy""]","{""subject_event"":""functional ticket"",""information_type"":""unsupported visual production request"",""style_layout"":""requested artifact-specific layout""}",none,[],[],needs_review,[],"{""record_id"":""vir-v2-gap-067"",""query"":""pls do conert ticket with a working QR code asap"",""top_competing_templates"":[{""template_id"":""template-relationship-advice-infographic"",""similarity"":0.0656},{""template_id"":""template-word-origins-map-infographic"",""similarity"":0.0603},{""template_id"":""template-chinese-character-learning-poster"",""similarity"":0.0574}],""warning"":false}",,
vir-v2-gap-068,pls do fine-line botaical tattoo stencil asap,en,high,content_gap,,vir-s16,vir-v2-gap-cluster-08,"[""paraphrase"",""different_example"",""unsupported_visual_request"",""noisy""]","{""subject_event"":""tattoo design"",""information_type"":""unsupported visual production request"",""style_layout"":""requested artifact-specific layout""}",none,[],[],needs_review,[],"{""record_id"":""vir-v2-gap-068"",""query"":""pls do fine-line botaical tattoo stencil asap"",""top_competing_templates"":[{""template_id"":""template-beauty-step-by-step-guide"",""similarity"":0.0417},{""template_id"":""template-historical-evolution-timeline-infographic"",""similarity"":0.0417},{""template_id"":""template-vintage-stamp-collection-illustration"",""similarity"":0.0409}],""warning"":false}",,
vir-v2-gap-069,pls do measred apartment floor plan asap,en,high,content_gap,,vir-s16,vir-v2-gap-cluster-09,"[""paraphrase"",""different_example"",""unsupported_visual_request"",""noisy""]","{""subject_event"":""architectural drawing"",""information_type"":""unsupported visual production request"",""style_layout"":""requested artifact-specific layout""}",none,[],[],needs_review,[],"{""record_id"":""vir-v2-gap-069"",""query"":""pls do measred apartment floor plan asap"",""top_competing_templates"":[{""template_id"":""template-houseplant-care-guide-infographic"",""similarity"":0.0469},{""template_id"":""template-child-hobby-skill"",""similarity"":0.0456},{""template_id"":""template-world-cup-team-sticker-poster"",""similarity"":0.043}],""warning"":false}",,
vir-v2-gap-070,pls do prinable sewing pattern for a fitted jacket asap,en,high,content_gap,,vir-s16,vir-v2-gap-cluster-10,"[""paraphrase"",""different_example"",""unsupported_visual_request"",""noisy""]","{""subject_event"":""sewing pattern"",""information_type"":""unsupported visual production request"",""style_layout"":""requested artifact-specific layout""}",none,[],[],needs_review,[],"{""record_id"":""vir-v2-gap-070"",""query"":""pls do prinable sewing pattern for a fitted jacket asap"",""top_competing_templates"":[{""template_id"":""template-pet-care-guide"",""similarity"":0.068},{""template_id"":""template-pet-safe-human-food-infographic"",""similarity"":0.0646},{""template_id"":""template-houseplant-care-guide-infographic"",""similarity"":0.0634}],""warning"":false}",,
vir-v2-gap-071,pls do restarant menu with item prices and allergen codes asap,en,high,content_gap,,vir-s16,vir-v2-gap-cluster-11,"[""paraphrase"",""different_example"",""unsupported_visual_request"",""noisy""]","{""subject_event"":""functional menu"",""information_type"":""unsupported visual production request"",""style_layout"":""requested artifact-specific layout""}",none,[],[],needs_review,[],"{""record_id"":""vir-v2-gap-071"",""query"":""pls do restarant menu with item prices and allergen codes asap"",""top_competing_templates"":[{""template_id"":""template-mbti-relationship-infographic"",""similarity"":0.0736},{""template_id"":""template-wc-fan-outfit-poster"",""similarity"":0.0725},{""template_id"":""template-relationship-advice-infographic"",""similarity"":0.0701}],""warning"":false}",,
vir-v2-gap-072,pls do full-wrap novel book cover with spine measurments asap,en,high,content_gap,,vir-s16,vir-v2-gap-cluster-12,"[""paraphrase"",""different_example"",""unsupported_visual_request"",""noisy""]","{""subject_event"":""publication cover"",""information_type"":""unsupported visual production request"",""style_layout"":""requested artifact-specific layout""}",none,[],[],needs_review,[],"{""record_id"":""vir-v2-gap-072"",""query"":""pls do full-wrap novel book cover with spine measurments asap"",""top_competing_templates"":[{""template_id"":""template-lifestyle-photo-grid"",""similarity"":0.0645},{""template_id"":""template-self-help-book-visual-summary-infographic"",""similarity"":0.0615},{""template_id"":""template-training-muscle-equipment"",""similarity"":0.0597}],""warning"":false}",,
vir-v2-gap-073,pls do podast cover artwork sized for streaming platforms asap,en,high,content_gap,,vir-s16,vir-v2-gap-cluster-13,"[""paraphrase"",""different_example"",""unsupported_visual_request"",""noisy""]","{""subject_event"":""audio cover"",""information_type"":""unsupported visual production request"",""style_layout"":""requested artifact-specific layout""}",none,[],[],needs_review,[],"{""record_id"":""vir-v2-gap-073"",""query"":""pls do podast cover artwork sized for streaming platforms asap"",""top_competing_templates"":[{""template_id"":""template-media-theme-wallpaper-poster"",""similarity"":0.0718},{""template_id"":""template-animation-studio-comparison-infographic"",""similarity"":0.0698},{""template_id"":""template-child-hobby-skill"",""similarity"":0.0681}],""warning"":false}",,
vir-v2-gap-074,pls do music album cover with a track list on the back asap 哈,en,high,content_gap,,vir-s16,vir-v2-gap-cluster-14,"[""paraphrase"",""different_example"",""unsupported_visual_request"",""noisy""]","{""subject_event"":""audio cover"",""information_type"":""unsupported visual production request"",""style_layout"":""requested artifact-specific layout""}",none,[],[],needs_review,[],"{""record_id"":""vir-v2-gap-074"",""query"":""pls do music album cover with a track list on the back asap 哈"",""top_competing_templates"":[{""template_id"":""template-ai-outfit-try-on-poster"",""similarity"":0.0802},{""template_id"":""template-historical-evolution-timeline-infographic"",""similarity"":0.0743},{""template_id"":""template-training-muscle-equipment"",""similarity"":0.0714}],""warning"":false}",,
vir-v2-gap-075,pls do comany org chart with reporting lines asap,en,high,content_gap,,vir-s16,vir-v2-gap-cluster-15,"[""paraphrase"",""different_example"",""unsupported_visual_request"",""noisy""]","{""subject_event"":""business diagram"",""information_type"":""unsupported visual production request"",""style_layout"":""requested artifact-specific layout""}",none,[],[],needs_review,[],"{""record_id"":""vir-v2-gap-075"",""query"":""pls do comany org chart with reporting lines asap"",""top_competing_templates"":[{""template_id"":""template-ai-outfit-try-on-poster"",""similarity"":0.0737},{""template_id"":""template-historical-evolution-timeline-infographic"",""similarity"":0.0675},{""template_id"":""template-dual-character-comparison-infographic"",""similarity"":0.0663}],""warning"":false}",,
vir-v2-gap-076,pls do accuate scatter plot generated from my CSV columns asap,en,high,content_gap,,vir-s16,vir-v2-gap-cluster-16,"[""paraphrase"",""different_example"",""unsupported_visual_request"",""noisy""]","{""subject_event"":""data visualization"",""information_type"":""unsupported visual production request"",""style_layout"":""requested artifact-specific layout""}",none,[],[],needs_review,[],"{""record_id"":""vir-v2-gap-076"",""query"":""pls do accuate scatter plot generated from my CSV columns asap"",""top_competing_templates"":[{""template_id"":""template-language-word-comparison-educational-poster"",""similarity"":0.0685},{""template_id"":""template-national-theme-map-infographic"",""similarity"":0.0645},{""template_id"":""template-nostalgic-first-item-poster"",""similarity"":0.0598}],""warning"":false}",,
vir-v2-gap-077,pls do editble investor pitch-deck slide master asap,en,high,content_gap,,vir-s16,vir-v2-gap-cluster-17,"[""paraphrase"",""different_example"",""unsupported_visual_request"",""noisy""]","{""subject_event"":""presentation design"",""information_type"":""unsupported visual production request"",""style_layout"":""requested artifact-specific layout""}",none,[],[],needs_review,[],"{""record_id"":""vir-v2-gap-077"",""query"":""pls do editble investor pitch-deck slide master asap"",""top_competing_templates"":[{""template_id"":""template-regional-names-old-money-style"",""similarity"":0.0485},{""template_id"":""template-watercolor-travel-journal-collage"",""similarity"":0.0482},{""template_id"":""template-evolution"",""similarity"":0.0477}],""warning"":false}",,
vir-v2-gap-078,pls do kniting pattern chart with stitch counts asap,en,high,content_gap,,vir-s16,vir-v2-gap-cluster-18,"[""paraphrase"",""different_example"",""unsupported_visual_request"",""noisy""]","{""subject_event"":""craft pattern"",""information_type"":""unsupported visual production request"",""style_layout"":""requested artifact-specific layout""}",none,[],[],needs_review,[],"{""record_id"":""vir-v2-gap-078"",""query"":""pls do kniting pattern chart with stitch counts asap"",""top_competing_templates"":[{""template_id"":""template-language-word-comparison-educational-poster"",""similarity"":0.0675},{""template_id"":""template-vintage-stamp-collection-illustration"",""similarity"":0.0671},{""template_id"":""template-english-vocabulary-upgrade"",""similarity"":0.0664}],""warning"":false}",,
vir-v2-gap-079,pls do animted logo sting with transparent video output asap,en,high,content_gap,,vir-s16,vir-v2-gap-cluster-19,"[""paraphrase"",""different_example"",""unsupported_visual_request"",""noisy""]","{""subject_event"":""motion design"",""information_type"":""unsupported visual production request"",""style_layout"":""requested artifact-specific layout""}",none,[],[],needs_review,[],"{""record_id"":""vir-v2-gap-079"",""query"":""pls do animted logo sting with transparent video output asap"",""top_competing_templates"":[{""template_id"":""template-flowing-journey-infographic"",""similarity"":0.0619},{""template_id"":""template-sports-technique-guide"",""similarity"":0.0613},{""template_id"":""template-animation-studio-comparison-infographic"",""similarity"":0.0599}],""warning"":false}",,
vir-v2-gap-080,pls do 3D-prinable STL model of a replacement gear asap,en,high,content_gap,,vir-s16,vir-v2-gap-cluster-20,"[""paraphrase"",""different_example"",""unsupported_visual_request"",""noisy""]","{""subject_event"":""3D model"",""information_type"":""unsupported visual production request"",""style_layout"":""requested artifact-specific layout""}",none,[],[],needs_review,[],"{""record_id"":""vir-v2-gap-080"",""query"":""pls do 3D-prinable STL model of a replacement gear asap"",""top_competing_templates"":[{""template_id"":""template-houseplant-care-guide-infographic"",""similarity"":0.0567},{""template_id"":""template-ai-outfit-try-on-poster"",""similarity"":0.0554},{""template_id"":""template-world-travel-map-illustration"",""similarity"":0.0523}],""warning"":false}",,
vir-v2-challenge-amb-001,想做中英双语同音词学习卡，带词义对照，可以偏英语易混词信息图，也可以按双语词汇海报来呈现，重点还没定。,zh,high,challenge,ambiguous,,vir-v2-boundary-template-english-grammar-wordlist-infographic-template-vocabulary,"[""boundary_case"",""ambiguous_intent"",""conflicting_modifier""]","{""subject_event"":""English confusing word relationships | language vocabulary on a chosen topic"",""information_type"":""definition and distinction | bilingual vocabulary learning"",""style_layout"":""boxed educational word-list infographic | illustrated card grid or visual guide""}",ambiguous,"[""template-english-grammar-wordlist-infographic"",""template-vocabulary""]","[[""template-english-grammar-wordlist-infographic""],[""template-vocabulary""]]",needs_review,[],,,
vir-v2-challenge-amb-002,Make a bilingual ginkgo field guide combining names and species facts; either an illustrated field-guide card or a classroom vocabulary grid could fit because the emphasis is not settled.,en,high,challenge,ambiguous,,vir-v2-boundary-template-species-science-template-vocabulary,"[""boundary_case"",""ambiguous_intent"",""conflicting_modifier""]","{""subject_event"":""single plant or animal species | language vocabulary on a chosen topic"",""information_type"":""scientific facts, anatomy, habitat, and conservation | bilingual vocabulary learning"",""style_layout"":""central-species modular science infographic | illustrated card grid or visual guide""}",ambiguous,"[""template-species-science"",""template-vocabulary""]","[[""template-species-science""],[""template-vocabulary""]]",needs_review,[],,,
vir-v2-challenge-amb-003,儿童友好的英语易混同音词卡通知识图 / a kid-friendly cartoon explainer about confusing English homophones，could be a cartoon concept card or an ESL word-pair infographic，重点未定 pls。,mixed,high,challenge,mixed_language_noisy,,vir-v2-boundary-template-education-card-template-english-grammar-wordlist-infographic,"[""boundary_case"",""ambiguous_intent"",""code_switch""]","{""subject_event"":""general educational topic | English confusing word relationships"",""information_type"":""accessible explanation and key facts | definition and distinction"",""style_layout"":""modular 3:4 knowledge card infographic | boxed educational word-list infographic""}",ambiguous,"[""template-education-card"",""template-english-grammar-wordlist-infographic""]","[[""template-education-card""],[""template-english-grammar-wordlist-infographic""]]",needs_review,[],,,
vir-v2-challenge-amb-004,想做同时包含空间配色和阅读仪式的治愈阅读角灵感，可以偏室内设计情绪板，也可以按水彩生活方式指南来呈现，重点还没定。,zh,high,challenge,boundary,,vir-v2-boundary-template-interior-design-mood-board-generator-template-lifestyle-watercolor-infographic,"[""boundary_case"",""ambiguous_intent"",""conflicting_modifier""]","{""subject_event"":""interior space design | cozy everyday lifestyle"",""information_type"":""style and material inspiration | tips, habits, or aesthetic inspiration"",""style_layout"":""interior mood board | warm watercolor infographic poster""}",ambiguous,"[""template-interior-design-mood-board-generator"",""template-lifestyle-watercolor-infographic""]","[[""template-interior-design-mood-board-generator""],[""template-lifestyle-watercolor-infographic""]]",needs_review,[],,,
vir-v2-challenge-amb-005,Make an aromatherapy corner visual featuring both the room palette and diffuser benefits; either a room palette and material board or a feature-led launch visual could fit because the emphasis is not settled.,en,high,challenge,boundary,,vir-v2-boundary-template-interior-design-mood-board-generator-template-product-poster,"[""boundary_case"",""ambiguous_intent"",""conflicting_modifier""]","{""subject_event"":""interior space design | small home or lifestyle product"",""information_type"":""style and material inspiration | promotion and feature highlighting"",""style_layout"":""interior mood board | warm single-product advertising poster""}",ambiguous,"[""template-interior-design-mood-board-generator"",""template-product-poster""]","[[""template-interior-design-mood-board-generator""],[""template-product-poster""]]",needs_review,[],,,
vir-v2-challenge-amb-006,兼顾软装材质和银杏科普的植物主题卧室视觉 / a ginkgo-themed bedroom visual with decor materials and botanical facts，could be a decor concept sheet or a species science infographic，重点未定 pls。,mixed,high,challenge,mixed_language_noisy,,vir-v2-boundary-template-interior-design-mood-board-generator-template-species-science,"[""boundary_case"",""ambiguous_intent"",""code_switch""]","{""subject_event"":""interior space design | single plant or animal species"",""information_type"":""style and material inspiration | scientific facts, anatomy, habitat, and conservation"",""style_layout"":""interior mood board | central-species modular science infographic""}",ambiguous,"[""template-interior-design-mood-board-generator"",""template-species-science""]","[[""template-interior-design-mood-board-generator""],[""template-species-science""]]",needs_review,[],,,
vir-v2-challenge-amb-007,想做面向儿童、包含关键知识和物种细节的银杏科普卡，可以偏知识科普卡，也可以按物种科普信息图来呈现，重点还没定。,zh,high,challenge,conflicting_style_information,,vir-v2-boundary-template-education-card-template-species-science,"[""boundary_case"",""ambiguous_intent"",""conflicting_modifier""]","{""subject_event"":""general educational topic | single plant or animal species"",""information_type"":""accessible explanation and key facts | scientific facts, anatomy, habitat, and conservation"",""style_layout"":""modular 3:4 knowledge card infographic | central-species modular science infographic""}",ambiguous,"[""template-education-card"",""template-species-science""]","[[""template-education-card""],[""template-species-science""]]",needs_review,[],,,
vir-v2-challenge-amb-008,Make a Marvel cast grid that groups heroes by personality; either a nine-character cast grid or a personality mapping grid could fit because the emphasis is not settled.,en,high,challenge,conflicting_style_information,,vir-v2-boundary-template-fandom-character-grid-poster-template-mbti-generic,"[""boundary_case"",""ambiguous_intent"",""conflicting_modifier""]","{""subject_event"":""fandom or themed character ensemble | MBTI types or MBTI-mapped character set"",""information_type"":""character collection and showcase | personality classification and behavior comparison"",""style_layout"":""vertical cinematic character grid poster | labeled cartoon multi-character chart""}",ambiguous,"[""template-fandom-character-grid-poster"",""template-mbti-generic""]","[[""template-fandom-character-grid-poster""],[""template-mbti-generic""]]",needs_review,[],,,
vir-v2-challenge-amb-009,展示传奇武士及其人生信条的历史人物海报 / a historical-character poster about legendary samurai and their guiding principles，could be a cinematic ensemble poster or a famous-figure principles infographic，重点未定 pls。,mixed,high,challenge,mixed_language_noisy,,vir-v2-boundary-template-fandom-character-grid-poster-template-figure-principles-infographic,"[""boundary_case"",""ambiguous_intent"",""code_switch""]","{""subject_event"":""fandom or themed character ensemble | single famous or historical person"",""information_type"":""character collection and showcase | life principles, habits, and lessons"",""style_layout"":""vertical cinematic character grid poster | portrait-led educational principles infographic""}",ambiguous,"[""template-fandom-character-grid-poster"",""template-figure-principles-infographic""]","[[""template-fandom-character-grid-poster""],[""template-figure-principles-infographic""]]",needs_review,[],,,
vir-v2-challenge-amb-010,想做围绕电热水壶和使用益处展开的治愈饮茶视觉，可以偏水彩生活方式指南，也可以按温馨产品海报来呈现，重点还没定。,zh,high,challenge,ambiguous,,vir-v2-boundary-template-lifestyle-watercolor-infographic-template-product-poster,"[""boundary_case"",""ambiguous_intent"",""conflicting_modifier""]","{""subject_event"":""cozy everyday lifestyle | small home or lifestyle product"",""information_type"":""tips, habits, or aesthetic inspiration | promotion and feature highlighting"",""style_layout"":""warm watercolor infographic poster | warm single-product advertising poster""}",ambiguous,"[""template-lifestyle-watercolor-infographic"",""template-product-poster""]","[[""template-lifestyle-watercolor-infographic""],[""template-product-poster""]]",needs_review,[],,,
vir-v2-challenge-amb-011,Make a watercolor ginkgo visual mixing botanical facts with calm nature habits; either a self-care infographic or a scientific species poster could fit because the emphasis is not settled.,en,high,challenge,ambiguous,,vir-v2-boundary-template-lifestyle-watercolor-infographic-template-species-science,"[""boundary_case"",""ambiguous_intent"",""conflicting_modifier""]","{""subject_event"":""cozy everyday lifestyle | single plant or animal species"",""information_type"":""tips, habits, or aesthetic inspiration | scientific facts, anatomy, habitat, and conservation"",""style_layout"":""warm watercolor infographic poster | central-species modular science infographic""}",ambiguous,"[""template-lifestyle-watercolor-infographic"",""template-species-science""]","[[""template-lifestyle-watercolor-infographic""],[""template-species-science""]]",needs_review,[],,,
vir-v2-challenge-amb-012,给陕西旅行者看的剪纸文化视觉指南 / a visual guide to paper-cutting culture made for travelers visiting Shaanxi，could be an A3 heritage process poster or a hand-drawn travel itinerary map，重点未定 pls。,mixed,high,challenge,mixed_language_noisy,,vir-v2-boundary-template-intangible-heritage-template-travel,"[""boundary_case"",""ambiguous_intent"",""code_switch""]","{""subject_event"":""traditional heritage craft | destination trip"",""information_type"":""history, process, meaning, and preservation | itinerary and route planning"",""style_layout"":""dense A3 heritage information board | cute hand-drawn map with daily blocks""}",ambiguous,"[""template-intangible-heritage"",""template-travel""]","[[""template-intangible-heritage""],[""template-travel""]]",needs_review,[],,,
vir-v2-challenge-amb-013,想做面向儿童讲解剪纸历史与工序的知识卡，可以偏知识科普卡，也可以按非遗科普展板来呈现，重点还没定。,zh,high,challenge,boundary,,vir-v2-boundary-template-education-card-template-intangible-heritage,"[""boundary_case"",""ambiguous_intent"",""conflicting_modifier""]","{""subject_event"":""general educational topic | traditional heritage craft"",""information_type"":""accessible explanation and key facts | history, process, meaning, and preservation"",""style_layout"":""modular 3:4 knowledge card infographic | dense A3 heritage information board""}",ambiguous,"[""template-education-card"",""template-intangible-heritage""]","[[""template-education-card""],[""template-intangible-heritage""]]",needs_review,[],,,
vir-v2-challenge-amb-014,Make a portable-blender smoothie visual showing product benefits and recipe steps; either a lifestyle product advertisement or an ingredients-and-steps card could fit because the emphasis is not settled.,en,high,challenge,boundary,,vir-v2-boundary-template-product-poster-template-recipe,"[""boundary_case"",""ambiguous_intent"",""conflicting_modifier""]","{""subject_event"":""small home or lifestyle product | named dish"",""information_type"":""promotion and feature highlighting | ingredients and cooking instructions"",""style_layout"":""warm single-product advertising poster | food-photography recipe poster""}",ambiguous,"[""template-product-poster"",""template-recipe""]","[[""template-product-poster""],[""template-recipe""]]",needs_review,[],,,
vir-v2-challenge-amb-015,含双语食材名称和制作步骤的古巴三明治视觉 / a bilingual Cuban-sandwich visual with ingredient names and preparation steps，could be an ingredients-and-steps card or a bilingual vocabulary poster，重点未定 pls。,mixed,high,challenge,mixed_language_noisy,,vir-v2-boundary-template-recipe-template-vocabulary,"[""boundary_case"",""ambiguous_intent"",""code_switch""]","{""subject_event"":""named dish | language vocabulary on a chosen topic"",""information_type"":""ingredients and cooking instructions | bilingual vocabulary learning"",""style_layout"":""food-photography recipe poster | illustrated card grid or visual guide""}",ambiguous,"[""template-recipe"",""template-vocabulary""]","[[""template-recipe""],[""template-vocabulary""]]",needs_review,[],,,
vir-v2-challenge-amb-016,想做可侧重行为对比或关系适配的 INFJ 与 ENTP 人格图，可以偏MBTI 十六型角色图，也可以按MBTI 兼容性图表来呈现，重点还没定。,zh,high,challenge,conflicting_style_information,,vir-v2-boundary-template-mbti-generic-template-mbti-personality-compatibility-infographic,"[""boundary_case"",""ambiguous_intent"",""conflicting_modifier""]","{""subject_event"":""MBTI types or MBTI-mapped character set | pair of MBTI personality types"",""information_type"":""personality classification and behavior comparison | relationship compatibility comparison"",""style_layout"":""labeled cartoon multi-character chart | cute dual-character comparison infographic""}",ambiguous,"[""template-mbti-generic"",""template-mbti-personality-compatibility-infographic""]","[[""template-mbti-generic""],[""template-mbti-personality-compatibility-infographic""]]",needs_review,[],,,
vir-v2-challenge-amb-017,Make an Einstein character chart connecting personality traits with life principles; either a life-lessons visual guide or a personality mapping grid could fit because the emphasis is not settled.,en,high,challenge,conflicting_style_information,,vir-v2-boundary-template-figure-principles-infographic-template-mbti-generic,"[""boundary_case"",""ambiguous_intent"",""conflicting_modifier""]","{""subject_event"":""single famous or historical person | MBTI types or MBTI-mapped character set"",""information_type"":""life principles, habits, and lessons | personality classification and behavior comparison"",""style_layout"":""portrait-led educational principles infographic | labeled cartoon multi-character chart""}",ambiguous,"[""template-figure-principles-infographic"",""template-mbti-generic""]","[[""template-figure-principles-infographic""],[""template-mbti-generic""]]",needs_review,[],,,
vir-v2-challenge-amb-018,用吉伊卡哇角色表现 INFJ 与 ENTP 关系的角色视觉 / INFJ and ENTP represented as Chiikawa characters in a relationship-focused cast visual，could be a cinematic ensemble poster or an MBTI compatibility chart，重点未定 pls。,mixed,high,challenge,mixed_language_noisy,,vir-v2-boundary-template-fandom-character-grid-poster-template-mbti-personality-compatibility-infographic,"[""boundary_case"",""ambiguous_intent"",""code_switch""]","{""subject_event"":""fandom or themed character ensemble | pair of MBTI personality types"",""information_type"":""character collection and showcase | relationship compatibility comparison"",""style_layout"":""vertical cinematic character grid poster | cute dual-character comparison infographic""}",ambiguous,"[""template-fandom-character-grid-poster"",""template-mbti-personality-compatibility-infographic""]","[[""template-fandom-character-grid-poster""],[""template-mbti-personality-compatibility-infographic""]]",needs_review,[],,,
vir-v2-challenge-amb-019,想做中英双语同音词学习卡，带词义对照，可以偏英语易混词信息图，也可以按双语词汇海报来呈现，重点还没定。 给青少年看，内容精简。,zh,high,challenge,ambiguous,,vir-v2-boundary-template-english-grammar-wordlist-infographic-template-vocabulary,"[""boundary_case"",""ambiguous_intent"",""conflicting_modifier""]","{""subject_event"":""English confusing word relationships | language vocabulary on a chosen topic"",""information_type"":""definition and distinction | bilingual vocabulary learning"",""style_layout"":""boxed educational word-list infographic | illustrated card grid or visual guide""}",ambiguous,"[""template-english-grammar-wordlist-infographic"",""template-vocabulary""]","[[""template-english-grammar-wordlist-infographic""],[""template-vocabulary""]]",needs_review,[],,,
vir-v2-challenge-amb-020,Make a bilingual ginkgo field guide combining names and species facts; either an illustrated field-guide card or a classroom vocabulary grid could fit because the emphasis is not settled. Keep it concise for teens.,en,high,challenge,ambiguous,,vir-v2-boundary-template-species-science-template-vocabulary,"[""boundary_case"",""ambiguous_intent"",""conflicting_modifier""]","{""subject_event"":""single plant or animal species | language vocabulary on a chosen topic"",""information_type"":""scientific facts, anatomy, habitat, and conservation | bilingual vocabulary learning"",""style_layout"":""central-species modular science infographic | illustrated card grid or visual guide""}",ambiguous,"[""template-species-science"",""template-vocabulary""]","[[""template-species-science""],[""template-vocabulary""]]",needs_review,[],,,
vir-v2-challenge-amb-021,儿童友好的英语易混同音词卡通知识图 / a kid-friendly cartoon explainer about confusing English homophones，could be a cartoon concept card or an ESL word-pair infographic，重点未定 pls。 for teens，内容简洁一点。,mixed,high,challenge,mixed_language_noisy,,vir-v2-boundary-template-education-card-template-english-grammar-wordlist-infographic,"[""boundary_case"",""ambiguous_intent"",""code_switch""]","{""subject_event"":""general educational topic | English confusing word relationships"",""information_type"":""accessible explanation and key facts | definition and distinction"",""style_layout"":""modular 3:4 knowledge card infographic | boxed educational word-list infographic""}",ambiguous,"[""template-education-card"",""template-english-grammar-wordlist-infographic""]","[[""template-education-card""],[""template-english-grammar-wordlist-infographic""]]",needs_review,[],,,
vir-v2-challenge-amb-022,想做同时包含空间配色和阅读仪式的治愈阅读角灵感，可以偏室内设计情绪板，也可以按水彩生活方式指南来呈现，重点还没定。 给青少年看，内容精简。,zh,high,challenge,boundary,,vir-v2-boundary-template-interior-design-mood-board-generator-template-lifestyle-watercolor-infographic,"[""boundary_case"",""ambiguous_intent"",""conflicting_modifier""]","{""subject_event"":""interior space design | cozy everyday lifestyle"",""information_type"":""style and material inspiration | tips, habits, or aesthetic inspiration"",""style_layout"":""interior mood board | warm watercolor infographic poster""}",ambiguous,"[""template-interior-design-mood-board-generator"",""template-lifestyle-watercolor-infographic""]","[[""template-interior-design-mood-board-generator""],[""template-lifestyle-watercolor-infographic""]]",needs_review,[],,,
vir-v2-challenge-amb-023,Make an aromatherapy corner visual featuring both the room palette and diffuser benefits; either a room palette and material board or a feature-led launch visual could fit because the emphasis is not settled. Keep it concise for teens.,en,high,challenge,boundary,,vir-v2-boundary-template-interior-design-mood-board-generator-template-product-poster,"[""boundary_case"",""ambiguous_intent"",""conflicting_modifier""]","{""subject_event"":""interior space design | small home or lifestyle product"",""information_type"":""style and material inspiration | promotion and feature highlighting"",""style_layout"":""interior mood board | warm single-product advertising poster""}",ambiguous,"[""template-interior-design-mood-board-generator"",""template-product-poster""]","[[""template-interior-design-mood-board-generator""],[""template-product-poster""]]",needs_review,[],,,
vir-v2-challenge-amb-024,兼顾软装材质和银杏科普的植物主题卧室视觉 / a ginkgo-themed bedroom visual with decor materials and botanical facts，could be a decor concept sheet or a species science infographic，重点未定 pls。 for teens，内容简洁一点。,mixed,high,challenge,mixed_language_noisy,,vir-v2-boundary-template-interior-design-mood-board-generator-template-species-science,"[""boundary_case"",""ambiguous_intent"",""code_switch""]","{""subject_event"":""interior space design | single plant or animal species"",""information_type"":""style and material inspiration | scientific facts, anatomy, habitat, and conservation"",""style_layout"":""interior mood board | central-species modular science infographic""}",ambiguous,"[""template-interior-design-mood-board-generator"",""template-species-science""]","[[""template-interior-design-mood-board-generator""],[""template-species-science""]]",needs_review,[],,,
vir-v2-challenge-amb-025,想做面向儿童、包含关键知识和物种细节的银杏科普卡，可以偏知识科普卡，也可以按物种科普信息图来呈现，重点还没定。 给青少年看，内容精简。,zh,high,challenge,conflicting_style_information,,vir-v2-boundary-template-education-card-template-species-science,"[""boundary_case"",""ambiguous_intent"",""conflicting_modifier""]","{""subject_event"":""general educational topic | single plant or animal species"",""information_type"":""accessible explanation and key facts | scientific facts, anatomy, habitat, and conservation"",""style_layout"":""modular 3:4 knowledge card infographic | central-species modular science infographic""}",ambiguous,"[""template-education-card"",""template-species-science""]","[[""template-education-card""],[""template-species-science""]]",needs_review,[],,,
vir-v2-challenge-amb-026,Make a Marvel cast grid that groups heroes by personality; either a nine-character cast grid or a personality mapping grid could fit because the emphasis is not settled. Keep it concise for teens.,en,high,challenge,conflicting_style_information,,vir-v2-boundary-template-fandom-character-grid-poster-template-mbti-generic,"[""boundary_case"",""ambiguous_intent"",""conflicting_modifier""]","{""subject_event"":""fandom or themed character ensemble | MBTI types or MBTI-mapped character set"",""information_type"":""character collection and showcase | personality classification and behavior comparison"",""style_layout"":""vertical cinematic character grid poster | labeled cartoon multi-character chart""}",ambiguous,"[""template-fandom-character-grid-poster"",""template-mbti-generic""]","[[""template-fandom-character-grid-poster""],[""template-mbti-generic""]]",needs_review,[],,,
vir-v2-challenge-amb-027,展示传奇武士及其人生信条的历史人物海报 / a historical-character poster about legendary samurai and their guiding principles，could be a cinematic ensemble poster or a famous-figure principles infographic，重点未定 pls。 for teens，内容简洁一点。,mixed,high,challenge,mixed_language_noisy,,vir-v2-boundary-template-fandom-character-grid-poster-template-figure-principles-infographic,"[""boundary_case"",""ambiguous_intent"",""code_switch""]","{""subject_event"":""fandom or themed character ensemble | single famous or historical person"",""information_type"":""character collection and showcase | life principles, habits, and lessons"",""style_layout"":""vertical cinematic character grid poster | portrait-led educational principles infographic""}",ambiguous,"[""template-fandom-character-grid-poster"",""template-figure-principles-infographic""]","[[""template-fandom-character-grid-poster""],[""template-figure-principles-infographic""]]",needs_review,[],,,
vir-v2-challenge-amb-028,想做围绕电热水壶和使用益处展开的治愈饮茶视觉，可以偏水彩生活方式指南，也可以按温馨产品海报来呈现，重点还没定。 给青少年看，内容精简。,zh,high,challenge,ambiguous,,vir-v2-boundary-template-lifestyle-watercolor-infographic-template-product-poster,"[""boundary_case"",""ambiguous_intent"",""conflicting_modifier""]","{""subject_event"":""cozy everyday lifestyle | small home or lifestyle product"",""information_type"":""tips, habits, or aesthetic inspiration | promotion and feature highlighting"",""style_layout"":""warm watercolor infographic poster | warm single-product advertising poster""}",ambiguous,"[""template-lifestyle-watercolor-infographic"",""template-product-poster""]","[[""template-lifestyle-watercolor-infographic""],[""template-product-poster""]]",needs_review,[],,,
vir-v2-challenge-amb-029,Make a watercolor ginkgo visual mixing botanical facts with calm nature habits; either a self-care infographic or a scientific species poster could fit because the emphasis is not settled. Keep it concise for teens.,en,high,challenge,ambiguous,,vir-v2-boundary-template-lifestyle-watercolor-infographic-template-species-science,"[""boundary_case"",""ambiguous_intent"",""conflicting_modifier""]","{""subject_event"":""cozy everyday lifestyle | single plant or animal species"",""information_type"":""tips, habits, or aesthetic inspiration | scientific facts, anatomy, habitat, and conservation"",""style_layout"":""warm watercolor infographic poster | central-species modular science infographic""}",ambiguous,"[""template-lifestyle-watercolor-infographic"",""template-species-science""]","[[""template-lifestyle-watercolor-infographic""],[""template-species-science""]]",needs_review,[],,,
vir-v2-challenge-amb-030,给陕西旅行者看的剪纸文化视觉指南 / a visual guide to paper-cutting culture made for travelers visiting Shaanxi，could be an A3 heritage process poster or a hand-drawn travel itinerary map，重点未定 pls。 for teens，内容简洁一点。,mixed,high,challenge,mixed_language_noisy,,vir-v2-boundary-template-intangible-heritage-template-travel,"[""boundary_case"",""ambiguous_intent"",""code_switch""]","{""subject_event"":""traditional heritage craft | destination trip"",""information_type"":""history, process, meaning, and preservation | itinerary and route planning"",""style_layout"":""dense A3 heritage information board | cute hand-drawn map with daily blocks""}",ambiguous,"[""template-intangible-heritage"",""template-travel""]","[[""template-intangible-heritage""],[""template-travel""]]",needs_review,[],,,
vir-v2-challenge-amb-031,想做面向儿童讲解剪纸历史与工序的知识卡，可以偏知识科普卡，也可以按非遗科普展板来呈现，重点还没定。 给青少年看，内容精简。,zh,high,challenge,boundary,,vir-v2-boundary-template-education-card-template-intangible-heritage,"[""boundary_case"",""ambiguous_intent"",""conflicting_modifier""]","{""subject_event"":""general educational topic | traditional heritage craft"",""information_type"":""accessible explanation and key facts | history, process, meaning, and preservation"",""style_layout"":""modular 3:4 knowledge card infographic | dense A3 heritage information board""}",ambiguous,"[""template-education-card"",""template-intangible-heritage""]","[[""template-education-card""],[""template-intangible-heritage""]]",needs_review,[],,,
vir-v2-challenge-amb-032,Make a portable-blender smoothie visual showing product benefits and recipe steps; either a lifestyle product advertisement or an ingredients-and-steps card could fit because the emphasis is not settled. Keep it concise for teens.,en,high,challenge,boundary,,vir-v2-boundary-template-product-poster-template-recipe,"[""boundary_case"",""ambiguous_intent"",""conflicting_modifier""]","{""subject_event"":""small home or lifestyle product | named dish"",""information_type"":""promotion and feature highlighting | ingredients and cooking instructions"",""style_layout"":""warm single-product advertising poster | food-photography recipe poster""}",ambiguous,"[""template-product-poster"",""template-recipe""]","[[""template-product-poster""],[""template-recipe""]]",needs_review,[],,,
vir-v2-challenge-amb-033,含双语食材名称和制作步骤的古巴三明治视觉 / a bilingual Cuban-sandwich visual with ingredient names and preparation steps，could be an ingredients-and-steps card or a bilingual vocabulary poster，重点未定 pls。 for teens，内容简洁一点。,mixed,high,challenge,mixed_language_noisy,,vir-v2-boundary-template-recipe-template-vocabulary,"[""boundary_case"",""ambiguous_intent"",""code_switch""]","{""subject_event"":""named dish | language vocabulary on a chosen topic"",""information_type"":""ingredients and cooking instructions | bilingual vocabulary learning"",""style_layout"":""food-photography recipe poster | illustrated card grid or visual guide""}",ambiguous,"[""template-recipe"",""template-vocabulary""]","[[""template-recipe""],[""template-vocabulary""]]",needs_review,[],,,
vir-v2-challenge-amb-034,想做可侧重行为对比或关系适配的 INFJ 与 ENTP 人格图，可以偏MBTI 十六型角色图，也可以按MBTI 兼容性图表来呈现，重点还没定。 给青少年看，内容精简。,zh,high,challenge,conflicting_style_information,,vir-v2-boundary-template-mbti-generic-template-mbti-personality-compatibility-infographic,"[""boundary_case"",""ambiguous_intent"",""conflicting_modifier""]","{""subject_event"":""MBTI types or MBTI-mapped character set | pair of MBTI personality types"",""information_type"":""personality classification and behavior comparison | relationship compatibility comparison"",""style_layout"":""labeled cartoon multi-character chart | cute dual-character comparison infographic""}",ambiguous,"[""template-mbti-generic"",""template-mbti-personality-compatibility-infographic""]","[[""template-mbti-generic""],[""template-mbti-personality-compatibility-infographic""]]",needs_review,[],,,
vir-v2-challenge-amb-035,Make an Einstein character chart connecting personality traits with life principles; either a life-lessons visual guide or a personality mapping grid could fit because the emphasis is not settled. Keep it concise for teens.,en,high,challenge,conflicting_style_information,,vir-v2-boundary-template-figure-principles-infographic-template-mbti-generic,"[""boundary_case"",""ambiguous_intent"",""conflicting_modifier""]","{""subject_event"":""single famous or historical person | MBTI types or MBTI-mapped character set"",""information_type"":""life principles, habits, and lessons | personality classification and behavior comparison"",""style_layout"":""portrait-led educational principles infographic | labeled cartoon multi-character chart""}",ambiguous,"[""template-figure-principles-infographic"",""template-mbti-generic""]","[[""template-figure-principles-infographic""],[""template-mbti-generic""]]",needs_review,[],,,
vir-v2-challenge-amb-036,用吉伊卡哇角色表现 INFJ 与 ENTP 关系的角色视觉 / INFJ and ENTP represented as Chiikawa characters in a relationship-focused cast visual，could be a cinematic ensemble poster or an MBTI compatibility chart，重点未定 pls。 for teens，内容简洁一点。,mixed,high,challenge,mixed_language_noisy,,vir-v2-boundary-template-fandom-character-grid-poster-template-mbti-personality-compatibility-infographic,"[""boundary_case"",""ambiguous_intent"",""code_switch""]","{""subject_event"":""fandom or themed character ensemble | pair of MBTI personality types"",""information_type"":""character collection and showcase | relationship compatibility comparison"",""style_layout"":""vertical cinematic character grid poster | cute dual-character comparison infographic""}",ambiguous,"[""template-fandom-character-grid-poster"",""template-mbti-personality-compatibility-infographic""]","[[""template-fandom-character-grid-poster""],[""template-mbti-personality-compatibility-infographic""]]",needs_review,[],,,
vir-v2-challenge-amb-037,想做中英双语同音词学习卡，带词义对照，可以偏英语易混词信息图，也可以按双语词汇海报来呈现，重点还没定。 用竖版 4:5 排版。,zh,high,challenge,ambiguous,,vir-v2-boundary-template-english-grammar-wordlist-infographic-template-vocabulary,"[""boundary_case"",""ambiguous_intent"",""conflicting_modifier""]","{""subject_event"":""English confusing word relationships | language vocabulary on a chosen topic"",""information_type"":""definition and distinction | bilingual vocabulary learning"",""style_layout"":""boxed educational word-list infographic | illustrated card grid or visual guide""}",ambiguous,"[""template-english-grammar-wordlist-infographic"",""template-vocabulary""]","[[""template-english-grammar-wordlist-infographic""],[""template-vocabulary""]]",needs_review,[],,,
vir-v2-challenge-amb-038,Make a bilingual ginkgo field guide combining names and species facts; either an illustrated field-guide card or a classroom vocabulary grid could fit because the emphasis is not settled. Use a vertical 4:5 layout.,en,high,challenge,ambiguous,,vir-v2-boundary-template-species-science-template-vocabulary,"[""boundary_case"",""ambiguous_intent"",""conflicting_modifier""]","{""subject_event"":""single plant or animal species | language vocabulary on a chosen topic"",""information_type"":""scientific facts, anatomy, habitat, and conservation | bilingual vocabulary learning"",""style_layout"":""central-species modular science infographic | illustrated card grid or visual guide""}",ambiguous,"[""template-species-science"",""template-vocabulary""]","[[""template-species-science""],[""template-vocabulary""]]",needs_review,[],,,
vir-v2-challenge-amb-039,儿童友好的英语易混同音词卡通知识图 / a kid-friendly cartoon explainer about confusing English homophones，could be a cartoon concept card or an ESL word-pair infographic，重点未定 pls。 用 vertical 4:5 layout。,mixed,high,challenge,mixed_language_noisy,,vir-v2-boundary-template-education-card-template-english-grammar-wordlist-infographic,"[""boundary_case"",""ambiguous_intent"",""code_switch""]","{""subject_event"":""general educational topic | English confusing word relationships"",""information_type"":""accessible explanation and key facts | definition and distinction"",""style_layout"":""modular 3:4 knowledge card infographic | boxed educational word-list infographic""}",ambiguous,"[""template-education-card"",""template-english-grammar-wordlist-infographic""]","[[""template-education-card""],[""template-english-grammar-wordlist-infographic""]]",needs_review,[],,,
vir-v2-challenge-amb-040,想做同时包含空间配色和阅读仪式的治愈阅读角灵感，可以偏室内设计情绪板，也可以按水彩生活方式指南来呈现，重点还没定。 用竖版 4:5 排版。,zh,high,challenge,boundary,,vir-v2-boundary-template-interior-design-mood-board-generator-template-lifestyle-watercolor-infographic,"[""boundary_case"",""ambiguous_intent"",""conflicting_modifier""]","{""subject_event"":""interior space design | cozy everyday lifestyle"",""information_type"":""style and material inspiration | tips, habits, or aesthetic inspiration"",""style_layout"":""interior mood board | warm watercolor infographic poster""}",ambiguous,"[""template-interior-design-mood-board-generator"",""template-lifestyle-watercolor-infographic""]","[[""template-interior-design-mood-board-generator""],[""template-lifestyle-watercolor-infographic""]]",needs_review,[],,,
vir-v2-challenge-amb-041,Make an aromatherapy corner visual featuring both the room palette and diffuser benefits; either a room palette and material board or a feature-led launch visual could fit because the emphasis is not settled. Use a vertical 4:5 layout.,en,high,challenge,boundary,,vir-v2-boundary-template-interior-design-mood-board-generator-template-product-poster,"[""boundary_case"",""ambiguous_intent"",""conflicting_modifier""]","{""subject_event"":""interior space design | small home or lifestyle product"",""information_type"":""style and material inspiration | promotion and feature highlighting"",""style_layout"":""interior mood board | warm single-product advertising poster""}",ambiguous,"[""template-interior-design-mood-board-generator"",""template-product-poster""]","[[""template-interior-design-mood-board-generator""],[""template-product-poster""]]",needs_review,[],,,
vir-v2-challenge-amb-042,兼顾软装材质和银杏科普的植物主题卧室视觉 / a ginkgo-themed bedroom visual with decor materials and botanical facts，could be a decor concept sheet or a species science infographic，重点未定 pls。 用 vertical 4:5 layout。,mixed,high,challenge,mixed_language_noisy,,vir-v2-boundary-template-interior-design-mood-board-generator-template-species-science,"[""boundary_case"",""ambiguous_intent"",""code_switch""]","{""subject_event"":""interior space design | single plant or animal species"",""information_type"":""style and material inspiration | scientific facts, anatomy, habitat, and conservation"",""style_layout"":""interior mood board | central-species modular science infographic""}",ambiguous,"[""template-interior-design-mood-board-generator"",""template-species-science""]","[[""template-interior-design-mood-board-generator""],[""template-species-science""]]",needs_review,[],,,
vir-v2-challenge-amb-043,想做面向儿童、包含关键知识和物种细节的银杏科普卡，可以偏知识科普卡，也可以按物种科普信息图来呈现，重点还没定。 用竖版 4:5 排版。,zh,high,challenge,conflicting_style_information,,vir-v2-boundary-template-education-card-template-species-science,"[""boundary_case"",""ambiguous_intent"",""conflicting_modifier""]","{""subject_event"":""general educational topic | single plant or animal species"",""information_type"":""accessible explanation and key facts | scientific facts, anatomy, habitat, and conservation"",""style_layout"":""modular 3:4 knowledge card infographic | central-species modular science infographic""}",ambiguous,"[""template-education-card"",""template-species-science""]","[[""template-education-card""],[""template-species-science""]]",needs_review,[],,,
vir-v2-challenge-amb-044,Make a Marvel cast grid that groups heroes by personality; either a nine-character cast grid or a personality mapping grid could fit because the emphasis is not settled. Use a vertical 4:5 layout.,en,high,challenge,conflicting_style_information,,vir-v2-boundary-template-fandom-character-grid-poster-template-mbti-generic,"[""boundary_case"",""ambiguous_intent"",""conflicting_modifier""]","{""subject_event"":""fandom or themed character ensemble | MBTI types or MBTI-mapped character set"",""information_type"":""character collection and showcase | personality classification and behavior comparison"",""style_layout"":""vertical cinematic character grid poster | labeled cartoon multi-character chart""}",ambiguous,"[""template-fandom-character-grid-poster"",""template-mbti-generic""]","[[""template-fandom-character-grid-poster""],[""template-mbti-generic""]]",needs_review,[],,,
vir-v2-challenge-amb-045,展示传奇武士及其人生信条的历史人物海报 / a historical-character poster about legendary samurai and their guiding principles，could be a cinematic ensemble poster or a famous-figure principles infographic，重点未定 pls。 用 vertical 4:5 layout。,mixed,high,challenge,mixed_language_noisy,,vir-v2-boundary-template-fandom-character-grid-poster-template-figure-principles-infographic,"[""boundary_case"",""ambiguous_intent"",""code_switch""]","{""subject_event"":""fandom or themed character ensemble | single famous or historical person"",""information_type"":""character collection and showcase | life principles, habits, and lessons"",""style_layout"":""vertical cinematic character grid poster | portrait-led educational principles infographic""}",ambiguous,"[""template-fandom-character-grid-poster"",""template-figure-principles-infographic""]","[[""template-fandom-character-grid-poster""],[""template-figure-principles-infographic""]]",needs_review,[],,,
vir-v2-challenge-amb-046,想做围绕电热水壶和使用益处展开的治愈饮茶视觉，可以偏水彩生活方式指南，也可以按温馨产品海报来呈现，重点还没定。 用竖版 4:5 排版。,zh,high,challenge,ambiguous,,vir-v2-boundary-template-lifestyle-watercolor-infographic-template-product-poster,"[""boundary_case"",""ambiguous_intent"",""conflicting_modifier""]","{""subject_event"":""cozy everyday lifestyle | small home or lifestyle product"",""information_type"":""tips, habits, or aesthetic inspiration | promotion and feature highlighting"",""style_layout"":""warm watercolor infographic poster | warm single-product advertising poster""}",ambiguous,"[""template-lifestyle-watercolor-infographic"",""template-product-poster""]","[[""template-lifestyle-watercolor-infographic""],[""template-product-poster""]]",needs_review,[],,,
vir-v2-challenge-amb-047,Make a watercolor ginkgo visual mixing botanical facts with calm nature habits; either a self-care infographic or a scientific species poster could fit because the emphasis is not settled. Use a vertical 4:5 layout.,en,high,challenge,ambiguous,,vir-v2-boundary-template-lifestyle-watercolor-infographic-template-species-science,"[""boundary_case"",""ambiguous_intent"",""conflicting_modifier""]","{""subject_event"":""cozy everyday lifestyle | single plant or animal species"",""information_type"":""tips, habits, or aesthetic inspiration | scientific facts, anatomy, habitat, and conservation"",""style_layout"":""warm watercolor infographic poster | central-species modular science infographic""}",ambiguous,"[""template-lifestyle-watercolor-infographic"",""template-species-science""]","[[""template-lifestyle-watercolor-infographic""],[""template-species-science""]]",needs_review,[],,,
vir-v2-challenge-amb-048,给陕西旅行者看的剪纸文化视觉指南 / a visual guide to paper-cutting culture made for travelers visiting Shaanxi，could be an A3 heritage process poster or a hand-drawn travel itinerary map，重点未定 pls。 用 vertical 4:5 layout。,mixed,high,challenge,mixed_language_noisy,,vir-v2-boundary-template-intangible-heritage-template-travel,"[""boundary_case"",""ambiguous_intent"",""code_switch""]","{""subject_event"":""traditional heritage craft | destination trip"",""information_type"":""history, process, meaning, and preservation | itinerary and route planning"",""style_layout"":""dense A3 heritage information board | cute hand-drawn map with daily blocks""}",ambiguous,"[""template-intangible-heritage"",""template-travel""]","[[""template-intangible-heritage""],[""template-travel""]]",needs_review,[],,,
vir-v2-challenge-amb-049,想做面向儿童讲解剪纸历史与工序的知识卡，可以偏知识科普卡，也可以按非遗科普展板来呈现，重点还没定。 用竖版 4:5 排版。,zh,high,challenge,boundary,,vir-v2-boundary-template-education-card-template-intangible-heritage,"[""boundary_case"",""ambiguous_intent"",""conflicting_modifier""]","{""subject_event"":""general educational topic | traditional heritage craft"",""information_type"":""accessible explanation and key facts | history, process, meaning, and preservation"",""style_layout"":""modular 3:4 knowledge card infographic | dense A3 heritage information board""}",ambiguous,"[""template-education-card"",""template-intangible-heritage""]","[[""template-education-card""],[""template-intangible-heritage""]]",needs_review,[],,,
vir-v2-challenge-amb-050,Make a portable-blender smoothie visual showing product benefits and recipe steps; either a lifestyle product advertisement or an ingredients-and-steps card could fit because the emphasis is not settled. Use a vertical 4:5 layout.,en,high,challenge,boundary,,vir-v2-boundary-template-product-poster-template-recipe,"[""boundary_case"",""ambiguous_intent"",""conflicting_modifier""]","{""subject_event"":""small home or lifestyle product | named dish"",""information_type"":""promotion and feature highlighting | ingredients and cooking instructions"",""style_layout"":""warm single-product advertising poster | food-photography recipe poster""}",ambiguous,"[""template-product-poster"",""template-recipe""]","[[""template-product-poster""],[""template-recipe""]]",needs_review,[],,,
vir-v2-challenge-amb-051,含双语食材名称和制作步骤的古巴三明治视觉 / a bilingual Cuban-sandwich visual with ingredient names and preparation steps，could be an ingredients-and-steps card or a bilingual vocabulary poster，重点未定 pls。 用 vertical 4:5 layout。,mixed,high,challenge,mixed_language_noisy,,vir-v2-boundary-template-recipe-template-vocabulary,"[""boundary_case"",""ambiguous_intent"",""code_switch""]","{""subject_event"":""named dish | language vocabulary on a chosen topic"",""information_type"":""ingredients and cooking instructions | bilingual vocabulary learning"",""style_layout"":""food-photography recipe poster | illustrated card grid or visual guide""}",ambiguous,"[""template-recipe"",""template-vocabulary""]","[[""template-recipe""],[""template-vocabulary""]]",needs_review,[],,,
vir-v2-challenge-amb-052,想做可侧重行为对比或关系适配的 INFJ 与 ENTP 人格图，可以偏MBTI 十六型角色图，也可以按MBTI 兼容性图表来呈现，重点还没定。 用竖版 4:5 排版。,zh,high,challenge,conflicting_style_information,,vir-v2-boundary-template-mbti-generic-template-mbti-personality-compatibility-infographic,"[""boundary_case"",""ambiguous_intent"",""conflicting_modifier""]","{""subject_event"":""MBTI types or MBTI-mapped character set | pair of MBTI personality types"",""information_type"":""personality classification and behavior comparison | relationship compatibility comparison"",""style_layout"":""labeled cartoon multi-character chart | cute dual-character comparison infographic""}",ambiguous,"[""template-mbti-generic"",""template-mbti-personality-compatibility-infographic""]","[[""template-mbti-generic""],[""template-mbti-personality-compatibility-infographic""]]",needs_review,[],,,
vir-v2-challenge-amb-053,Make an Einstein character chart connecting personality traits with life principles; either a life-lessons visual guide or a personality mapping grid could fit because the emphasis is not settled. Use a vertical 4:5 layout.,en,high,challenge,conflicting_style_information,,vir-v2-boundary-template-figure-principles-infographic-template-mbti-generic,"[""boundary_case"",""ambiguous_intent"",""conflicting_modifier""]","{""subject_event"":""single famous or historical person | MBTI types or MBTI-mapped character set"",""information_type"":""life principles, habits, and lessons | personality classification and behavior comparison"",""style_layout"":""portrait-led educational principles infographic | labeled cartoon multi-character chart""}",ambiguous,"[""template-figure-principles-infographic"",""template-mbti-generic""]","[[""template-figure-principles-infographic""],[""template-mbti-generic""]]",needs_review,[],,,
vir-v2-challenge-amb-054,用吉伊卡哇角色表现 INFJ 与 ENTP 关系的角色视觉 / INFJ and ENTP represented as Chiikawa characters in a relationship-focused cast visual，could be a cinematic ensemble poster or an MBTI compatibility chart，重点未定 pls。 用 vertical 4:5 layout。,mixed,high,challenge,mixed_language_noisy,,vir-v2-boundary-template-fandom-character-grid-poster-template-mbti-personality-compatibility-infographic,"[""boundary_case"",""ambiguous_intent"",""code_switch""]","{""subject_event"":""fandom or themed character ensemble | pair of MBTI personality types"",""information_type"":""character collection and showcase | relationship compatibility comparison"",""style_layout"":""vertical cinematic character grid poster | cute dual-character comparison infographic""}",ambiguous,"[""template-fandom-character-grid-poster"",""template-mbti-personality-compatibility-infographic""]","[[""template-fandom-character-grid-poster""],[""template-mbti-personality-compatibility-infographic""]]",needs_review,[],,,
vir-v2-challenge-amb-055,想做中英双语同音词学习卡，带词义对照，可以偏英语易混词信息图，也可以按双语词汇海报来呈现，重点还没定。 语气轻松但信息要靠谱。,zh,high,challenge,ambiguous,,vir-v2-boundary-template-english-grammar-wordlist-infographic-template-vocabulary,"[""boundary_case"",""ambiguous_intent"",""conflicting_modifier""]","{""subject_event"":""English confusing word relationships | language vocabulary on a chosen topic"",""information_type"":""definition and distinction | bilingual vocabulary learning"",""style_layout"":""boxed educational word-list infographic | illustrated card grid or visual guide""}",ambiguous,"[""template-english-grammar-wordlist-infographic"",""template-vocabulary""]","[[""template-english-grammar-wordlist-infographic""],[""template-vocabulary""]]",needs_review,[],,,
vir-v2-challenge-amb-056,Make a bilingual ginkgo field guide combining names and species facts; either an illustrated field-guide card or a classroom vocabulary grid could fit because the emphasis is not settled. Give it an informal but informative social-media tone.,en,high,challenge,ambiguous,,vir-v2-boundary-template-species-science-template-vocabulary,"[""boundary_case"",""ambiguous_intent"",""conflicting_modifier""]","{""subject_event"":""single plant or animal species | language vocabulary on a chosen topic"",""information_type"":""scientific facts, anatomy, habitat, and conservation | bilingual vocabulary learning"",""style_layout"":""central-species modular science infographic | illustrated card grid or visual guide""}",ambiguous,"[""template-species-science"",""template-vocabulary""]","[[""template-species-science""],[""template-vocabulary""]]",needs_review,[],,,
vir-v2-challenge-amb-057,儿童友好的英语易混同音词卡通知识图 / a kid-friendly cartoon explainer about confusing English homophones，could be a cartoon concept card or an ESL word-pair infographic，重点未定 pls。 social-friendly 但信息要靠谱。,mixed,high,challenge,mixed_language_noisy,,vir-v2-boundary-template-education-card-template-english-grammar-wordlist-infographic,"[""boundary_case"",""ambiguous_intent"",""code_switch""]","{""subject_event"":""general educational topic | English confusing word relationships"",""information_type"":""accessible explanation and key facts | definition and distinction"",""style_layout"":""modular 3:4 knowledge card infographic | boxed educational word-list infographic""}",ambiguous,"[""template-education-card"",""template-english-grammar-wordlist-infographic""]","[[""template-education-card""],[""template-english-grammar-wordlist-infographic""]]",needs_review,[],,,
vir-v2-challenge-amb-058,想做同时包含空间配色和阅读仪式的治愈阅读角灵感，可以偏室内设计情绪板，也可以按水彩生活方式指南来呈现，重点还没定。 语气轻松但信息要靠谱。,zh,high,challenge,boundary,,vir-v2-boundary-template-interior-design-mood-board-generator-template-lifestyle-watercolor-infographic,"[""boundary_case"",""ambiguous_intent"",""conflicting_modifier""]","{""subject_event"":""interior space design | cozy everyday lifestyle"",""information_type"":""style and material inspiration | tips, habits, or aesthetic inspiration"",""style_layout"":""interior mood board | warm watercolor infographic poster""}",ambiguous,"[""template-interior-design-mood-board-generator"",""template-lifestyle-watercolor-infographic""]","[[""template-interior-design-mood-board-generator""],[""template-lifestyle-watercolor-infographic""]]",needs_review,[],,,
vir-v2-challenge-amb-059,Make an aromatherapy corner visual featuring both the room palette and diffuser benefits; either a room palette and material board or a feature-led launch visual could fit because the emphasis is not settled. Give it an informal but informative social-media tone.,en,high,challenge,boundary,,vir-v2-boundary-template-interior-design-mood-board-generator-template-product-poster,"[""boundary_case"",""ambiguous_intent"",""conflicting_modifier""]","{""subject_event"":""interior space design | small home or lifestyle product"",""information_type"":""style and material inspiration | promotion and feature highlighting"",""style_layout"":""interior mood board | warm single-product advertising poster""}",ambiguous,"[""template-interior-design-mood-board-generator"",""template-product-poster""]","[[""template-interior-design-mood-board-generator""],[""template-product-poster""]]",needs_review,[],,,
vir-v2-challenge-amb-060,兼顾软装材质和银杏科普的植物主题卧室视觉 / a ginkgo-themed bedroom visual with decor materials and botanical facts，could be a decor concept sheet or a species science infographic，重点未定 pls。 social-friendly 但信息要靠谱。,mixed,high,challenge,mixed_language_noisy,,vir-v2-boundary-template-interior-design-mood-board-generator-template-species-science,"[""boundary_case"",""ambiguous_intent"",""code_switch""]","{""subject_event"":""interior space design | single plant or animal species"",""information_type"":""style and material inspiration | scientific facts, anatomy, habitat, and conservation"",""style_layout"":""interior mood board | central-species modular science infographic""}",ambiguous,"[""template-interior-design-mood-board-generator"",""template-species-science""]","[[""template-interior-design-mood-board-generator""],[""template-species-science""]]",needs_review,[],,,
vir-v2-challenge-multi-001,"Create two coordinated visuals: an ESL word-pair infographic for common homophones for beginners, and an illustrated word-card set for English-Chinese space terms.",en,medium,challenge,multi_intent,,vir-v2-multi-template-english-grammar-wordlist-infographic-template-vocabulary,"[""multi_intent"",""multi_clause"",""paired_artifacts""]","{""subject_event"":""English confusing word relationships + language vocabulary on a chosen topic"",""information_type"":""definition and distinction + bilingual vocabulary learning"",""style_layout"":""boxed educational word-list infographic + illustrated card grid or visual guide""}",multi,"[""template-english-grammar-wordlist-infographic"",""template-vocabulary""]",[],needs_review,[],,,
vir-v2-challenge-multi-002,做 two coordinated visuals：a room palette and material board for warm minimalist bedroom，再做 a scientific species poster for Chinese pangolin。,mixed,high,challenge,multi_intent,,vir-v2-multi-template-interior-design-mood-board-generator-template-species-science,"[""multi_intent"",""code_switch"",""paired_artifacts""]","{""subject_event"":""interior space design + single plant or animal species"",""information_type"":""style and material inspiration + scientific facts, anatomy, habitat, and conservation"",""style_layout"":""interior mood board + central-species modular science infographic""}",multi,"[""template-interior-design-mood-board-generator"",""template-species-science""]",[],needs_review,[],,,
vir-v2-challenge-multi-003,做一套两张配套视觉：第一张是雨天自我关怀的水彩生活方式指南，第二张是桫椤的物种科普信息图。,zh,high,challenge,multi_intent,,vir-v2-multi-template-lifestyle-watercolor-infographic-template-species-science,"[""multi_intent"",""multi_clause"",""paired_artifacts""]","{""subject_event"":""cozy everyday lifestyle + single plant or animal species"",""information_type"":""tips, habits, or aesthetic inspiration + scientific facts, anatomy, habitat, and conservation"",""style_layout"":""warm watercolor infographic poster + central-species modular science infographic""}",multi,"[""template-lifestyle-watercolor-infographic"",""template-species-science""]",[],needs_review,[],,,
vir-v2-challenge-multi-004,"Create two coordinated visuals: a 16-type MBTI character chart for MBTI personalities at a party, and a two-type relationship infographic for ENFP and INFJ compatibility.",en,medium,challenge,multi_intent,,vir-v2-multi-template-mbti-generic-template-mbti-personality-compatibility-infographic,"[""multi_intent"",""multi_clause"",""paired_artifacts""]","{""subject_event"":""MBTI types or MBTI-mapped character set + pair of MBTI personality types"",""information_type"":""personality classification and behavior comparison + relationship compatibility comparison"",""style_layout"":""labeled cartoon multi-character chart + cute dual-character comparison infographic""}",multi,"[""template-mbti-generic"",""template-mbti-personality-compatibility-infographic""]",[],needs_review,[],,,
vir-v2-challenge-multi-005,先做 broken windows theory 的知识科普卡，plus a biometric passport photo of me。,mixed,high,challenge,supported_plus_unsupported,,vir-v2-multi-template-education-card-template-english-grammar-wordlist-infographic,"[""multi_intent"",""code_switch"",""supported_plus_unsupported""]","{""subject_event"":""general educational topic + identity portrait"",""information_type"":""accessible explanation and key facts + unsupported portrait creation"",""style_layout"":""modular 3:4 knowledge card infographic + official photo""}",multi,"[""template-education-card""]",[],needs_review,[],,,
vir-v2-challenge-multi-006,做一套两张配套视觉：第一张是电子游戏女主角的九宫格角色海报，第二张是漫威英雄 MBTI 十六型的MBTI 十六型角色图。,zh,high,challenge,multi_intent,,vir-v2-multi-template-fandom-character-grid-poster-template-mbti-generic,"[""multi_intent"",""multi_clause"",""paired_artifacts""]","{""subject_event"":""fandom or themed character ensemble + MBTI types or MBTI-mapped character set"",""information_type"":""character collection and showcase + personality classification and behavior comparison"",""style_layout"":""vertical cinematic character grid poster + labeled cartoon multi-character chart""}",multi,"[""template-fandom-character-grid-poster"",""template-mbti-generic""]",[],needs_review,[],,,
vir-v2-challenge-multi-007,"Create two coordinated visuals: a popular-science knowledge card for muscle growth basics, and a traditional craft infographic for cloisonne enamel craft.",en,medium,challenge,multi_intent,,vir-v2-multi-template-education-card-template-intangible-heritage,"[""multi_intent"",""multi_clause"",""paired_artifacts""]","{""subject_event"":""general educational topic + traditional heritage craft"",""information_type"":""accessible explanation and key facts + history, process, meaning, and preservation"",""style_layout"":""modular 3:4 knowledge card infographic + dense A3 heritage information board""}",multi,"[""template-education-card"",""template-intangible-heritage""]",[],needs_review,[],,,
vir-v2-challenge-multi-008,做 two coordinated visuals：a nine-character cast grid for iconic TV detectives，再做 a personality pairing comparison for ISTP and ESFJ compatibility。,mixed,high,challenge,multi_intent,,vir-v2-multi-template-fandom-character-grid-poster-template-mbti-personality-compatibility-infographic,"[""multi_intent"",""code_switch"",""paired_artifacts""]","{""subject_event"":""fandom or themed character ensemble + pair of MBTI personality types"",""information_type"":""character collection and showcase + relationship compatibility comparison"",""style_layout"":""vertical cinematic character grid poster + cute dual-character comparison infographic""}",multi,"[""template-fandom-character-grid-poster"",""template-mbti-personality-compatibility-infographic""]",[],needs_review,[],,,
vir-v2-challenge-multi-009,做一套两张配套视觉：第一张是中古风阅读角的室内设计情绪板，第二张是暖光台灯的温馨产品海报。,zh,high,challenge,multi_intent,,vir-v2-multi-template-interior-design-mood-board-generator-template-product-poster,"[""multi_intent"",""multi_clause"",""paired_artifacts""]","{""subject_event"":""interior space design + small home or lifestyle product"",""information_type"":""style and material inspiration + promotion and feature highlighting"",""style_layout"":""interior mood board + warm single-product advertising poster""}",multi,"[""template-interior-design-mood-board-generator"",""template-product-poster""]",[],needs_review,[],,,
vir-v2-challenge-multi-010,"Create a cozy watercolor lifestyle guide for calm desk break routine, plus a biometric passport photo of me.",en,medium,challenge,supported_plus_unsupported,,vir-v2-multi-template-lifestyle-watercolor-infographic-template-product-poster,"[""multi_intent"",""multi_clause"",""supported_plus_unsupported""]","{""subject_event"":""cozy everyday lifestyle + identity portrait"",""information_type"":""tips, habits, or aesthetic inspiration + unsupported portrait creation"",""style_layout"":""warm watercolor infographic poster + official photo""}",multi,"[""template-lifestyle-watercolor-infographic""]",[],needs_review,[],,,
vir-v2-challenge-multi-011,做 two coordinated visuals：a cookbook-style visual guide for Cuban sandwich，再做 a classroom vocabulary grid for English-Chinese space terms。,mixed,high,challenge,multi_intent,,vir-v2-multi-template-recipe-template-vocabulary,"[""multi_intent"",""code_switch"",""paired_artifacts""]","{""subject_event"":""named dish + language vocabulary on a chosen topic"",""information_type"":""ingredients and cooking instructions + bilingual vocabulary learning"",""style_layout"":""food-photography recipe poster + illustrated card grid or visual guide""}",multi,"[""template-recipe"",""template-vocabulary""]",[],needs_review,[],,,
vir-v2-challenge-multi-012,做一套两张配套视觉：第一张是玳瑁的物种科普信息图，第二张是英西身体部位词汇的双语词汇海报。,zh,high,challenge,multi_intent,,vir-v2-multi-template-species-science-template-vocabulary,"[""multi_intent"",""multi_clause"",""paired_artifacts""]","{""subject_event"":""single plant or animal species + language vocabulary on a chosen topic"",""information_type"":""scientific facts, anatomy, habitat, and conservation + bilingual vocabulary learning"",""style_layout"":""central-species modular science infographic + illustrated card grid or visual guide""}",multi,"[""template-species-science"",""template-vocabulary""]",[],needs_review,[],,,
vir-v2-challenge-multi-013,"Create two coordinated visuals: a popular-science knowledge card for plate tectonics for children, and an illustrated field-guide card for tree fern.",en,medium,challenge,multi_intent,,vir-v2-multi-template-education-card-template-species-science,"[""multi_intent"",""multi_clause"",""paired_artifacts""]","{""subject_event"":""general educational topic + single plant or animal species"",""information_type"":""accessible explanation and key facts + scientific facts, anatomy, habitat, and conservation"",""style_layout"":""modular 3:4 knowledge card infographic + central-species modular science infographic""}",multi,"[""template-education-card"",""template-species-science""]",[],needs_review,[],,,
vir-v2-challenge-multi-014,做 two coordinated visuals：a traditional craft infographic for fish lantern making，再做 a day-by-day destination guide for desert route in Morocco。,mixed,high,challenge,multi_intent,,vir-v2-multi-template-intangible-heritage-template-travel,"[""multi_intent"",""code_switch"",""paired_artifacts""]","{""subject_event"":""traditional heritage craft + destination trip"",""information_type"":""history, process, meaning, and preservation + itinerary and route planning"",""style_layout"":""dense A3 heritage information board + cute hand-drawn map with daily blocks""}",multi,"[""template-intangible-heritage"",""template-travel""]",[],needs_review,[],,,
vir-v2-challenge-multi-015,先做孙子的战略智慧的名人原则信息图，再配一张符合护照标准的本人证件照。,zh,high,challenge,supported_plus_unsupported,,vir-v2-multi-template-figure-principles-infographic-template-mbti-generic,"[""multi_intent"",""multi_clause"",""supported_plus_unsupported""]","{""subject_event"":""single famous or historical person + identity portrait"",""information_type"":""life principles, habits, and lessons + unsupported portrait creation"",""style_layout"":""portrait-led educational principles infographic + official photo""}",multi,"[""template-figure-principles-infographic""]",[],needs_review,[],,,
vir-v2-challenge-multi-016,"Create two coordinated visuals: an interior mood board for industrial dining bar, and a self-care infographic for cozy reading rituals.",en,medium,challenge,multi_intent,,vir-v2-multi-template-interior-design-mood-board-generator-template-lifestyle-watercolor-infographic,"[""multi_intent"",""multi_clause"",""paired_artifacts""]","{""subject_event"":""interior space design + cozy everyday lifestyle"",""information_type"":""style and material inspiration + tips, habits, or aesthetic inspiration"",""style_layout"":""interior mood board + warm watercolor infographic poster""}",multi,"[""template-interior-design-mood-board-generator"",""template-lifestyle-watercolor-infographic""]",[],needs_review,[],,,
vir-v2-challenge-multi-017,做 two coordinated visuals：a nine-character cast grid for Sengoku warlords，再做 a portrait-led habits poster for Marie Curie's work habits。,mixed,high,challenge,multi_intent,,vir-v2-multi-template-fandom-character-grid-poster-template-figure-principles-infographic,"[""multi_intent"",""code_switch"",""paired_artifacts""]","{""subject_event"":""fandom or themed character ensemble + single famous or historical person"",""information_type"":""character collection and showcase + life principles, habits, and lessons"",""style_layout"":""vertical cinematic character grid poster + portrait-led educational principles infographic""}",multi,"[""template-fandom-character-grid-poster"",""template-figure-principles-infographic""]",[],needs_review,[],,,
vir-v2-challenge-multi-018,做一套两张配套视觉：第一张是空气净化器的温馨产品海报，第二张是宫保鸡丁的食谱海报。,zh,high,challenge,multi_intent,,vir-v2-multi-template-product-poster-template-recipe,"[""multi_intent"",""multi_clause"",""paired_artifacts""]","{""subject_event"":""small home or lifestyle product + named dish"",""information_type"":""promotion and feature highlighting + ingredients and cooking instructions"",""style_layout"":""warm single-product advertising poster + food-photography recipe poster""}",multi,"[""template-product-poster"",""template-recipe""]",[],needs_review,[],,,
vir-v2-challenge-multi-019,"Create two coordinated visuals: an ESL word-pair infographic for homophones with cartoon examples, and an illustrated word-card set for English-Chinese farm animals. Keep it concise for teens.",en,medium,challenge,multi_intent,,vir-v2-multi-template-english-grammar-wordlist-infographic-template-vocabulary,"[""multi_intent"",""multi_clause"",""paired_artifacts""]","{""subject_event"":""English confusing word relationships + language vocabulary on a chosen topic"",""information_type"":""definition and distinction + bilingual vocabulary learning"",""style_layout"":""boxed educational word-list infographic + illustrated card grid or visual guide""}",multi,"[""template-english-grammar-wordlist-infographic"",""template-vocabulary""]",[],needs_review,[],,,
vir-v2-challenge-multi-020,先做 pet-friendly studio apartment 的室内设计情绪板，plus a biometric passport photo of me。 for teens，内容简洁一点。,mixed,high,challenge,supported_plus_unsupported,,vir-v2-multi-template-interior-design-mood-board-generator-template-species-science,"[""multi_intent"",""code_switch"",""supported_plus_unsupported""]","{""subject_event"":""interior space design + identity portrait"",""information_type"":""style and material inspiration + unsupported portrait creation"",""style_layout"":""interior mood board + official photo""}",multi,"[""template-interior-design-mood-board-generator""]",[],needs_review,[],,,
vir-v2-challenge-multi-021,做一套两张配套视觉：第一张是治愈系阅读仪式的水彩生活方式指南，第二张是雪豹的物种科普信息图。 给青少年看，内容精简。,zh,high,challenge,multi_intent,,vir-v2-multi-template-lifestyle-watercolor-infographic-template-species-science,"[""multi_intent"",""multi_clause"",""paired_artifacts""]","{""subject_event"":""cozy everyday lifestyle + single plant or animal species"",""information_type"":""tips, habits, or aesthetic inspiration + scientific facts, anatomy, habitat, and conservation"",""style_layout"":""warm watercolor infographic poster + central-species modular science infographic""}",multi,"[""template-lifestyle-watercolor-infographic"",""template-species-science""]",[],needs_review,[],,,
vir-v2-challenge-multi-022,"Create two coordinated visuals: a 16-type MBTI character chart for Genshin characters by MBTI, and a two-type relationship infographic for ENTP and INTJ long-term match. Keep it concise for teens.",en,medium,challenge,multi_intent,,vir-v2-multi-template-mbti-generic-template-mbti-personality-compatibility-infographic,"[""multi_intent"",""multi_clause"",""paired_artifacts""]","{""subject_event"":""MBTI types or MBTI-mapped character set + pair of MBTI personality types"",""information_type"":""personality classification and behavior comparison + relationship compatibility comparison"",""style_layout"":""labeled cartoon multi-character chart + cute dual-character comparison infographic""}",multi,"[""template-mbti-generic"",""template-mbti-personality-compatibility-infographic""]",[],needs_review,[],,,
vir-v2-challenge-multi-023,做 two coordinated visuals：an educational explainer infographic for plate tectonics for children，再做 a boxed confusing-words guide for frequently confused English pairs。 for teens，内容简洁一点。,mixed,high,challenge,multi_intent,,vir-v2-multi-template-education-card-template-english-grammar-wordlist-infographic,"[""multi_intent"",""code_switch"",""paired_artifacts""]","{""subject_event"":""general educational topic + English confusing word relationships"",""information_type"":""accessible explanation and key facts + definition and distinction"",""style_layout"":""modular 3:4 knowledge card infographic + boxed educational word-list infographic""}",multi,"[""template-education-card"",""template-english-grammar-wordlist-infographic""]",[],needs_review,[],,,
vir-v2-challenge-multi-024,做一套两张配套视觉：第一张是漫画超级英雄的九宫格角色海报，第二张是不同 MBTI 如何规划旅行的MBTI 十六型角色图。 给青少年看，内容精简。,zh,high,challenge,multi_intent,,vir-v2-multi-template-fandom-character-grid-poster-template-mbti-generic,"[""multi_intent"",""multi_clause"",""paired_artifacts""]","{""subject_event"":""fandom or themed character ensemble + MBTI types or MBTI-mapped character set"",""information_type"":""character collection and showcase + personality classification and behavior comparison"",""style_layout"":""vertical cinematic character grid poster + labeled cartoon multi-character chart""}",multi,"[""template-fandom-character-grid-poster"",""template-mbti-generic""]",[],needs_review,[],,,
vir-v2-challenge-multi-025,"Create a popular-science knowledge card for broken windows theory, plus a biometric passport photo of me. Keep it concise for teens.",en,medium,challenge,supported_plus_unsupported,,vir-v2-multi-template-education-card-template-intangible-heritage,"[""multi_intent"",""multi_clause"",""supported_plus_unsupported""]","{""subject_event"":""general educational topic + identity portrait"",""information_type"":""accessible explanation and key facts + unsupported portrait creation"",""style_layout"":""modular 3:4 knowledge card infographic + official photo""}",multi,"[""template-education-card""]",[],needs_review,[],,,
vir-v2-challenge-multi-026,做 two coordinated visuals：a nine-character cast grid for video game heroines，再做 a personality pairing comparison for INFJ and ENTP dating。 for teens，内容简洁一点。,mixed,high,challenge,multi_intent,,vir-v2-multi-template-fandom-character-grid-poster-template-mbti-personality-compatibility-infographic,"[""multi_intent"",""code_switch"",""paired_artifacts""]","{""subject_event"":""fandom or themed character ensemble + pair of MBTI personality types"",""information_type"":""character collection and showcase + relationship compatibility comparison"",""style_layout"":""vertical cinematic character grid poster + cute dual-character comparison infographic""}",multi,"[""template-fandom-character-grid-poster"",""template-mbti-personality-compatibility-infographic""]",[],needs_review,[],,,
vir-v2-challenge-multi-027,做一套两张配套视觉：第一张是鼠尾草绿厨房的室内设计情绪板，第二张是陶瓷香薰蜡烛的温馨产品海报。 给青少年看，内容精简。,zh,high,challenge,multi_intent,,vir-v2-multi-template-interior-design-mood-board-generator-template-product-poster,"[""multi_intent"",""multi_clause"",""paired_artifacts""]","{""subject_event"":""interior space design + small home or lifestyle product"",""information_type"":""style and material inspiration + promotion and feature highlighting"",""style_layout"":""interior mood board + warm single-product advertising poster""}",multi,"[""template-interior-design-mood-board-generator"",""template-product-poster""]",[],needs_review,[],,,
vir-v2-challenge-multi-028,"Create two coordinated visuals: a cozy watercolor lifestyle guide for small daily mood boosters, and a lifestyle product advertisement for compact coffee maker. Keep it concise for teens.",en,medium,challenge,multi_intent,,vir-v2-multi-template-lifestyle-watercolor-infographic-template-product-poster,"[""multi_intent"",""multi_clause"",""paired_artifacts""]","{""subject_event"":""cozy everyday lifestyle + small home or lifestyle product"",""information_type"":""tips, habits, or aesthetic inspiration + promotion and feature highlighting"",""style_layout"":""warm watercolor infographic poster + warm single-product advertising poster""}",multi,"[""template-lifestyle-watercolor-infographic"",""template-product-poster""]",[],needs_review,[],,,
vir-v2-challenge-multi-029,做 two coordinated visuals：a cookbook-style visual guide for mapo tofu，再做 a classroom vocabulary grid for English-Chinese farm animals。 for teens，内容简洁一点。,mixed,high,challenge,multi_intent,,vir-v2-multi-template-recipe-template-vocabulary,"[""multi_intent"",""code_switch"",""paired_artifacts""]","{""subject_event"":""named dish + language vocabulary on a chosen topic"",""information_type"":""ingredients and cooking instructions + bilingual vocabulary learning"",""style_layout"":""food-photography recipe poster + illustrated card grid or visual guide""}",multi,"[""template-recipe"",""template-vocabulary""]",[],needs_review,[],,,
vir-v2-challenge-multi-030,先做兜兰的物种科普信息图，再配一张符合护照标准的本人证件照。 给青少年看，内容精简。,zh,high,challenge,supported_plus_unsupported,,vir-v2-multi-template-species-science-template-vocabulary,"[""multi_intent"",""multi_clause"",""supported_plus_unsupported""]","{""subject_event"":""single plant or animal species + identity portrait"",""information_type"":""scientific facts, anatomy, habitat, and conservation + unsupported portrait creation"",""style_layout"":""central-species modular science infographic + official photo""}",multi,"[""template-species-science""]",[],needs_review,[],,,
vir-v2-challenge-multi-031,"Create two coordinated visuals: a popular-science knowledge card for opportunity cost in daily life, and an illustrated field-guide card for snow leopard. Keep it concise for teens.",en,medium,challenge,multi_intent,,vir-v2-multi-template-education-card-template-species-science,"[""multi_intent"",""multi_clause"",""paired_artifacts""]","{""subject_event"":""general educational topic + single plant or animal species"",""information_type"":""accessible explanation and key facts + scientific facts, anatomy, habitat, and conservation"",""style_layout"":""modular 3:4 knowledge card infographic + central-species modular science infographic""}",multi,"[""template-education-card"",""template-species-science""]",[],needs_review,[],,,
vir-v2-challenge-multi-032,做 two coordinated visuals：a traditional craft infographic for cloisonne enamel craft，再做 a day-by-day destination guide for winter trip through Hokkaido。 for teens，内容简洁一点。,mixed,high,challenge,multi_intent,,vir-v2-multi-template-intangible-heritage-template-travel,"[""multi_intent"",""code_switch"",""paired_artifacts""]","{""subject_event"":""traditional heritage craft + destination trip"",""information_type"":""history, process, meaning, and preservation + itinerary and route planning"",""style_layout"":""dense A3 heritage information board + cute hand-drawn map with daily blocks""}",multi,"[""template-intangible-heritage"",""template-travel""]",[],needs_review,[],,,
vir-v2-challenge-multi-033,做一套两张配套视觉：第一张是达芬奇的创作启示的名人原则信息图，第二张是神话人物 MBTI 对照的MBTI 十六型角色图。 给青少年看，内容精简。,zh,high,challenge,multi_intent,,vir-v2-multi-template-figure-principles-infographic-template-mbti-generic,"[""multi_intent"",""multi_clause"",""paired_artifacts""]","{""subject_event"":""single famous or historical person + MBTI types or MBTI-mapped character set"",""information_type"":""life principles, habits, and lessons + personality classification and behavior comparison"",""style_layout"":""portrait-led educational principles infographic + labeled cartoon multi-character chart""}",multi,"[""template-figure-principles-infographic"",""template-mbti-generic""]",[],needs_review,[],,,
vir-v2-challenge-multi-034,"Create two coordinated visuals: an interior mood board for small home office, and a self-care infographic for cozy knitting afternoon. Keep it concise for teens.",en,medium,challenge,multi_intent,,vir-v2-multi-template-interior-design-mood-board-generator-template-lifestyle-watercolor-infographic,"[""multi_intent"",""multi_clause"",""paired_artifacts""]","{""subject_event"":""interior space design + cozy everyday lifestyle"",""information_type"":""style and material inspiration + tips, habits, or aesthetic inspiration"",""style_layout"":""interior mood board + warm watercolor infographic poster""}",multi,"[""template-interior-design-mood-board-generator"",""template-lifestyle-watercolor-infographic""]",[],needs_review,[],,,
vir-v2-challenge-multi-035,先做 fantasy saga villains 的九宫格角色海报，plus a biometric passport photo of me。 for teens，内容简洁一点。,mixed,high,challenge,supported_plus_unsupported,,vir-v2-multi-template-fandom-character-grid-poster-template-figure-principles-infographic,"[""multi_intent"",""code_switch"",""supported_plus_unsupported""]","{""subject_event"":""fandom or themed character ensemble + identity portrait"",""information_type"":""character collection and showcase + unsupported portrait creation"",""style_layout"":""vertical cinematic character grid poster + official photo""}",multi,"[""template-fandom-character-grid-poster""]",[],needs_review,[],,,
vir-v2-challenge-multi-036,做一套两张配套视觉：第一张是标签打印机的温馨产品海报，第二张是古巴三明治的食谱海报。 给青少年看，内容精简。,zh,high,challenge,multi_intent,,vir-v2-multi-template-product-poster-template-recipe,"[""multi_intent"",""multi_clause"",""paired_artifacts""]","{""subject_event"":""small home or lifestyle product + named dish"",""information_type"":""promotion and feature highlighting + ingredients and cooking instructions"",""style_layout"":""warm single-product advertising poster + food-photography recipe poster""}",multi,"[""template-product-poster"",""template-recipe""]",[],needs_review,[],,,
vir-v2-challenge-multi-037,"Create two coordinated visuals: an ESL word-pair infographic for twenty classroom homonym pairs, and an illustrated word-card set for English-Korean kitchen tools. Use a vertical 4:5 layout.",en,medium,challenge,multi_intent,,vir-v2-multi-template-english-grammar-wordlist-infographic-template-vocabulary,"[""multi_intent"",""multi_clause"",""paired_artifacts""]","{""subject_event"":""English confusing word relationships + language vocabulary on a chosen topic"",""information_type"":""definition and distinction + bilingual vocabulary learning"",""style_layout"":""boxed educational word-list infographic + illustrated card grid or visual guide""}",multi,"[""template-english-grammar-wordlist-infographic"",""template-vocabulary""]",[],needs_review,[],,,
vir-v2-challenge-multi-038,做 two coordinated visuals：a room palette and material board for aromatherapy spa corner，再做 a scientific species poster for golden camellia。 用 vertical 4:5 layout。,mixed,high,challenge,multi_intent,,vir-v2-multi-template-interior-design-mood-board-generator-template-species-science,"[""multi_intent"",""code_switch"",""paired_artifacts""]","{""subject_event"":""interior space design + single plant or animal species"",""information_type"":""style and material inspiration + scientific facts, anatomy, habitat, and conservation"",""style_layout"":""interior mood board + central-species modular science infographic""}",multi,"[""template-interior-design-mood-board-generator"",""template-species-science""]",[],needs_review,[],,,
vir-v2-challenge-multi-039,做一套两张配套视觉：第一张是温暖编织午后的水彩生活方式指南，第二张是丹顶鹤的物种科普信息图。 用竖版 4:5 排版。,zh,high,challenge,multi_intent,,vir-v2-multi-template-lifestyle-watercolor-infographic-template-species-science,"[""multi_intent"",""multi_clause"",""paired_artifacts""]","{""subject_event"":""cozy everyday lifestyle + single plant or animal species"",""information_type"":""tips, habits, or aesthetic inspiration + scientific facts, anatomy, habitat, and conservation"",""style_layout"":""warm watercolor infographic poster + central-species modular science infographic""}",multi,"[""template-lifestyle-watercolor-infographic"",""template-species-science""]",[],needs_review,[],,,
vir-v2-challenge-multi-040,"Create a 16-type MBTI character chart for sixteen personalities under deadline stress, plus a biometric passport photo of me. Use a vertical 4:5 layout.",en,medium,challenge,supported_plus_unsupported,,vir-v2-multi-template-mbti-generic-template-mbti-personality-compatibility-infographic,"[""multi_intent"",""multi_clause"",""supported_plus_unsupported""]","{""subject_event"":""MBTI types or MBTI-mapped character set + identity portrait"",""information_type"":""personality classification and behavior comparison + unsupported portrait creation"",""style_layout"":""labeled cartoon multi-character chart + official photo""}",multi,"[""template-mbti-generic""]",[],needs_review,[],,,
vir-v2-challenge-multi-041,做 two coordinated visuals：an educational explainer infographic for opportunity cost in daily life，再做 a boxed confusing-words guide for English words with two meanings。 用 vertical 4:5 layout。,mixed,high,challenge,multi_intent,,vir-v2-multi-template-education-card-template-english-grammar-wordlist-infographic,"[""multi_intent"",""code_switch"",""paired_artifacts""]","{""subject_event"":""general educational topic + English confusing word relationships"",""information_type"":""accessible explanation and key facts + definition and distinction"",""style_layout"":""modular 3:4 knowledge card infographic + boxed educational word-list infographic""}",multi,"[""template-education-card"",""template-english-grammar-wordlist-infographic""]",[],needs_review,[],,,
vir-v2-challenge-multi-042,做一套两张配套视觉：第一张是原神璃月角色的九宫格角色海报，第二张是办公室同事 MBTI 十六型的MBTI 十六型角色图。 用竖版 4:5 排版。,zh,high,challenge,multi_intent,,vir-v2-multi-template-fandom-character-grid-poster-template-mbti-generic,"[""multi_intent"",""multi_clause"",""paired_artifacts""]","{""subject_event"":""fandom or themed character ensemble + MBTI types or MBTI-mapped character set"",""information_type"":""character collection and showcase + personality classification and behavior comparison"",""style_layout"":""vertical cinematic character grid poster + labeled cartoon multi-character chart""}",multi,"[""template-fandom-character-grid-poster"",""template-mbti-generic""]",[],needs_review,[],,,
vir-v2-challenge-multi-043,"Create two coordinated visuals: a popular-science knowledge card for plate tectonics for children, and a traditional craft infographic for blue calico dyeing. Use a vertical 4:5 layout.",en,medium,challenge,multi_intent,,vir-v2-multi-template-education-card-template-intangible-heritage,"[""multi_intent"",""multi_clause"",""paired_artifacts""]","{""subject_event"":""general educational topic + traditional heritage craft"",""information_type"":""accessible explanation and key facts + history, process, meaning, and preservation"",""style_layout"":""modular 3:4 knowledge card infographic + dense A3 heritage information board""}",multi,"[""template-education-card"",""template-intangible-heritage""]",[],needs_review,[],,,
vir-v2-challenge-multi-044,做 two coordinated visuals：a nine-character cast grid for comic book superheroes，再做 a personality pairing comparison for ENFP and INFJ compatibility。 用 vertical 4:5 layout。,mixed,high,challenge,multi_intent,,vir-v2-multi-template-fandom-character-grid-poster-template-mbti-personality-compatibility-infographic,"[""multi_intent"",""code_switch"",""paired_artifacts""]","{""subject_event"":""fandom or themed character ensemble + pair of MBTI personality types"",""information_type"":""character collection and showcase + relationship compatibility comparison"",""style_layout"":""vertical cinematic character grid poster + cute dual-character comparison infographic""}",multi,"[""template-fandom-character-grid-poster"",""template-mbti-personality-compatibility-infographic""]",[],needs_review,[],,,
vir-v2-challenge-multi-045,先做海岸风浴室的室内设计情绪板，再配一张符合护照标准的本人证件照。 用竖版 4:5 排版。,zh,high,challenge,supported_plus_unsupported,,vir-v2-multi-template-interior-design-mood-board-generator-template-product-poster,"[""multi_intent"",""multi_clause"",""supported_plus_unsupported""]","{""subject_event"":""interior space design + identity portrait"",""information_type"":""style and material inspiration + unsupported portrait creation"",""style_layout"":""interior mood board + official photo""}",multi,"[""template-interior-design-mood-board-generator""]",[],needs_review,[],,,
vir-v2-challenge-multi-046,"Create two coordinated visuals: a cozy watercolor lifestyle guide for spring journaling habits, and a lifestyle product advertisement for aroma diffuser. Use a vertical 4:5 layout.",en,medium,challenge,multi_intent,,vir-v2-multi-template-lifestyle-watercolor-infographic-template-product-poster,"[""multi_intent"",""multi_clause"",""paired_artifacts""]","{""subject_event"":""cozy everyday lifestyle + small home or lifestyle product"",""information_type"":""tips, habits, or aesthetic inspiration + promotion and feature highlighting"",""style_layout"":""warm watercolor infographic poster + warm single-product advertising poster""}",multi,"[""template-lifestyle-watercolor-infographic"",""template-product-poster""]",[],needs_review,[],,,
vir-v2-challenge-multi-047,做 two coordinated visuals：a cookbook-style visual guide for Vietnamese spring rolls，再做 a classroom vocabulary grid for English-Korean kitchen tools。 用 vertical 4:5 layout。,mixed,high,challenge,multi_intent,,vir-v2-multi-template-recipe-template-vocabulary,"[""multi_intent"",""code_switch"",""paired_artifacts""]","{""subject_event"":""named dish + language vocabulary on a chosen topic"",""information_type"":""ingredients and cooking instructions + bilingual vocabulary learning"",""style_layout"":""food-photography recipe poster + illustrated card grid or visual guide""}",multi,"[""template-recipe"",""template-vocabulary""]",[],needs_review,[],,,
vir-v2-challenge-multi-048,做一套两张配套视觉：第一张是桫椤的物种科普信息图，第二张是英日天气词汇的双语词汇海报。 用竖版 4:5 排版。,zh,high,challenge,multi_intent,,vir-v2-multi-template-species-science-template-vocabulary,"[""multi_intent"",""multi_clause"",""paired_artifacts""]","{""subject_event"":""single plant or animal species + language vocabulary on a chosen topic"",""information_type"":""scientific facts, anatomy, habitat, and conservation + bilingual vocabulary learning"",""style_layout"":""central-species modular science infographic + illustrated card grid or visual guide""}",multi,"[""template-species-science"",""template-vocabulary""]",[],needs_review,[],,,
vir-v2-challenge-multi-049,"Create two coordinated visuals: a popular-science knowledge card for how interest rates affect us, and an illustrated field-guide card for red-crowned crane. Use a vertical 4:5 layout.",en,medium,challenge,multi_intent,,vir-v2-multi-template-education-card-template-species-science,"[""multi_intent"",""multi_clause"",""paired_artifacts""]","{""subject_event"":""general educational topic + single plant or animal species"",""information_type"":""accessible explanation and key facts + scientific facts, anatomy, habitat, and conservation"",""style_layout"":""modular 3:4 knowledge card infographic + central-species modular science infographic""}",multi,"[""template-education-card"",""template-species-science""]",[],needs_review,[],,,
vir-v2-challenge-multi-050,先做 bamboo weaving heritage 的非遗科普展板，plus a biometric passport photo of me。 用 vertical 4:5 layout。,mixed,high,challenge,supported_plus_unsupported,,vir-v2-multi-template-intangible-heritage-template-travel,"[""multi_intent"",""code_switch"",""supported_plus_unsupported""]","{""subject_event"":""traditional heritage craft + identity portrait"",""information_type"":""history, process, meaning, and preservation + unsupported portrait creation"",""style_layout"":""dense A3 heritage information board + official photo""}",multi,"[""template-intangible-heritage""]",[],needs_review,[],,,
vir-v2-challenge-multi-051,做一套两张配套视觉：第一张是爱因斯坦的人生原则的名人原则信息图，第二张是足球位置 MBTI的MBTI 十六型角色图。 用竖版 4:5 排版。,zh,high,challenge,multi_intent,,vir-v2-multi-template-figure-principles-infographic-template-mbti-generic,"[""multi_intent"",""multi_clause"",""paired_artifacts""]","{""subject_event"":""single famous or historical person + MBTI types or MBTI-mapped character set"",""information_type"":""life principles, habits, and lessons + personality classification and behavior comparison"",""style_layout"":""portrait-led educational principles infographic + labeled cartoon multi-character chart""}",multi,"[""template-figure-principles-infographic"",""template-mbti-generic""]",[],needs_review,[],,,
vir-v2-challenge-multi-052,"Create two coordinated visuals: an interior mood board for warm minimalist bedroom, and a self-care infographic for screen-free weekend ideas. Use a vertical 4:5 layout.",en,medium,challenge,multi_intent,,vir-v2-multi-template-interior-design-mood-board-generator-template-lifestyle-watercolor-infographic,"[""multi_intent"",""multi_clause"",""paired_artifacts""]","{""subject_event"":""interior space design + cozy everyday lifestyle"",""information_type"":""style and material inspiration + tips, habits, or aesthetic inspiration"",""style_layout"":""interior mood board + warm watercolor infographic poster""}",multi,"[""template-interior-design-mood-board-generator"",""template-lifestyle-watercolor-infographic""]",[],needs_review,[],,,
vir-v2-challenge-multi-053,做 two coordinated visuals：a nine-character cast grid for classic anime protagonists，再做 a portrait-led habits poster for Steve Jobs on focus and design。 用 vertical 4:5 layout。,mixed,high,challenge,multi_intent,,vir-v2-multi-template-fandom-character-grid-poster-template-figure-principles-infographic,"[""multi_intent"",""code_switch"",""paired_artifacts""]","{""subject_event"":""fandom or themed character ensemble + single famous or historical person"",""information_type"":""character collection and showcase + life principles, habits, and lessons"",""style_layout"":""vertical cinematic character grid poster + portrait-led educational principles infographic""}",multi,"[""template-fandom-character-grid-poster"",""template-figure-principles-infographic""]",[],needs_review,[],,,
vir-v2-challenge-multi-054,做一套两张配套视觉：第一张是暖光台灯的温馨产品海报，第二张是麻婆豆腐的食谱海报。 用竖版 4:5 排版。,zh,high,challenge,multi_intent,,vir-v2-multi-template-product-poster-template-recipe,"[""multi_intent"",""multi_clause"",""paired_artifacts""]","{""subject_event"":""small home or lifestyle product + named dish"",""information_type"":""promotion and feature highlighting + ingredients and cooking instructions"",""style_layout"":""warm single-product advertising poster + food-photography recipe poster""}",multi,"[""template-product-poster"",""template-recipe""]",[],needs_review,[],,,
vir-v2-challenge-multi-055,"Create an ESL word-pair infographic for tricky homophones for grade five, plus a biometric passport photo of me. Give it an informal but informative social-media tone.",en,medium,challenge,supported_plus_unsupported,,vir-v2-multi-template-english-grammar-wordlist-infographic-template-vocabulary,"[""multi_intent"",""multi_clause"",""supported_plus_unsupported""]","{""subject_event"":""English confusing word relationships + identity portrait"",""information_type"":""definition and distinction + unsupported portrait creation"",""style_layout"":""boxed educational word-list infographic + official photo""}",multi,"[""template-english-grammar-wordlist-infographic""]",[],needs_review,[],,,
vir-v2-challenge-multi-056,做 two coordinated visuals：a room palette and material board for industrial dining bar，再做 a scientific species poster for ginkgo tree。 social-friendly 但信息要靠谱。,mixed,high,challenge,multi_intent,,vir-v2-multi-template-interior-design-mood-board-generator-template-species-science,"[""multi_intent"",""code_switch"",""paired_artifacts""]","{""subject_event"":""interior space design + single plant or animal species"",""information_type"":""style and material inspiration + scientific facts, anatomy, habitat, and conservation"",""style_layout"":""interior mood board + central-species modular science infographic""}",multi,"[""template-interior-design-mood-board-generator"",""template-species-science""]",[],needs_review,[],,,
vir-v2-challenge-multi-057,做一套两张配套视觉：第一张是无屏幕周末灵感的水彩生活方式指南，第二张是玳瑁的物种科普信息图。 语气轻松但信息要靠谱。,zh,high,challenge,multi_intent,,vir-v2-multi-template-lifestyle-watercolor-infographic-template-species-science,"[""multi_intent"",""multi_clause"",""paired_artifacts""]","{""subject_event"":""cozy everyday lifestyle + single plant or animal species"",""information_type"":""tips, habits, or aesthetic inspiration + scientific facts, anatomy, habitat, and conservation"",""style_layout"":""warm watercolor infographic poster + central-species modular science infographic""}",multi,"[""template-lifestyle-watercolor-infographic"",""template-species-science""]",[],needs_review,[],,,
vir-v2-challenge-multi-058,"Create two coordinated visuals: a 16-type MBTI character chart for mythology figures mapped to MBTI, and a two-type relationship infographic for ISTP and ESFJ compatibility. Give it an informal but informative social-media tone.",en,medium,challenge,multi_intent,,vir-v2-multi-template-mbti-generic-template-mbti-personality-compatibility-infographic,"[""multi_intent"",""multi_clause"",""paired_artifacts""]","{""subject_event"":""MBTI types or MBTI-mapped character set + pair of MBTI personality types"",""information_type"":""personality classification and behavior comparison + relationship compatibility comparison"",""style_layout"":""labeled cartoon multi-character chart + cute dual-character comparison infographic""}",multi,"[""template-mbti-generic"",""template-mbti-personality-compatibility-infographic""]",[],needs_review,[],,,
vir-v2-challenge-multi-059,做 two coordinated visuals：an educational explainer infographic for how interest rates affect us，再做 a boxed confusing-words guide for sea and see sound-alike words。 social-friendly 但信息要靠谱。,mixed,high,challenge,multi_intent,,vir-v2-multi-template-education-card-template-english-grammar-wordlist-infographic,"[""multi_intent"",""code_switch"",""paired_artifacts""]","{""subject_event"":""general educational topic + English confusing word relationships"",""information_type"":""accessible explanation and key facts + definition and distinction"",""style_layout"":""modular 3:4 knowledge card infographic + boxed educational word-list infographic""}",multi,"[""template-education-card"",""template-english-grammar-wordlist-infographic""]",[],needs_review,[],,,
vir-v2-challenge-multi-060,先做传奇奇幻战士的九宫格角色海报，再配一张符合护照标准的本人证件照。 语气轻松但信息要靠谱。,zh,high,challenge,supported_plus_unsupported,,vir-v2-multi-template-fandom-character-grid-poster-template-mbti-generic,"[""multi_intent"",""multi_clause"",""supported_plus_unsupported""]","{""subject_event"":""fandom or themed character ensemble + identity portrait"",""information_type"":""character collection and showcase + unsupported portrait creation"",""style_layout"":""vertical cinematic character grid poster + official photo""}",multi,"[""template-fandom-character-grid-poster""]",[],needs_review,[],,,
